step,t,month,hour,action,action_name,delta_hours,temp,precip_mm,wet,sun_frac,humidity,wind,snow_cover_flag,feels_like,lat,lon,current_node,poi_category,poi_name,target_node,mode,distance_m,travel_time_min
0,1,3,1,1,random_activity,1,1.6037840271459058,0.0,0,0.0,83.95597018299615,2.252824558048973,0,-0.8706878910131503,46.917492,7.419788,5321849017,park,Park 1,5321849017.0,bike,1297.0814669644897,5.188325867857959
1,3,3,3,1,random_activity,2,0.07170636771108696,0.0,0,0.0,83.3375267251923,2.902760241045818,0,-3.3269901791244947,46.9780254,7.4653671,3994080156,pool,Pool 1,3994080156.0,walk,9411.153241443713,117.63941551804642
2,4,3,4,0,stay,1,1.4635519533204684,0.0,0,0.0,81.56074123636735,2.0763764143449586,0,-0.8400923018438553,46.9780254,7.4653671,3994080156,,,,,0.0,0.0
3,5,3,5,0,stay,1,2.107755514762291,0.0,0,0.0,90.35014032489998,2.530186089276791,0,-0.554313556320416,46.9780254,7.4653671,3994080156,,,,,0.0,0.0
4,6,3,6,1,random_activity,1,1.913422498035413,0.0,0,0.0,80.17301092005164,2.6927835380603966,0,-0.9359549072585496,46.9780254,7.4653671,3994080156,pool,Pool 1,3994080156.0,drive,0.0,0.0
5,7,3,7,1,random_activity,1,3.453947859474636,0.0,0,0.12399179735274568,78.9762765765821,2.634523414644156,0,0.9494708813636836,46.917492,7.419788,5321849017,park,Park 1,5321849017.0,bike,9411.153241443715,37.64461296577486
6,8,3,8,1,random_activity,1,5.212679527582242,0.0,0,0.21180300472022914,77.58809754762498,7.103903982963931,0,0.7492018470027281,46.917492,7.419788,5321849017,park,Park 1,5321849017.0,bike,0.0,0.0
7,9,3,9,1,random_activity,1,5.695009490960482,0.0,0,0.2718919952816949,69.23966984265074,1.9798861990186531,0,4.197857994421123,46.9780254,7.4653671,3994080156,pool,Pool 1,3994080156.0,drive,9201.197480281015,18.402394960562027
8,10,3,10,0,stay,1,5.236210311456295,0.0,0,0.35809768685716126,73.75262777147748,2.330202452084005,0,3.3279987073600066,46.9780254,7.4653671,3994080156,,,,,0.0,0.0
9,11,3,11,0,stay,1,6.255936629602469,0.0,0,0.4013893700060561,63.263692728886824,2.886380705005723,0,4.094498828757595,46.9780254,7.4653671,3994080156,,,,,0.0,0.0
10,12,3,12,0,stay,1,6.623104029027939,0.0,0,0.4591627214086268,64.78027274774472,2.313940588856452,0,4.9758656712026,46.9780254,7.4653671,3994080156,,,,,0.0,0.0
11,13,3,13,1,random_activity,1,7.446778771958769,0.0,0,0.44660336082924623,63.1967779305559,1.6704592471466793,0,6.545756080435676,46.9780254,7.4653671,3994080156,pool,Pool 1,3994080156.0,drive,0.0,0.0
12,14,3,14,1,random_activity,1,7.836942386962816,0.0,0,0.38830718322849916,66.35196839340091,2.5845973271247273,0,6.198327982828719,46.917492,7.419788,5321849017,park,Park 1,5321849017.0,drive,9389.936467512754,18.77987293502551
13,15,3,15,1,random_activity,1,8.294669021740606,0.0,0,0.2530068017005548,59.15421127654971,1.0423100220615302,0,8.294669021740606,46.9669993,7.3770645,6019904580,gym,Gym 2,6019904580.0,bike,7867.962547174642,31.471850188698568
14,16,3,16,1,random_activity,1,8.11016175662303,0.0,0,0.28302805955513877,59.79202561567413,1.9149888231508594,0,7.068266621393499,46.9780254,7.4653671,3994080156,pool,Pool 1,3994080156.0,drive,9617.431588453604,19.234863176907208
15,18,3,18,1,random_activity,2,6.956377266920292,0.0,0,0.04519627900014936,67.24026179968456,0.818143661446121,0,6.956377266920292,46.917492,7.419788,5321849017,park,Park 1,5321849017.0,walk,9411.153241443715,117.63941551804643
16,20,3,20,1,random_activity,2,5.317631726136872,0.0,0,0.0,70.94627718559148,1.7764058327489582,0,3.976615695185042,46.9780254,7.4653671,3994080156,pool,Pool 1,3994080156.0,walk,9411.153241443713,117.63941551804642
17,21,3,21,1,random_activity,1,3.4621501547172335,0.0,0,0.0,79.47946020813141,2.343420507965053,0,1.22499114714386,46.9550733,7.4874571,430829357,gym,Gym 1,430829357.0,bike,4006.792056257755,16.02716822503102
18,22,3,22,0,stay,1,3.0009753709526565,0.0,0,0.0,73.83096100724958,3.37064231297565,0,-0.17557429884784603,46.9550733,7.4874571,430829357,,,,,0.0,0.0
19,23,3,23,1,random_activity,1,0.9041981048522434,0.0,0,0.0,73.69425595907802,2.708120757451524,0,-2.1526202371694225,46.9550733,7.4874571,430829357,gym,Gym 1,430829357.0,drive,0.0,0.0
20,24,3,0,0,stay,1,1.1766079175502275,0.0,0,0.0,82.72852723206623,3.7973847133534298,0,-2.6997632711737256,46.9550733,7.4874571,430829357,,,,,0.0,0.0
21,25,3,1,1,random_activity,1,0.8875249767334386,0.0,0,0.0,80.06730104799621,1.5496471237517393,0,-0.818141570542953,46.9550733,7.4874571,430829357,gym,Gym 1,430829357.0,bike,0.0,0.0
22,26,3,2,0,stay,1,1.4887346385435332,0.0,0,0.0,78.81155081588317,2.325638853956276,0,-1.0827337829949615,46.9550733,7.4874571,430829357,,,,,0.0,0.0
23,27,3,3,1,random_activity,1,1.1472083726020974,0.0,0,0.0,87.36263302053098,3.6143439308639067,0,-2.605232301644504,46.9550733,7.4874571,430829357,gym,Gym 1,430829357.0,walk,0.0,0.0
24,28,3,4,1,random_activity,1,0.3335512263196947,0.0,0,0.0,80.36172915762319,1.6198191483713975,0,-1.5565164412828796,46.9780254,7.4653671,3994080156,pool,Pool 1,3994080156.0,drive,4066.7742830404877,8.133548566080975
25,29,3,5,0,stay,1,0.08482082949569336,0.0,0,0.0,82.37075914194574,2.9452584102993953,0,-3.3496706654115846,46.9780254,7.4653671,3994080156,,,,,0.0,0.0
26,31,3,7,1,random_activity,2,2.401374395623894,0.0,0,0.07732825523109467,79.36952703351415,1.2195153889862016,0,2.401374395623894,46.917492,7.419788,5321849017,park,Park 1,5321849017.0,walk,9411.153241443715,117.63941551804643
27,32,3,8,1,random_activity,1,3.5006118321263986,0.0,0,0.2170166922622836,74.44647633820938,3.24480139336546,0,0.5203148426635688,46.9669993,7.3770645,6019904580,gym,Gym 2,6019904580.0,drive,7424.157049702068,14.848314099404137
28,33,3,9,0,stay,1,5.168812871983891,0.0,0,0.362872158999455,67.54607547982701,2.3465875497775253,0,3.233903090627095,46.9669993,7.3770645,6019904580,,,,,0.0,0.0
29,34,3,10,0,stay,1,7.891658891813746,0.0,0,0.36930159088591563,64.88626957591764,1.89345014309121,0,6.834856581443035,46.9669993,7.3770645,6019904580,,,,,0.0,0.0
30,35,3,11,1,random_activity,1,8.285894476731244,0.0,0,0.4253177363793887,72.77839075921612,2.0692456811803903,0,7.135049732604553,46.9669993,7.3770645,6019904580,gym,Gym 2,6019904580.0,walk,0.0,0.0
31,36,3,12,1,random_activity,1,7.188823316261914,0.0,0,0.44322717710134296,62.63724229303546,1.5254157837657032,0,6.4129562532955795,46.9669993,7.3770645,6019904580,gym,Gym 2,6019904580.0,walk,0.0,0.0
32,37,3,13,1,random_activity,1,6.972698255783876,0.0,0,0.4353102519331063,69.01920911747257,1.8126644533331373,0,5.850079333906552,46.917492,7.419788,5321849017,park,Park 1,5321849017.0,drive,7660.039052865574,15.320078105731149
33,38,3,14,1,random_activity,1,7.750566579203941,0.0,0,0.3651780920649792,64.44854687597994,2.0209129464956006,0,6.553063341479589,46.9780254,7.4653671,3994080156,pool,Pool 1,3994080156.0,bike,9411.153241443713,37.644612965774854
34,40,3,16,1,random_activity,2,8.351113996930266,0.0,0,0.33486108467512526,62.23239154533259,3.7014756890253366,0,6.128253239647113,46.917492,7.419788,5321849017,park,Park 1,5321849017.0,walk,9411.153241443715,117.63941551804643
35,41,3,17,1,random_activity,1,8.448628087592258,0.0,0,0.17558235867054614,55.53346379821451,1.6167329298051132,0,7.752978893314083,46.9780254,7.4653671,3994080156,pool,Pool 1,3994080156.0,bike,9411.153241443713,37.644612965774854
36,42,3,18,1,random_activity,1,7.399665771748579,0.0,0,0.0,60.155165305894506,2.1245899565979545,0,6.0509349328708275,46.9780254,7.4653671,3994080156,pool,Pool 1,3994080156.0,bike,0.0,0.0
37,43,3,19,1,random_activity,1,5.696687479389935,0.0,0,0.0,64.01572099706468,3.6695308226570518,0,2.9061801760625707,46.9780254,7.4653671,3994080156,pool,Pool 1,3994080156.0,walk,0.0,0.0
38,44,3,20,1,random_activity,1,6.552929816850526,0.0,0,0.0,73.2270400533165,1.41051433725741,0,5.830267132911773,46.9780254,7.4653671,3994080156,pool,Pool 1,3994080156.0,bike,0.0,0.0
39,45,3,21,1,random_activity,1,5.226389740769125,0.0,0,0.0,71.91861619550271,1.1000833533040146,0,5.226389740769125,46.9780254,7.4653671,3994080156,pool,Pool 1,3994080156.0,walk,0.0,0.0
40,46,3,22,0,stay,1,3.5561037979014594,0.0,0,0.0,76.67860739275315,2.5772308180361114,0,1.1210620326748513,46.9780254,7.4653671,3994080156,,,,,0.0,0.0
41,47,3,23,0,stay,1,2.624055623493068,0.0,0,0.0,79.8115436725974,2.2000675144731314,0,0.3829949346593469,46.9780254,7.4653671,3994080156,,,,,0.0,0.0
42,48,3,0,1,random_activity,1,3.179802283212846,0.0,0,0.0,75.41932699163101,2.508677242045201,0,0.7363831031638391,46.9780254,7.4653671,3994080156,pool,Pool 1,3994080156.0,walk,0.0,0.0
43,49,3,1,1,random_activity,1,2.6412053288932786,0.0,0,0.0,83.28116138579699,0.8043312104206459,0,2.6412053288932786,46.9550733,7.4874571,430829357,gym,Gym 1,430829357.0,drive,4005.4778910771374,8.010955782154275
44,50,3,2,1,random_activity,1,2.134568589440197,0.0,0,0.0,82.15271238438459,2.241973438684995,0,-0.23552905547303973,46.9550733,7.4874571,430829357,gym,Gym 1,430829357.0,drive,0.0,0.0
45,51,3,3,1,random_activity,1,3.023705925731825,0.0,0,0.0,83.0118261300507,0.1466732472549621,0,3.023705925731825,46.917492,7.419788,5321849017,park,Park 1,5321849017.0,bike,8390.027889932695,33.56011155973078
46,53,3,5,1,random_activity,2,1.5343267008101253,0.0,0,0.0,75.9921615901249,2.462396386971288,0,-1.1677916646982271,46.9669993,7.3770645,6019904580,gym,Gym 2,6019904580.0,walk,7867.962547174642,98.34953183968302
47,54,3,6,1,random_activity,1,2.143351567329851,0.0,0,0.0,85.69102168789031,1.357681191436841,0,0.9071691602225544,46.9780254,7.4653671,3994080156,pool,Pool 1,3994080156.0,bike,8326.869468290257,33.30747787316103
48,55,3,7,0,stay,1,4.606839469351017,0.0,0,0.28423057882016145,79.11186895334258,2.551269343143661,0,2.390651149783483,46.9780254,7.4653671,3994080156,,,,,0.0,0.0
49,56,3,8,1,random_activity,1,5.387540317405732,0.0,0,0.482436150121015,78.08742954004738,2.9916671476758827,0,2.977309063258744,46.9550733,7.4874571,430829357,gym,Gym 1,430829357.0,drive,4005.4778910771374,8.010955782154275
50,57,3,9,1,random_activity,1,7.3088586800069075,0.0,0,0.7783228289668139,65.44652376938289,3.6565169261174413,0,4.880643619557112,46.9780254,7.4653671,3994080156,pool,Pool 1,3994080156.0,drive,4066.7742830404877,8.133548566080975
51,59,3,11,1,random_activity,2,8.628457912275742,0.0,0,1.0,62.888055786872954,2.710027048718157,0,7.051908849869587,46.917492,7.419788,5321849017,park,Park 1,5321849017.0,walk,9411.153241443715,117.63941551804643
52,61,3,13,1,random_activity,2,9.412285238948128,0.0,0,1.0,54.37926759196321,3.124249628885357,0,7.7331481823362465,46.9669993,7.3770645,6019904580,gym,Gym 2,6019904580.0,walk,7867.962547174642,98.34953183968302
53,62,3,14,1,random_activity,1,10.165000794232391,0.0,0,1.0,64.65721820432144,0.5494093785562058,0,10.165000794232391,46.917492,7.419788,5321849017,park,Park 1,5321849017.0,bike,7867.962547174642,31.471850188698568
54,63,3,15,1,random_activity,1,10.513821920657229,0.0,0,0.8401460658677009,66.08559307156182,1.7432450707825646,0,10.513821920657229,46.917492,7.419788,5321849017,park,Park 1,5321849017.0,walk,0.0,0.0
55,64,3,16,1,random_activity,1,10.424756231766999,0.0,0,0.5467414263645539,63.67131510804124,2.0819770558077177,0,10.424756231766999,46.917492,7.419788,5321849017,park,Park 1,5321849017.0,drive,0.0,0.0
56,65,3,17,1,random_activity,1,9.669516400245984,0.0,0,0.37538263250414833,64.19931169690167,1.6051294169499488,0,9.164379370789513,46.9669993,7.3770645,6019904580,gym,Gym 2,6019904580.0,drive,7424.157049702068,14.848314099404137
57,66,3,18,1,random_activity,1,10.024518671641243,0.0,0,0.06341352580059467,73.75904694890721,2.87345605351205,0,10.024518671641243,46.9780254,7.4653671,3994080156,pool,Pool 1,3994080156.0,bike,8326.869468290257,33.30747787316103
58,67,3,19,0,stay,1,6.928009699055525,0.0,0,0.0,68.39471595793881,3.483403489213713,0,4.516675032664178,46.9780254,7.4653671,3994080156,,,,,0.0,0.0
59,68,3,20,1,random_activity,1,4.831050775529127,0.0,0,0.0,72.90936359793034,0.9189776503049172,0,4.831050775529127,46.9550733,7.4874571,430829357,gym,Gym 1,430829357.0,bike,4006.792056257755,16.02716822503102
60,69,3,21,1,random_activity,1,2.732275461099741,0.0,0,0.0,72.59353058878682,0.3519172506938848,0,2.732275461099741,46.9780254,7.4653671,3994080156,pool,Pool 1,3994080156.0,drive,4066.7742830404877,8.133548566080975
61,70,3,22,1,random_activity,1,2.234906445549268,0.0,0,0.0,78.96986731589648,2.808106468300683,0,-0.6544194398863586,46.917492,7.419788,5321849017,park,Park 1,5321849017.0,drive,9389.936467512754,18.77987293502551
62,72,3,0,1,random_activity,2,1.3521769883744894,0.0,0,0.0,79.90219288880618,1.8850070622203425,0,-0.7408736300847549,46.9669993,7.3770645,6019904580,gym,Gym 2,6019904580.0,walk,7867.962547174642,98.34953183968302
63,73,3,1,1,random_activity,1,-1.0102257980818297,0.0,0,0.0,74.3198742297314,1.1628221375401913,0,-1.0102257980818297,46.9669993,7.3770645,6019904580,gym,Gym 2,6019904580.0,walk,0.0,0.0
64,74,3,2,0,stay,1,-0.2764026637662891,0.0,0,0.0,88.37011819541549,1.9720927468939404,0,-2.7425353586596715,46.9669993,7.3770645,6019904580,,,,,0.0,0.0
65,75,3,3,1,random_activity,1,-0.8737040775894875,0.0,0,0.0,81.29462955124384,3.282868711655518,0,-4.798647857868389,46.917492,7.419788,5321849017,park,Park 1,5321849017.0,drive,7660.039052865574,15.320078105731149
66,77,3,5,1,random_activity,2,-0.7239239659100614,0.0,0,0.0,90.3656369344855,1.9135866495404568,0,-3.186642334289412,46.9780254,7.4653671,3994080156,pool,Pool 1,3994080156.0,walk,9411.153241443713,117.63941551804642
67,78,3,6,1,random_activity,1,-0.49938158670771315,0.0,0,0.0,74.75285989812689,2.5797576707705616,0,-3.6966173952052097,46.917492,7.419788,5321849017,park,Park 1,5321849017.0,bike,9411.153241443715,37.64461296577486
68,79,3,7,0,stay,1,0.4419265228049083,0.0,0,0.11753580685069731,81.56640584909672,1.3441980709682482,0,-0.9960998251222423,46.917492,7.419788,5321849017,,,,,0.0,0.0
69,80,3,8,1,random_activity,1,2.404746653362443,0.0,0,0.3517336696558165,81.01659403509063,1.9257710793084968,0,0.431283044569201,46.9669993,7.3770645,6019904580,gym,Gym 2,6019904580.0,bike,7867.962547174642,31.471850188698568
70,81,3,9,1,random_activity,1,4.273196639796777,0.0,0,0.4330343063431838,81.86400413233694,2.479020715237036,0,2.0580493981826464,46.9669993,7.3770645,6019904580,gym,Gym 2,6019904580.0,bike,0.0,0.0
71,82,3,10,0,stay,1,5.785950615988198,0.0,0,0.5904340457431658,70.4744258777715,1.5234711737861224,0,4.81363899211673,46.9669993,7.3770645,6019904580,,,,,0.0,0.0
72,83,3,11,0,stay,1,6.248554706806482,0.0,0,0.5551035417163428,66.53616603615879,0.5416132512069667,0,6.248554706806482,46.9669993,7.3770645,6019904580,,,,,0.0,0.0
73,84,3,12,1,random_activity,1,8.440247219565087,0.0,0,0.6087774064793771,64.26154206660817,2.478166761960766,0,6.991618055120558,46.9669993,7.3770645,6019904580,gym,Gym 2,6019904580.0,bike,0.0,0.0
74,85,3,13,0,stay,1,9.699816351603813,0.0,0,0.6175651287460922,63.39726320821127,3.051081226187487,0,8.121538240160156,46.9669993,7.3770645,6019904580,,,,,0.0,0.0
75,86,3,14,1,random_activity,1,11.306666861213957,0.0,0,0.5750839458110761,60.92696294830227,2.6646216762638377,0,11.306666861213957,46.9780254,7.4653671,3994080156,pool,Pool 1,3994080156.0,bike,8326.869468290257,33.30747787316103
76,87,3,15,1,random_activity,1,10.306417031205065,0.0,0,0.49887125603772714,60.791154847054194,3.0682296035567282,0,10.306417031205065,46.9550733,7.4874571,430829357,gym,Gym 1,430829357.0,drive,4005.4778910771374,8.010955782154275
77,88,3,16,1,random_activity,1,10.861663915559394,0.0,0,0.2672024775420436,55.895351719443006,1.9315141055050833,0,10.861663915559394,46.9780254,7.4653671,3994080156,pool,Pool 1,3994080156.0,bike,4006.792056257754,16.027168225031016
78,89,3,17,1,random_activity,1,9.475280310935359,0.0,0,0.12505709130889692,73.18828863215288,0.0,0,9.475280310935359,46.9780254,7.4653671,3994080156,pool,Pool 1,3994080156.0,bike,0.0,0.0
79,90,3,18,0,stay,1,8.173334933141124,0.0,0,0.03567183252948073,65.9570546826859,0.9512333176044458,0,8.173334933141124,46.9780254,7.4653671,3994080156,,,,,0.0,0.0
80,91,3,19,1,random_activity,1,7.597437149497743,0.0,0,0.0,71.15279934394354,2.7346608144863978,0,5.805643161641285,46.9780254,7.4653671,3994080156,pool,Pool 1,3994080156.0,walk,0.0,0.0
81,92,3,20,1,random_activity,1,5.680760589426479,0.0,0,0.0,76.25627685379018,3.2686274690561863,0,3.139306947527416,46.917492,7.419788,5321849017,park,Park 1,5321849017.0,drive,9389.936467512754,18.77987293502551
82,93,3,21,1,random_activity,1,4.784875646567713,0.0,0,0.0,71.80199270228269,2.4065830586581565,0,2.727378264780766,46.917492,7.419788,5321849017,park,Park 1,5321849017.0,bike,0.0,0.0
83,95,3,23,1,random_activity,2,3.0333035599016416,0.0,0,0.0,76.14493259358804,0.9473927422555886,0,3.0333035599016416,46.9669993,7.3770645,6019904580,gym,Gym 2,6019904580.0,walk,7867.962547174642,98.34953183968302
84,96,3,0,0,stay,1,1.3750870637900632,0.0,0,0.0,81.94246561565411,0.8508254790127185,0,1.3750870637900632,46.9669993,7.3770645,6019904580,,,,,0.0,0.0
85,97,3,1,0,stay,1,0.5733585826378448,0.0,0,0.0,78.67004391292038,2.0726521028959515,0,-1.875492691371687,46.9669993,7.3770645,6019904580,,,,,0.0,0.0
86,98,3,2,1,random_activity,1,0.6308367873305818,0.0,0,0.0,91.60919774883847,2.6452267542010106,0,-2.41838218219865,46.917492,7.419788,5321849017,park,Park 1,5321849017.0,bike,7867.962547174642,31.471850188698568
87,99,3,3,1,random_activity,1,-0.15172247792915639,0.0,0,0.0,80.65584423383383,1.3741898635377305,0,-1.7197124785810953,46.9780254,7.4653671,3994080156,pool,Pool 1,3994080156.0,bike,9411.153241443713,37.644612965774854
88,100,3,4,0,stay,1,0.48985586456239444,0.0,0,0.0,87.15423134765496,2.2409136468417294,0,-2.16660158181533,46.9780254,7.4653671,3994080156,,,,,0.0,0.0
89,101,3,5,1,random_activity,1,0.431748377405082,0.0,0,0.0,76.99664516617227,2.6387423366638396,0,-2.6489291122943057,46.9550733,7.4874571,430829357,gym,Gym 1,430829357.0,walk,4006.792056257755,50.08490070322194
90,102,3,6,1,random_activity,1,0.5288070784809014,0.0,0,0.0,86.80431440245252,2.3518747142699548,0,-2.241754273160483,46.9780254,7.4653671,3994080156,pool,Pool 1,3994080156.0,walk,4006.792056257754,50.084900703221926
91,103,3,7,1,random_activity,1,2.1155232272350517,0.0,0,0.11135251972188742,74.56215397795154,1.274921871787734,0,2.1155232272350517,46.917492,7.419788,5321849017,park,Park 1,5321849017.0,bike,9411.153241443715,37.64461296577486
92,105,3,9,1,random_activity,2,3.4901548697569678,0.0,0,0.6220646834623659,69.13640982798621,2.3883586946479443,0,1.2152738909723442,46.9669993,7.3770645,6019904580,gym,Gym 2,6019904580.0,walk,7867.962547174642,98.34953183968302
93,106,3,10,0,stay,1,6.670175467103577,0.0,0,0.7526876496432269,67.96498870749605,1.1751446345233345,0,6.670175467103577,46.9669993,7.3770645,6019904580,,,,,0.0,0.0
94,107,3,11,1,random_activity,1,6.090816162353027,0.0,0,0.9460251102749342,65.9551601568405,1.7379688901154797,0,4.911409423227377,46.917492,7.419788,5321849017,park,Park 1,5321849017.0,drive,7660.039052865574,15.320078105731149
95,108,3,12,0,stay,1,7.808835571698903,0.0,0,0.9986669290988677,67.92998216720127,2.558479491148963,0,6.184133685626539,46.917492,7.419788,5321849017,,,,,0.0,0.0
96,110,3,14,1,random_activity,2,7.818252170402015,0.0,0,0.8725671257782267,66.55692263337585,1.554720876554102,0,7.098517630748534,46.9780254,7.4653671,3994080156,pool,Pool 1,3994080156.0,walk,9411.153241443713,117.63941551804642
97,111,3,15,1,random_activity,1,9.657898006757899,0.0,0,0.688745297471813,59.846597459430804,2.225686139176748,0,8.615352197786873,46.9780254,7.4653671,3994080156,pool,Pool 1,3994080156.0,walk,0.0,0.0
98,112,3,16,1,random_activity,1,9.14335217357738,0.0,0,0.5637516516393382,69.35033006558861,1.3675311579900535,0,8.82071587321149,46.9780254,7.4653671,3994080156,pool,Pool 1,3994080156.0,walk,0.0,0.0
99,113,3,17,1,random_activity,1,7.039375125587534,0.0,0,0.26453218526195393,60.51461952668457,1.9710216401274647,0,5.771030068209405,46.917492,7.419788,5321849017,park,Park 1,5321849017.0,drive,9389.936467512754,18.77987293502551
100,114,3,18,1,random_activity,1,5.431978888176985,0.0,0,0.05349850519766919,65.8546577693274,3.8421479855567133,0,2.480426519492048,46.917492,7.419788,5321849017,park,Park 1,5321849017.0,walk,0.0,0.0
101,116,3,20,1,random_activity,2,2.506079988818114,0.0,0,0.0,79.93709969771317,2.331512562381842,0,0.10989952330644728,46.9780254,7.4653671,3994080156,pool,Pool 1,3994080156.0,walk,9411.153241443713,117.63941551804642
102,117,3,21,0,stay,1,3.691386392975849,0.0,0,0.0,75.18276921937941,1.3170074417743942,0,3.691386392975849,46.9780254,7.4653671,3994080156,,,,,0.0,0.0
103,118,3,22,1,random_activity,1,3.9498626367082585,0.0,0,0.0,75.75038347288545,1.9409666365707197,0,2.209175220125543,46.9550733,7.4874571,430829357,gym,Gym 1,430829357.0,bike,4006.792056257755,16.02716822503102
104,119,3,23,1,random_activity,1,2.8099187122256817,0.0,0,0.0,80.3623161147667,0.8354782271875862,0,2.8099187122256817,46.9780254,7.4653671,3994080156,pool,Pool 1,3994080156.0,bike,4006.792056257754,16.027168225031016
105,120,3,0,0,stay,1,2.6151157131438882,0.0,0,0.0,74.94046397737308,2.417895804219392,0,0.1536487887316282,46.9780254,7.4653671,3994080156,,,,,0.0,0.0
106,121,3,1,1,random_activity,1,3.912962795602708,0.0,0,0.0,80.03271383247963,2.5361508789799503,0,1.5807433165958864,46.9550733,7.4874571,430829357,gym,Gym 1,430829357.0,walk,4006.792056257755,50.08490070322194
107,122,3,2,1,random_activity,1,4.01574643726136,0.0,0,0.0,79.43457887021195,1.7829416650901724,0,2.4657321254171904,46.9780254,7.4653671,3994080156,pool,Pool 1,3994080156.0,bike,4006.792056257754,16.027168225031016
108,123,3,3,1,random_activity,1,3.8784034203995805,0.0,0,0.0,80.09386303658789,3.398699552237386,0,0.868539352304383,46.9550733,7.4874571,430829357,gym,Gym 1,430829357.0,drive,4005.4778910771374,8.010955782154275
109,124,3,4,1,random_activity,1,4.189336737436768,0.0,0,0.0,78.20413923200469,0.3985781675047626,0,4.189336737436768,46.917492,7.419788,5321849017,park,Park 1,5321849017.0,bike,8390.027889932695,33.56011155973078
110,125,3,5,0,stay,1,3.0376933885134103,0.0,0,0.0,85.67745076380852,1.4678751073232592,0,1.755175606117542,46.917492,7.419788,5321849017,,,,,0.0,0.0
111,127,3,7,1,random_activity,2,4.251890923231665,0.0,0,0.16306072799212845,79.80306128315789,1.4192329471080762,0,3.2055518284002815,46.9669993,7.3770645,6019904580,gym,Gym 2,6019904580.0,walk,7867.962547174642,98.34953183968302
112,128,3,8,1,random_activity,1,5.038507104543587,0.0,0,0.28867084221670103,70.30388440167751,4.896439576206113,0,1.4344799846956056,46.9780254,7.4653671,3994080156,pool,Pool 1,3994080156.0,bike,8326.869468290257,33.30747787316103
113,129,3,9,1,random_activity,1,5.666633245857666,0.0,0,0.3412260462439299,63.5970686709977,2.1230568504613343,0,4.024595705956659,46.9550733,7.4874571,430829357,gym,Gym 1,430829357.0,walk,4006.792056257755,50.08490070322194
114,130,3,10,1,random_activity,1,8.04372061477862,0.0,0,0.4885443587738919,64.74507176923056,2.813853792368982,0,6.283957986485823,46.917492,7.419788,5321849017,park,Park 1,5321849017.0,bike,8390.027889932695,33.56011155973078
115,131,3,11,0,stay,1,8.812094129059378,0.0,0,0.5613553975327483,67.46521986218481,2.0498632072572383,0,7.765863267942056,46.917492,7.419788,5321849017,,,,,0.0,0.0
116,132,3,12,1,random_activity,1,7.986529141053185,0.0,0,0.47442824645646076,61.58873618782236,3.001396318121206,0,6.0923715447872455,46.917492,7.419788,5321849017,park,Park 1,5321849017.0,walk,0.0,0.0
117,133,3,13,0,stay,1,8.877793583993157,0.0,0,0.5874933175108907,62.37825383298581,3.638075617947452,0,6.804126519499292,46.917492,7.419788,5321849017,,,,,0.0,0.0
118,134,3,14,1,random_activity,1,9.10625781303536,0.0,0,0.4575964681037361,67.47303343608796,3.8390045206906294,0,6.981613584318357,46.917492,7.419788,5321849017,park,Park 1,5321849017.0,drive,0.0,0.0
119,135,3,15,1,random_activity,1,9.932145212441062,0.0,0,0.42943435038441313,65.1207698177527,3.1997322136350217,0,8.317712075196068,46.917492,7.419788,5321849017,park,Park 1,5321849017.0,drive,0.0,0.0
120,136,3,16,1,random_activity,1,8.12248946726207,0.0,0,0.3001761150104189,70.2463661865335,1.7550464329207,0,7.236292453456904,46.917492,7.419788,5321849017,park,Park 1,5321849017.0,walk,0.0,0.0
121,137,3,17,1,random_activity,1,8.215948526390045,0.0,0,0.21545560589467475,59.88834217204253,2.2096425444814605,0,6.935326278985928,46.9669993,7.3770645,6019904580,gym,Gym 2,6019904580.0,drive,7424.157049702068,14.848314099404137
122,138,3,18,1,random_activity,1,6.522284293489302,0.0,0,0.012833512609945625,70.12662848846767,2.1362163489145534,0,5.013704050607915,46.9669993,7.3770645,6019904580,gym,Gym 2,6019904580.0,walk,0.0,0.0
123,140,3,20,1,random_activity,2,4.953913790211996,0.0,0,0.0,70.47289185462493,2.037668812163562,0,3.2759001041689197,46.9780254,7.4653671,3994080156,pool,Pool 1,3994080156.0,walk,8326.869468290257,104.08586835362821
124,142,3,22,1,random_activity,2,3.3950118381869463,0.0,0,0.0,75.6628067079275,2.513011727946588,0,0.9874427427376394,46.917492,7.419788,5321849017,park,Park 1,5321849017.0,walk,9411.153241443715,117.63941551804643
125,143,3,23,0,stay,1,3.4038654471023557,0.0,0,0.0,74.69749941986198,3.020669474308191,0,0.5723584206808022,46.917492,7.419788,5321849017,,,,,0.0,0.0
126,144,3,0,1,random_activity,1,3.530632533844931,0.0,0,0.0,74.68165121374196,3.079983720273667,0,0.6792302175886928,46.9669993,7.3770645,6019904580,gym,Gym 2,6019904580.0,bike,7867.962547174642,31.471850188698568
127,145,3,1,1,random_activity,1,2.300848940483392,0.0,0,0.0,79.65186290034305,1.7376847135378755,0,0.5429442651276517,46.9669993,7.3770645,6019904580,gym,Gym 2,6019904580.0,bike,0.0,0.0
128,146,3,2,0,stay,1,1.912052673432713,0.0,0,0.0,83.79299109766141,1.8784059358966363,0,-0.08351068211638729,46.9669993,7.3770645,6019904580,,,,,0.0,0.0
129,147,3,3,1,random_activity,1,2.8197999814769625,0.0,0,0.0,74.98073939814377,1.2703363898125706,0,2.8197999814769625,46.9780254,7.4653671,3994080156,pool,Pool 1,3994080156.0,drive,9617.431588453604,19.234863176907208
130,148,3,4,1,random_activity,1,2.4009279973686155,0.0,0,0.0,83.99058530961467,3.1713518631428013,0,-0.7522881110082795,46.9780254,7.4653671,3994080156,pool,Pool 1,3994080156.0,drive,0.0,0.0
131,149,3,5,1,random_activity,1,2.1681833105812696,0.0,0,0.0,80.44224522383459,1.5976864662171035,0,0.5780358912062175,46.917492,7.419788,5321849017,park,Park 1,5321849017.0,bike,9411.153241443715,37.64461296577486
132,150,3,6,0,stay,1,4.346599642136074,0.0,0,0.0,79.31120037214923,1.931248619967882,0,2.6808293728258192,46.917492,7.419788,5321849017,,,,,0.0,0.0
133,151,3,7,1,random_activity,1,4.88424456627245,0.0,0,0.18070351298985185,74.36039514043068,4.743082943494029,0,1.317656255660194,46.917492,7.419788,5321849017,park,Park 1,5321849017.0,drive,0.0,0.0
134,152,3,8,1,random_activity,1,5.103249894120079,0.0,0,0.3937723385719443,75.1845433118093,2.2248684702169226,0,3.268134078364591,46.9669993,7.3770645,6019904580,gym,Gym 2,6019904580.0,bike,7867.962547174642,31.471850188698568
135,153,3,9,1,random_activity,1,4.289719526288636,0.0,0,0.5507506430119922,73.3125233087921,1.4143844641357597,0,3.255383801036559,46.9669993,7.3770645,6019904580,gym,Gym 2,6019904580.0,walk,0.0,0.0
136,154,3,10,1,random_activity,1,6.402595605367656,0.0,0,0.6008662417354594,70.02154119460188,1.8744450009819529,0,5.126791135781888,46.9780254,7.4653671,3994080156,pool,Pool 1,3994080156.0,drive,9617.431588453604,19.234863176907208
137,155,3,11,1,random_activity,1,8.13142413358753,0.0,0,0.7423348572531078,67.19186834813023,0.6864429973504718,0,8.13142413358753,46.9550733,7.4874571,430829357,gym,Gym 1,430829357.0,walk,4006.792056257755,50.08490070322194
138,156,3,12,1,random_activity,1,8.888307128660541,0.0,0,0.783006440342113,60.44227510170811,2.95811968787864,0,7.2022815119175085,46.9550733,7.4874571,430829357,gym,Gym 1,430829357.0,walk,0.0,0.0
139,157,3,13,0,stay,1,9.75207407587225,0.0,0,0.8044992367465882,56.52458087375963,1.8549284494083917,0,9.026538604525692,46.9550733,7.4874571,430829357,,,,,0.0,0.0
140,158,3,14,1,random_activity,1,9.689985065668528,0.0,0,0.6848415717965087,59.874533127560866,1.9506029353420424,0,8.87225801664173,46.917492,7.419788,5321849017,park,Park 1,5321849017.0,bike,8390.027889932695,33.56011155973078
141,159,3,15,1,random_activity,1,8.429710838013314,0.0,0,0.5802938230705205,69.41527792578907,2.2820425469810135,0,7.128367572359132,46.9780254,7.4653671,3994080156,pool,Pool 1,3994080156.0,drive,9201.197480281015,18.402394960562027
142,160,3,16,0,stay,1,10.410109025422864,0.0,0,0.39809764274127657,57.841547173158666,1.1783868440238177,0,10.410109025422864,46.9780254,7.4653671,3994080156,,,,,0.0,0.0
143,161,3,17,1,random_activity,1,10.27062358637029,0.0,0,0.19652124101417298,68.77462964415548,2.9899241160371206,0,10.27062358637029,46.9780254,7.4653671,3994080156,pool,Pool 1,3994080156.0,walk,0.0,0.0
144,162,3,18,1,random_activity,1,7.6045991602482585,0.0,0,0.007694116168505712,63.61458937757172,1.506395794941259,0,6.9096647979613595,46.9780254,7.4653671,3994080156,pool,Pool 1,3994080156.0,bike,0.0,0.0
145,163,3,19,0,stay,1,8.537599935212505,0.0,0,0.0,66.06836271917555,2.0642241628636975,0,7.433261786148598,46.9780254,7.4653671,3994080156,,,,,0.0,0.0
146,164,3,20,0,stay,1,7.218428664819562,0.0,0,0.0,76.30796643070143,2.558659252778528,0,5.483395440571783,46.9780254,7.4653671,3994080156,,,,,0.0,0.0
147,165,3,21,1,random_activity,1,4.8301414519824,0.0,0,0.0,76.68578968247918,2.1296986060675036,0,3.0393413742700974,46.9550733,7.4874571,430829357,gym,Gym 1,430829357.0,walk,4006.792056257755,50.08490070322194
148,166,3,22,0,stay,1,4.5445791931960855,0.0,0,0.0,76.62124147273097,2.5926133671950553,0,2.281672885593077,46.9550733,7.4874571,430829357,,,,,0.0,0.0
149,167,3,23,1,random_activity,1,0.7096916807352973,0.0,0,0.0,72.80033136193715,2.50630858910804,0,-2.1879897653119054,46.9780254,7.4653671,3994080156,pool,Pool 1,3994080156.0,bike,4006.792056257754,16.027168225031016
150,168,3,0,0,stay,1,-0.7756069064918707,0.0,0,0.0,80.3060978670968,1.6303183664968492,0,-2.8444862380239635,46.9780254,7.4653671,3994080156,,,,,0.0,0.0
151,169,3,1,1,random_activity,1,-0.5089103429357102,0.0,0,0.0,79.34417351327374,3.4934995187988864,0,-4.529046985559637,46.9780254,7.4653671,3994080156,pool,Pool 1,3994080156.0,bike,0.0,0.0
152,170,3,2,1,random_activity,1,-2.0278400031049753,0.1649462218609616,1,0.0,93.93292761558524,3.3394862057499473,0,-6.24421872511683,46.9550733,7.4874571,430829357,gym,Gym 1,430829357.0,bike,4006.792056257755,16.02716822503102
153,171,3,3,0,stay,1,-2.6607444215063953,1.8796509584823244,1,0.0,90.04907828251635,3.483743372322024,0,-7.136320014257113,46.9550733,7.4874571,430829357,,,,,0.0,0.0
154,172,3,4,1,random_activity,1,-1.6070990605401585,1.3313305128700423,1,0.0,96.13582666662141,3.1055851870091162,0,-5.52826375961901,46.9780254,7.4653671,3994080156,pool,Pool 1,3994080156.0,drive,4066.7742830404877,8.133548566080975
155,173,3,5,1,random_activity,1,0.5390951256301386,0.6219923133016849,1,0.0,92.2858094283767,4.035496043680288,0,-3.64541824477491,46.9550733,7.4874571,430829357,gym,Gym 1,430829357.0,drive,4005.4778910771374,8.010955782154275
156,174,3,6,1,random_activity,1,1.987640668623988,1.1998465546078172,1,0.0,88.92637758497456,2.5525738831792544,0,-0.7179664496864331,46.917492,7.419788,5321849017,park,Park 1,5321849017.0,bike,8390.027889932695,33.56011155973078
157,175,3,7,0,stay,1,3.3533758414734645,1.0665738979236388,1,0.04508154744935175,83.16872214747,3.204998530903845,0,0.37170682266708216,46.917492,7.419788,5321849017,,,,,0.0,0.0
158,176,3,8,0,stay,1,3.2334081147602856,0.6085093518274141,1,0.08844523350169574,84.90317962140163,2.641738654926027,0,0.6808593623594442,46.917492,7.419788,5321849017,,,,,0.0,0.0
159,178,3,10,1,random_activity,2,6.11772008198623,1.4430757585291845,1,0.15244335305682197,80.52305529717928,2.308449398188431,0,4.385479036430719,46.9669993,7.3770645,6019904580,gym,Gym 2,6019904580.0,walk,7867.962547174642,98.34953183968302
160,179,3,11,0,stay,1,7.263864359066543,2.6422645001643295,1,0.2475873807560283,77.75611077878668,2.9881288900365903,0,5.233057512444302,46.9669993,7.3770645,6019904580,,,,,0.0,0.0
161,180,3,12,1,random_activity,1,7.201482079993626,2.1943646928677327,1,0.3189171190225895,73.09296267040084,3.1588530762972042,0,5.047024713127044,46.917492,7.419788,5321849017,park,Park 1,5321849017.0,bike,7867.962547174642,31.471850188698568
162,181,3,13,1,random_activity,1,9.288660554422984,0.0,0,0.7417364713365763,62.8023260993153,2.5500097988958963,0,7.945969778787732,46.917492,7.419788,5321849017,park,Park 1,5321849017.0,walk,0.0,0.0
163,182,3,14,1,random_activity,1,8.456488193499025,0.0,0,0.7650491603356916,63.79209212714086,2.319873931189824,0,7.130306336050825,46.9669993,7.3770645,6019904580,gym,Gym 2,6019904580.0,drive,7424.157049702068,14.848314099404137
164,183,3,15,1,random_activity,1,10.158306303966322,0.0,0,0.5653482354941164,61.784008832015054,3.1057876577433983,0,10.158306303966322,46.9780254,7.4653671,3994080156,pool,Pool 1,3994080156.0,bike,8326.869468290257,33.30747787316103
165,184,3,16,1,random_activity,1,11.204758496628418,0.0,0,0.4176469416510853,60.752567677501176,2.0424914410368724,0,11.204758496628418,46.9550733,7.4874571,430829357,gym,Gym 1,430829357.0,bike,4006.792056257755,16.02716822503102
166,185,3,17,1,random_activity,1,10.594533735623733,0.0,0,0.2815790838736928,68.57627715493201,4.447368688983603,0,10.594533735623733,46.9780254,7.4653671,3994080156,pool,Pool 1,3994080156.0,drive,4066.7742830404877,8.133548566080975
167,186,3,18,1,random_activity,1,9.939302668396133,0.0,0,0.02357018045709568,58.90712551027453,2.288316580489775,0,8.899677885852448,46.9780254,7.4653671,3994080156,pool,Pool 1,3994080156.0,walk,0.0,0.0
168,187,3,19,0,stay,1,9.252631674337307,0.0,0,0.0,66.60244350229023,1.9786399279314295,0,8.339740836461347,46.9780254,7.4653671,3994080156,,,,,0.0,0.0
169,188,3,20,1,random_activity,1,7.180288965967573,0.0,0,0.0,71.7195008808907,3.18103436451916,0,5.007386676664286,46.9550733,7.4874571,430829357,gym,Gym 1,430829357.0,drive,4005.4778910771374,8.010955782154275
170,189,3,21,1,random_activity,1,6.853259929908921,0.0,0,0.0,74.08668633544066,2.691279341690099,0,4.949924345287889,46.9550733,7.4874571,430829357,gym,Gym 1,430829357.0,drive,0.0,0.0
171,190,3,22,1,random_activity,1,4.104624468353716,0.0,0,0.0,79.08865833058474,1.564320435899956,0,2.8399061665099583,46.917492,7.419788,5321849017,park,Park 1,5321849017.0,bike,8390.027889932695,33.56011155973078
172,191,3,23,1,random_activity,1,1.9670379764766563,0.0,0,0.0,79.25573207947404,2.007650242343726,0,-0.17355991148067357,46.9669993,7.3770645,6019904580,gym,Gym 2,6019904580.0,drive,7424.157049702068,14.848314099404137
173,193,3,1,1,random_activity,2,0.8530063292444496,0.0,0,0.0,82.54883363347139,1.4090982804523153,0,-0.6384715351239676,46.917492,7.419788,5321849017,park,Park 1,5321849017.0,walk,7867.962547174642,98.34953183968302
174,194,3,2,0,stay,1,0.29018145983587496,0.0,0,0.0,90.75866270348176,2.052659402787823,0,-2.182180405547099,46.917492,7.419788,5321849017,,,,,0.0,0.0
175,195,3,3,0,stay,1,0.041234689787008394,0.0,0,0.0,83.04296548830239,0.5220392339118867,0,0.041234689787008394,46.917492,7.419788,5321849017,,,,,0.0,0.0
176,196,3,4,1,random_activity,1,0.1910528418764631,0.0,0,0.0,83.88168625087296,3.230755399454602,0,-3.4678291834110375,46.9780254,7.4653671,3994080156,pool,Pool 1,3994080156.0,drive,9201.197480281015,18.402394960562027
177,197,3,5,1,random_activity,1,2.33322205265317,0.0,0,0.0,79.47558667445917,0.3443114185990255,0,2.33322205265317,46.9550733,7.4874571,430829357,gym,Gym 1,430829357.0,bike,4006.792056257755,16.02716822503102
178,198,3,6,1,random_activity,1,3.2474603312381163,0.0,0,0.0,83.94915966336043,1.892603269695544,0,1.4482457600032304,46.9780254,7.4653671,3994080156,pool,Pool 1,3994080156.0,drive,4066.7742830404877,8.133548566080975
179,199,3,7,1,random_activity,1,4.1543445974194295,0.0,0,0.1491841245437022,77.6327526285663,2.758253471200004,0,1.6798109835753887,46.9550733,7.4874571,430829357,gym,Gym 1,430829357.0,bike,4006.792056257755,16.02716822503102
180,200,3,8,1,random_activity,1,3.6987873298821974,0.0,0,0.3219087255988213,69.94197737179867,1.9093914819449558,0,1.952775246079194,46.917492,7.419788,5321849017,park,Park 1,5321849017.0,drive,8815.471974417153,17.630943948834304
181,201,3,9,1,random_activity,1,7.149190648486265,0.0,0,0.6136988269068385,67.23366962215506,1.8706004658522808,0,5.996047132042601,46.9669993,7.3770645,6019904580,gym,Gym 2,6019904580.0,bike,7867.962547174642,31.471850188698568
182,202,3,10,1,random_activity,1,6.986987623861007,0.0,0,0.6730673693847188,70.45176344607457,0.9198353207652181,0,6.986987623861007,46.9780254,7.4653671,3994080156,pool,Pool 1,3994080156.0,bike,8326.869468290257,33.30747787316103
183,204,3,12,1,random_activity,2,7.678935927899868,0.0,0,0.834077011759404,65.81322948729492,1.55983064271852,0,6.9334750762496435,46.917492,7.419788,5321849017,park,Park 1,5321849017.0,walk,9411.153241443715,117.63941551804643
184,206,3,14,1,random_activity,2,9.327118807955312,0.0,0,0.7306871928950702,66.8263651888605,2.0872096820444654,0,8.336332467327885,46.9669993,7.3770645,6019904580,gym,Gym 2,6019904580.0,walk,7867.962547174642,98.34953183968302
185,207,3,15,1,random_activity,1,11.269167156599883,0.0,0,0.6620264652944264,67.29817485297548,1.2176000953420023,0,11.269167156599883,46.917492,7.419788,5321849017,park,Park 1,5321849017.0,drive,7660.039052865574,15.320078105731149
186,208,3,16,0,stay,1,9.580329580486204,0.0,0,0.4012934236159576,60.042141159773365,2.536181367579669,0,8.30137167373836,46.917492,7.419788,5321849017,,,,,0.0,0.0
187,210,3,18,1,random_activity,2,7.616679272051026,0.0,0,0.11235883620093978,63.93682831480131,2.438008856948444,0,6.0476253633941,46.9669993,7.3770645,6019904580,gym,Gym 2,6019904580.0,walk,7867.962547174642,98.34953183968302
188,211,3,19,1,random_activity,1,4.466527528807738,0.0,0,0.0,60.44094837090892,1.097592578521707,0,4.466527528807738,46.917492,7.419788,5321849017,park,Park 1,5321849017.0,drive,7660.039052865574,15.320078105731149
189,212,3,20,0,stay,1,5.230037286874847,0.0,0,0.0,72.55535557465844,2.164451065836517,0,3.4739647446278474,46.917492,7.419788,5321849017,,,,,0.0,0.0
190,213,3,21,1,random_activity,1,4.7865300942259354,0.0,0,0.0,75.4862434259291,2.782971387259477,0,2.4147898652386837,46.9669993,7.3770645,6019904580,gym,Gym 2,6019904580.0,drive,7424.157049702068,14.848314099404137
191,214,3,22,1,random_activity,1,2.702316181490991,0.0,0,0.0,67.4298805099443,1.2526973344813823,0,2.702316181490991,46.917492,7.419788,5321849017,park,Park 1,5321849017.0,drive,7660.039052865574,15.320078105731149
192,215,3,23,0,stay,1,2.204570351783205,0.0,0,0.0,81.07940593348403,1.5659793356336684,0,0.6641577818089277,46.917492,7.419788,5321849017,,,,,0.0,0.0
193,217,3,1,1,random_activity,2,1.870733306339165,0.0,0,0.0,79.80185722824916,1.3989668537947648,0,0.5327462855633927,46.9669993,7.3770645,6019904580,gym,Gym 2,6019904580.0,walk,7867.962547174642,98.34953183968302
194,218,3,2,1,random_activity,1,0.9253204873158496,0.0,0,0.0,77.05468137670059,0.7538425121800538,0,0.9253204873158496,46.9780254,7.4653671,3994080156,pool,Pool 1,3994080156.0,bike,8326.869468290257,33.30747787316103
195,219,3,3,1,random_activity,1,0.038929740013971426,0.0,0,0.0,81.58270323544446,2.4415765940154173,0,-2.9152913214632274,46.9550733,7.4874571,430829357,gym,Gym 1,430829357.0,bike,4006.792056257755,16.02716822503102
196,220,3,4,0,stay,1,0.30301454325101973,0.0,0,0.0,87.66294321425988,3.5917184335448096,0,-3.6170836138975853,46.9550733,7.4874571,430829357,,,,,0.0,0.0
197,221,3,5,0,stay,1,1.5898368857502605,0.0,0,0.0,81.63230558162961,1.8422738741360427,0,-0.4118678429330242,46.9550733,7.4874571,430829357,,,,,0.0,0.0
198,222,3,6,0,stay,1,2.8377148039526965,0.0,0,0.0,86.22208798279134,2.7201992044626917,0,0.14125796669172846,46.9550733,7.4874571,430829357,,,,,0.0,0.0
199,223,3,7,1,random_activity,1,3.9251094356386464,0.0,0,0.14669941804468903,84.24521557516101,2.2186842528916446,0,1.8909131147057836,46.9780254,7.4653671,3994080156,pool,Pool 1,3994080156.0,drive,4066.7742830404877,8.133548566080975
200,224,3,8,1,random_activity,1,5.870156371507539,0.0,0,0.28256692626197966,74.91033233038513,0.5887179241077682,0,5.870156371507539,46.917492,7.419788,5321849017,park,Park 1,5321849017.0,bike,9411.153241443715,37.64461296577486
201,225,3,9,1,random_activity,1,6.6102664783203995,0.0,0,0.6217695254130063,70.397624472588,2.8593596958366905,0,4.537984921741606,46.9780254,7.4653671,3994080156,pool,Pool 1,3994080156.0,drive,9201.197480281015,18.402394960562027
202,226,3,10,0,stay,1,5.548415455771239,0.0,0,0.6867670074880455,68.07473079648983,2.876386486785483,0,3.254528876877774,46.9780254,7.4653671,3994080156,,,,,0.0,0.0
203,227,3,11,0,stay,1,5.944493131863832,0.0,0,0.7667159046497455,71.56872440061643,0.5324782760092206,0,5.944493131863832,46.9780254,7.4653671,3994080156,,,,,0.0,0.0
204,228,3,12,1,random_activity,1,6.3109083947911015,0.0,0,0.8492056599180893,61.95659759976392,0.0,0,6.3109083947911015,46.9550733,7.4874571,430829357,gym,Gym 1,430829357.0,bike,4006.792056257755,16.02716822503102
205,229,3,13,1,random_activity,1,7.845236681664301,0.0,0,0.8025798947993958,65.98883223921635,3.6689806717840163,0,5.528166541792478,46.917492,7.419788,5321849017,park,Park 1,5321849017.0,drive,8815.471974417153,17.630943948834304
206,230,3,14,1,random_activity,1,7.885743699451354,0.0,0,0.6837384111125764,64.5762272857324,2.1822017641206317,0,6.570747103890023,46.9780254,7.4653671,3994080156,pool,Pool 1,3994080156.0,bike,9411.153241443713,37.644612965774854
207,231,3,15,1,random_activity,1,6.974472627536573,0.0,0,0.5786547094899189,59.6362523682072,2.793623122383593,0,5.02024535701332,46.9780254,7.4653671,3994080156,pool,Pool 1,3994080156.0,bike,0.0,0.0
208,232,3,16,0,stay,1,7.663840758556892,0.0,0,0.4372200521289896,66.42584097628604,3.6875958460986498,0,5.29663459242047,46.9780254,7.4653671,3994080156,,,,,0.0,0.0
209,233,3,17,0,stay,1,7.436086356148278,0.0,0,0.19690324541929713,62.623283388250684,2.5422371185977064,0,5.7540417914921385,46.9780254,7.4653671,3994080156,,,,,0.0,0.0
210,234,3,18,0,stay,1,9.165238685732811,0.0,0,0.034167259925418234,64.52742193282259,1.6141716948783396,0,8.577262100001015,46.9780254,7.4653671,3994080156,,,,,0.0,0.0
211,235,3,19,1,random_activity,1,6.8982473314982915,0.0,0,0.0,69.84576224989027,2.482101763133738,0,5.1631417088694125,46.9780254,7.4653671,3994080156,pool,Pool 1,3994080156.0,walk,0.0,0.0
212,236,3,20,1,random_activity,1,5.565012645519412,0.0,0,0.0,74.37568581616645,1.9968298575617753,0,4.029443349553613,46.917492,7.419788,5321849017,park,Park 1,5321849017.0,bike,9411.153241443715,37.64461296577486
213,237,3,21,1,random_activity,1,4.234537142566988,0.0,0,0.0,78.89380198185755,2.501558228556298,0,1.9923650848552852,46.9669993,7.3770645,6019904580,gym,Gym 2,6019904580.0,drive,7424.157049702068,14.848314099404137
214,238,3,22,1,random_activity,1,1.9189739700267214,0.0,0,0.0,70.61808299027388,2.8632968568528425,0,-1.079878250882107,46.917492,7.419788,5321849017,park,Park 1,5321849017.0,drive,7660.039052865574,15.320078105731149
215,239,3,23,0,stay,1,1.6273355850606281,0.0,0,0.0,80.30852431635314,2.644860219058521,0,-1.2325411183281016,46.917492,7.419788,5321849017,,,,,0.0,0.0
216,240,3,0,1,random_activity,1,0.7006465416539107,0.0,0,0.0,81.73319855742928,2.0682791779648393,0,-1.7216650955403108,46.9669993,7.3770645,6019904580,gym,Gym 2,6019904580.0,drive,7424.157049702068,14.848314099404137
217,241,3,1,1,random_activity,1,0.5780956322457445,0.0,0,0.0,88.6109203876082,1.4673412181628498,0,-1.0444079075631842,46.9669993,7.3770645,6019904580,gym,Gym 2,6019904580.0,walk,0.0,0.0
218,242,3,2,1,random_activity,1,-1.3960987623206358,0.0,0,0.0,83.95506649710387,3.6898540491159046,0,-5.764448135236718,46.9669993,7.3770645,6019904580,gym,Gym 2,6019904580.0,walk,0.0,0.0
219,243,3,3,1,random_activity,1,0.00972028324192542,0.0,0,0.0,82.1475453701929,1.940812179602856,0,-2.3698968083158474,46.9780254,7.4653671,3994080156,pool,Pool 1,3994080156.0,drive,9617.431588453604,19.234863176907208
220,244,3,4,0,stay,1,0.940119153093463,0.0,0,0.0,83.24815636051417,2.4047254800833784,0,-1.81188067571288,46.9780254,7.4653671,3994080156,,,,,0.0,0.0
221,245,3,5,0,stay,1,0.9936144031250218,0.0,0,0.0,87.49578388265245,3.983785473127639,0,-3.0519429692347444,46.9780254,7.4653671,3994080156,,,,,0.0,0.0
222,246,3,6,1,random_activity,1,3.7831341358818094,0.0,0,0.0,79.6190625160668,2.996392226356255,0,1.0468304994863726,46.9550733,7.4874571,430829357,gym,Gym 1,430829357.0,bike,4006.792056257755,16.02716822503102
223,247,3,7,0,stay,1,4.138321483616947,0.0,0,0.22742819972094516,73.99123261728067,3.3209490200271174,0,1.2374429963483635,46.9550733,7.4874571,430829357,,,,,0.0,0.0
224,248,3,8,1,random_activity,1,5.551398629862881,0.0,0,0.4856468902894737,71.38693946033932,1.9832574958737537,0,4.027289406884399,46.9550733,7.4874571,430829357,gym,Gym 1,430829357.0,bike,0.0,0.0
225,249,3,9,0,stay,1,6.595799529994251,0.0,0,0.6650291493198105,67.17325040322677,1.8480098363762332,0,5.377709351409672,46.9550733,7.4874571,430829357,,,,,0.0,0.0
226,250,3,10,0,stay,1,6.855245936300041,0.0,0,0.849172940124058,69.36018943718112,1.087451656019795,0,6.855245936300041,46.9550733,7.4874571,430829357,,,,,0.0,0.0
227,251,3,11,1,random_activity,1,9.197433072534649,0.0,0,0.9312203334867268,68.64113315038536,1.7254238521037129,0,8.504508881750617,46.9780254,7.4653671,3994080156,pool,Pool 1,3994080156.0,walk,4006.792056257754,50.084900703221926
228,252,3,12,1,random_activity,1,11.065441437554627,0.0,0,0.9824905211558516,70.96515446487375,4.039671274429856,0,11.065441437554627,46.917492,7.419788,5321849017,park,Park 1,5321849017.0,bike,9411.153241443715,37.64461296577486
229,253,3,13,1,random_activity,1,10.538063889991848,0.0,0,0.9283173872279482,63.02998444373123,2.56776476401199,0,10.538063889991848,46.9780254,7.4653671,3994080156,pool,Pool 1,3994080156.0,bike,9411.153241443713,37.644612965774854
230,254,3,14,1,random_activity,1,9.386184123243453,0.0,0,0.8007028779796396,62.70721976804215,2.28758828755767,0,8.249401387235451,46.9550733,7.4874571,430829357,gym,Gym 1,430829357.0,drive,4005.4778910771374,8.010955782154275
231,255,3,15,1,random_activity,1,9.428304868885917,0.0,0,0.8040075657001889,69.28642780084671,1.034289669664355,0,9.428304868885917,46.9550733,7.4874571,430829357,gym,Gym 1,430829357.0,drive,0.0,0.0
232,256,3,16,1,random_activity,1,9.437870009353313,0.0,0,0.5323898290326181,66.24210569970828,2.8220876242228288,0,7.945237093160074,46.9780254,7.4653671,3994080156,pool,Pool 1,3994080156.0,walk,4006.792056257754,50.084900703221926
233,257,3,17,1,random_activity,1,9.173120141008622,0.0,0,0.2577089934085565,59.40111937767234,2.1818517797394827,0,8.080394050712279,46.917492,7.419788,5321849017,park,Park 1,5321849017.0,bike,9411.153241443715,37.64461296577486
234,258,3,18,0,stay,1,7.447675286208315,0.0,0,0.0389411762951934,61.268624307067356,1.2799316046781093,0,7.447675286208315,46.917492,7.419788,5321849017,,,,,0.0,0.0
235,259,3,19,0,stay,1,6.159098853884044,0.0,0,0.0,67.577605477492,3.260117383099871,0,3.7232489542457774,46.917492,7.419788,5321849017,,,,,0.0,0.0
236,260,3,20,0,stay,1,3.461309696394178,0.0,0,0.0,72.50204784695403,2.1654931282872742,0,1.4004423700403024,46.917492,7.419788,5321849017,,,,,0.0,0.0
237,261,3,21,0,stay,1,3.428682256555587,0.0,0,0.0,67.33348471890254,2.916484194651477,0,0.6842579962633779,46.917492,7.419788,5321849017,,,,,0.0,0.0
238,262,3,22,1,random_activity,1,3.8345091931499367,0.0,0,0.0,70.81779117755421,1.947860488091821,0,2.0674870597042627,46.9780254,7.4653671,3994080156,pool,Pool 1,3994080156.0,drive,9201.197480281015,18.402394960562027
239,263,3,23,1,random_activity,1,2.623826304428855,0.0,0,0.0,83.33978356340947,1.8604298321744819,0,0.7632542238445181,46.9780254,7.4653671,3994080156,pool,Pool 1,3994080156.0,bike,0.0,0.0
240,265,3,1,1,random_activity,2,1.604023622867565,0.0,0,0.0,86.01170805378743,2.6442881828068607,0,-1.2597418537898974,46.917492,7.419788,5321849017,park,Park 1,5321849017.0,walk,9411.153241443715,117.63941551804643
241,266,3,2,1,random_activity,1,0.22473639699159143,0.0,0,0.0,79.99150602303739,2.7993783417606837,0,-3.0486927401560573,46.9780254,7.4653671,3994080156,pool,Pool 1,3994080156.0,drive,9201.197480281015,18.402394960562027
242,267,3,3,1,random_activity,1,0.9656243845475894,0.0,0,0.0,88.9960266690022,2.389564310975397,0,-1.7660713378253707,46.917492,7.419788,5321849017,park,Park 1,5321849017.0,drive,9389.936467512754,18.77987293502551
243,268,3,4,1,random_activity,1,0.3376047188897784,0.0,0,0.0,77.37661077803692,2.6409533829613556,0,-2.7630649412725106,46.9780254,7.4653671,3994080156,pool,Pool 1,3994080156.0,drive,9201.197480281015,18.402394960562027
244,269,3,5,0,stay,1,0.3770677996966605,0.0,0,0.0,80.3084781179796,1.9076243247086202,0,-1.9007891402975179,46.9780254,7.4653671,3994080156,,,,,0.0,0.0
245,271,3,7,1,random_activity,2,2.956071230937995,0.0,0,0.20597455754461183,75.08005683161491,1.8863681633034148,0,1.1175380683869602,46.917492,7.419788,5321849017,park,Park 1,5321849017.0,walk,9411.153241443715,117.63941551804643
246,272,3,8,1,random_activity,1,3.468718009595981,0.0,0,0.40928798203678357,69.76092835186961,2.3296476472503,0,1.2459776018875088,46.917492,7.419788,5321849017,park,Park 1,5321849017.0,drive,0.0,0.0
247,273,3,9,1,random_activity,1,5.065412712777836,0.0,0,0.6678495499247308,73.19844667467318,1.0371205760546955,0,5.065412712777836,46.917492,7.419788,5321849017,park,Park 1,5321849017.0,walk,0.0,0.0
248,274,3,10,1,random_activity,1,6.570861540749478,0.0,0,0.8823341532292901,67.29465439113895,2.0775792990350297,0,5.12450861047494,46.9780254,7.4653671,3994080156,pool,Pool 1,3994080156.0,bike,9411.153241443713,37.644612965774854
249,275,3,11,0,stay,1,6.151994986997408,0.0,0,0.8497092260014543,66.60669162778782,2.9542126409802205,0,3.921681097446859,46.9780254,7.4653671,3994080156,,,,,0.0,0.0
250,276,3,12,1,random_activity,1,7.213082675112288,0.0,0,0.9578758290615391,67.41869473073868,2.502376798395759,0,5.5201519858506,46.9780254,7.4653671,3994080156,pool,Pool 1,3994080156.0,bike,0.0,0.0
251,277,3,13,1,random_activity,1,7.224539609512378,0.0,0,0.9602703614833279,59.17001840663876,3.1061518564156714,0,5.108548888748016,46.9550733,7.4874571,430829357,gym,Gym 1,430829357.0,drive,4005.4778910771374,8.010955782154275
252,278,3,14,1,random_activity,1,8.543329141116242,0.0,0,0.8792182837564058,64.419472157379,2.025852245252275,0,7.472915251116727,46.9550733,7.4874571,430829357,gym,Gym 1,430829357.0,walk,0.0,0.0
253,279,3,15,1,random_activity,1,8.988135915299571,0.0,0,0.6930447545514314,55.619171893515954,2.6257034991051507,0,7.537262331490279,46.9780254,7.4653671,3994080156,pool,Pool 1,3994080156.0,walk,4006.792056257754,50.084900703221926
254,280,3,16,0,stay,1,8.307241152477458,0.0,0,0.5422881905870975,68.1102750042361,2.2372459786622887,0,7.020098702608956,46.9780254,7.4653671,3994080156,,,,,0.0,0.0
255,281,3,17,1,random_activity,1,6.020494661277952,0.0,0,0.34597880885288174,60.69999699359163,2.5000497215138724,0,4.109262653293623,46.9780254,7.4653671,3994080156,pool,Pool 1,3994080156.0,drive,0.0,0.0
256,282,3,18,0,stay,1,6.113561648583184,0.0,0,0.025347762157964953,59.73412750014631,2.426454870407992,0,4.280107873514278,46.9780254,7.4653671,3994080156,,,,,0.0,0.0
257,283,3,19,1,random_activity,1,5.49722960891801,0.0,0,0.0,59.16523083052505,1.0231078124920878,0,5.49722960891801,46.917492,7.419788,5321849017,park,Park 1,5321849017.0,bike,9411.153241443715,37.64461296577486
258,285,3,21,1,random_activity,2,3.7249512163117737,0.0,0,0.0,73.17040859415738,2.104664930137664,0,1.7718267354099935,46.9780254,7.4653671,3994080156,pool,Pool 1,3994080156.0,walk,9411.153241443713,117.63941551804642
259,286,3,22,0,stay,1,2.4288338193877568,0.0,0,0.0,75.19073214309486,3.2183062150037314,0,-0.754772831956788,46.9780254,7.4653671,3994080156,,,,,0.0,0.0
260,287,3,23,0,stay,1,0.28648584590539716,0.0,0,0.0,82.9552943557986,2.5107793606812328,0,-2.693958127223374,46.9780254,7.4653671,3994080156,,,,,0.0,0.0
261,288,3,0,1,random_activity,1,-0.15191743746982533,0.0,0,0.0,79.08315650565469,3.63863016073845,0,-4.2070207544325315,46.917492,7.419788,5321849017,park,Park 1,5321849017.0,drive,9389.936467512754,18.77987293502551
262,289,3,1,1,random_activity,1,-0.13590483563691347,0.0,0,0.0,76.7375366305508,1.6410556512121364,0,-2.1264609770495864,46.9780254,7.4653671,3994080156,pool,Pool 1,3994080156.0,bike,9411.153241443713,37.644612965774854
263,290,3,2,1,random_activity,1,-0.4736002941937163,0.0,0,0.0,85.58966693879998,0.9079592875321698,0,-0.4736002941937163,46.9780254,7.4653671,3994080156,pool,Pool 1,3994080156.0,drive,0.0,0.0
264,291,3,3,0,stay,1,-0.5875489813507264,0.0,0,0.0,82.32128400338188,0.999464477774529,0,-0.5875489813507264,46.9780254,7.4653671,3994080156,,,,,0.0,0.0
265,292,3,4,0,stay,1,-0.7265074755531011,0.0,0,0.0,85.2751013390519,2.7121709274630073,0,-4.100115089294988,46.9780254,7.4653671,3994080156,,,,,0.0,0.0
266,293,3,5,1,random_activity,1,-0.4107207020834658,0.0,0,0.0,81.16712567575456,0.9419773999980474,0,-0.4107207020834658,46.917492,7.419788,5321849017,park,Park 1,5321849017.0,bike,9411.153241443715,37.64461296577486
267,294,3,6,0,stay,1,1.050597318430409,0.0,0,0.0,74.19563747788561,1.827385468113538,0,-1.0169297801073738,46.917492,7.419788,5321849017,,,,,0.0,0.0
268,296,3,8,1,random_activity,2,2.8366638010347462,0.0,0,0.5159898819866479,84.100183929296,0.3397029001005707,0,2.8366638010347462,46.9780254,7.4653671,3994080156,pool,Pool 1,3994080156.0,walk,9411.153241443713,117.63941551804642
269,297,3,9,1,random_activity,1,5.18748213692981,0.0,0,0.7417299294164836,75.571473595422,1.7352318491748135,0,3.873250624226322,46.9550733,7.4874571,430829357,gym,Gym 1,430829357.0,bike,4006.792056257755,16.02716822503102
270,298,3,10,0,stay,1,5.44350630351725,0.0,0,0.9396295006030226,73.20850848150432,1.7330557145550551,0,4.1708222861921245,46.9550733,7.4874571,430829357,,,,,0.0,0.0
271,299,3,11,1,random_activity,1,5.473562521627044,0.0,0,1.0,69.22627845700553,3.738356955253262,0,2.5925477190070487,46.9550733,7.4874571,430829357,gym,Gym 1,430829357.0,walk,0.0,0.0
272,300,3,12,1,random_activity,1,6.906307065335684,0.0,0,1.0,65.46186107248576,2.12730325629923,0,5.471223218883235,46.9780254,7.4653671,3994080156,pool,Pool 1,3994080156.0,drive,4066.7742830404877,8.133548566080975
273,301,3,13,0,stay,1,7.481229358082276,0.0,0,1.0,61.424043439791745,1.1053325619591061,0,7.481229358082276,46.9780254,7.4653671,3994080156,,,,,0.0,0.0
274,303,3,15,1,random_activity,2,9.769264030497997,0.0,0,0.8265460326015749,59.159834156652956,1.150557467378231,0,9.769264030497997,46.917492,7.419788,5321849017,park,Park 1,5321849017.0,walk,9411.153241443715,117.63941551804643
275,304,3,16,1,random_activity,1,9.158119484332124,0.0,0,0.6169894696070474,60.27223812489575,1.5803919507892839,0,8.603723590250357,46.917492,7.419788,5321849017,park,Park 1,5321849017.0,walk,0.0,0.0
276,305,3,17,1,random_activity,1,9.359964528783674,0.0,0,0.3845221687582723,63.85749456176344,4.014115363119404,0,7.208840554259126,46.917492,7.419788,5321849017,park,Park 1,5321849017.0,bike,0.0,0.0
277,306,3,18,1,random_activity,1,8.019929421277247,0.0,0,0.0,60.78431442419564,1.3584901816812693,0,7.5593665607491465,46.9669993,7.3770645,6019904580,gym,Gym 2,6019904580.0,drive,7424.157049702068,14.848314099404137
278,308,3,20,1,random_activity,2,8.610897922679568,0.0,0,0.0,63.70154414770796,1.838892439228484,0,7.719669967848869,46.917492,7.419788,5321849017,park,Park 1,5321849017.0,walk,7867.962547174642,98.34953183968302
279,309,3,21,1,random_activity,1,7.219269815042717,0.0,0,0.0,67.30271392690535,1.1225579609763476,0,7.219269815042717,46.9780254,7.4653671,3994080156,pool,Pool 1,3994080156.0,bike,9411.153241443713,37.644612965774854
280,310,3,22,1,random_activity,1,5.696239887410938,0.0,0,0.0,77.5238529547731,0.25089946940214225,0,5.696239887410938,46.917492,7.419788,5321849017,park,Park 1,5321849017.0,drive,9389.936467512754,18.77987293502551
281,311,3,23,1,random_activity,1,2.8127102584730705,0.0,0,0.0,71.79903158258718,2.4412418454503233,0,0.3648261557226778,46.9780254,7.4653671,3994080156,pool,Pool 1,3994080156.0,bike,9411.153241443713,37.644612965774854
282,312,3,0,1,random_activity,1,0.24398781640844835,0.0,0,0.0,81.0381719414563,1.939441511941017,0,-2.095892597842523,46.9780254,7.4653671,3994080156,pool,Pool 1,3994080156.0,walk,0.0,0.0
283,313,3,1,0,stay,1,-0.47956995618392195,0.0,0,0.0,82.1182381525592,2.168234974122418,0,-3.220581483471404,46.9780254,7.4653671,3994080156,,,,,0.0,0.0
284,314,3,2,1,random_activity,1,-2.265805950146551,0.0,0,0.0,85.36566428679073,2.581628101781167,0,-5.796086237051349,46.9550733,7.4874571,430829357,gym,Gym 1,430829357.0,bike,4006.792056257755,16.02716822503102
285,315,3,3,0,stay,1,-3.4904629678831034,0.0,0,0.0,86.1858103602158,0.6209329041128291,0,-3.4904629678831034,46.9550733,7.4874571,430829357,,,,,0.0,0.0
286,317,3,5,1,random_activity,2,-1.3677571251628566,0.0,0,0.0,82.8255436717549,2.9461110743928964,0,-5.092866941290267,46.917492,7.419788,5321849017,park,Park 1,5321849017.0,walk,8390.027889932695,104.87534862415869
287,318,3,6,1,random_activity,1,1.0344738939127214,0.0,0,0.0,83.85134748781579,2.715646729587184,0,-2.004359356456287,46.917492,7.419788,5321849017,park,Park 1,5321849017.0,drive,0.0,0.0
288,319,3,7,1,random_activity,1,1.3943355074115436,0.0,0,0.1533556811846469,74.81408828734797,2.797817640914764,0,-1.6498155139583521,46.917492,7.419788,5321849017,park,Park 1,5321849017.0,bike,0.0,0.0
289,320,3,8,0,stay,1,3.3426914632533093,0.0,0,0.3530472017030582,82.09805322573243,2.3756679417439557,0,1.0532679264378055,46.917492,7.419788,5321849017,,,,,0.0,0.0
290,321,3,9,1,random_activity,1,4.669641151822202,0.0,0,0.5476629231466494,65.1673012779678,1.0021014639243708,0,4.669641151822202,46.917492,7.419788,5321849017,park,Park 1,5321849017.0,bike,0.0,0.0
291,322,3,10,1,random_activity,1,5.604910702366537,0.0,0,0.6665419557991354,69.48914958675304,1.6867658233737228,0,4.409802962695311,46.9669993,7.3770645,6019904580,gym,Gym 2,6019904580.0,drive,7424.157049702068,14.848314099404137
292,324,3,12,1,random_activity,2,7.166615688318365,0.0,0,0.7501319910303331,60.575328106512075,3.034994718176396,0,5.085201268949133,46.917492,7.419788,5321849017,park,Park 1,5321849017.0,walk,7867.962547174642,98.34953183968302
293,325,3,13,1,random_activity,1,9.420391514918421,0.0,0,0.7789854807560364,62.70343283666375,2.431908380734721,0,8.184479677174647,46.9669993,7.3770645,6019904580,gym,Gym 2,6019904580.0,bike,7867.962547174642,31.471850188698568
294,326,3,14,1,random_activity,1,10.010835316229702,0.0,0,0.7030739802741607,57.6086302770518,1.7505547651795283,0,10.010835316229702,46.9780254,7.4653671,3994080156,pool,Pool 1,3994080156.0,drive,9617.431588453604,19.234863176907208
295,327,3,15,0,stay,1,8.416496116087185,0.0,0,0.5814186159040856,56.565764375841624,3.647131633666217,0,6.2368051894639285,46.9780254,7.4653671,3994080156,,,,,0.0,0.0
296,328,3,16,0,stay,1,9.825428903780013,0.0,0,0.3798447687028418,63.56428071932602,2.28115794452004,0,8.77093556741895,46.9780254,7.4653671,3994080156,,,,,0.0,0.0
297,329,3,17,0,stay,1,9.494220727824116,0.0,0,0.15406644809023876,60.362544886169346,2.634286579582077,0,8.133306373556866,46.9780254,7.4653671,3994080156,,,,,0.0,0.0
298,330,3,18,0,stay,1,6.751302777463913,0.0,0,0.009302742654488105,68.22443910927795,1.734724852574716,0,5.676258111547767,46.9780254,7.4653671,3994080156,,,,,0.0,0.0
299,331,3,19,1,random_activity,1,5.678956199380669,0.0,0,0.0,68.19252203437763,3.0570436311436926,0,3.2811075703769217,46.9550733,7.4874571,430829357,gym,Gym 1,430829357.0,walk,4006.792056257755,50.08490070322194
300,332,3,20,1,random_activity,1,5.012404629132592,0.0,0,0.0,72.78383820552996,2.3178578643891767,0,3.075493193475229,46.9550733,7.4874571,430829357,gym,Gym 1,430829357.0,drive,0.0,0.0
301,333,3,21,1,random_activity,1,4.641893656791737,0.0,0,0.0,61.14433354451394,0.0,0,4.641893656791737,46.9550733,7.4874571,430829357,gym,Gym 1,430829357.0,drive,0.0,0.0
302,334,3,22,1,random_activity,1,3.3144332966090144,0.0,0,0.0,80.30951536813724,1.0270512140243666,0,3.3144332966090144,46.9780254,7.4653671,3994080156,pool,Pool 1,3994080156.0,bike,4006.792056257754,16.027168225031016
303,335,3,23,1,random_activity,1,2.33812093052682,0.0,0,0.0,74.64823007727735,1.2460837356460535,0,2.33812093052682,46.9550733,7.4874571,430829357,gym,Gym 1,430829357.0,drive,4005.4778910771374,8.010955782154275
304,336,3,0,1,random_activity,1,1.1775209038040535,0.0,0,0.0,75.66994523470426,1.5094514701245785,0,-0.42646006493235095,46.9550733,7.4874571,430829357,gym,Gym 1,430829357.0,bike,0.0,0.0
305,337,3,1,1,random_activity,1,-0.3984441758401083,0.0,0,0.0,78.18879612771755,1.658180652792578,0,-2.4532709085155484,46.917492,7.419788,5321849017,park,Park 1,5321849017.0,drive,8815.471974417153,17.630943948834304
306,338,3,2,0,stay,1,-1.5788275037953716,0.0,0,0.0,77.58327832691823,0.45570703300944904,0,-1.5788275037953716,46.917492,7.419788,5321849017,,,,,0.0,0.0
307,339,3,3,1,random_activity,1,-1.981180267508993,0.0,0,0.0,86.29019219648671,3.8007704812721235,0,-6.565957517016233,46.917492,7.419788,5321849017,park,Park 1,5321849017.0,drive,0.0,0.0
308,340,3,4,0,stay,1,-1.8265536472310506,0.0,0,0.0,88.57559017272311,2.3722421039532096,0,-5.042397158811781,46.917492,7.419788,5321849017,,,,,0.0,0.0
309,341,3,5,0,stay,1,-1.0451560338742225,0.0,0,0.0,81.11333656317835,1.7311586880195533,0,-3.304565939948644,46.917492,7.419788,5321849017,,,,,0.0,0.0
310,343,3,7,1,random_activity,2,0.45757847920931605,0.0,0,0.20560585937494866,78.12361957862659,2.3907106998699406,0,-2.3670303133043507,46.9669993,7.3770645,6019904580,gym,Gym 2,6019904580.0,walk,7867.962547174642,98.34953183968302
311,344,3,8,1,random_activity,1,1.8151979517785786,0.0,0,0.4049106374296102,80.18086116197445,3.557269346376681,0,-1.7502985495615162,46.917492,7.419788,5321849017,park,Park 1,5321849017.0,bike,7867.962547174642,31.471850188698568
312,345,3,9,1,random_activity,1,2.821871821382953,3.838381450776039,1,0.18323141548922411,81.2829704754448,2.6248377603908435,0,0.20639487898254316,46.917492,7.419788,5321849017,park,Park 1,5321849017.0,walk,0.0,0.0
313,347,3,11,1,random_activity,2,4.194840926845748,0.43069440903538136,1,0.30592859638707126,83.46377741480723,3.0362586095736486,0,1.511291139573127,46.9669993,7.3770645,6019904580,gym,Gym 2,6019904580.0,walk,7867.962547174642,98.34953183968302
314,348,3,12,0,stay,1,5.584570420802759,1.5461404309572444,1,0.2824745776588482,74.4488926535442,4.371322092633529,0,2.3767112017587917,46.9669993,7.3770645,6019904580,,,,,0.0,0.0
315,349,3,13,1,random_activity,1,7.80904014620983,0.9646794988183905,1,0.3211680370357016,77.14156215546336,1.588366406441669,0,7.0506093793411315,46.917492,7.419788,5321849017,park,Park 1,5321849017.0,bike,7867.962547174642,31.471850188698568
316,351,3,15,1,random_activity,2,8.494027379166658,3.8770311407286684,1,0.1951758529531612,73.08230413205885,3.065480351445663,0,6.662383263201942,46.9669993,7.3770645,6019904580,gym,Gym 2,6019904580.0,walk,7867.962547174642,98.34953183968302
317,352,3,16,1,random_activity,1,7.105376457859033,0.9896174203867186,1,0.1823559764937826,72.21703528395673,0.5184893479586489,0,7.105376457859033,46.917492,7.419788,5321849017,park,Park 1,5321849017.0,drive,7660.039052865574,15.320078105731149
318,353,3,17,1,random_activity,1,7.119281642022919,1.9479285379829148,1,0.11635282788892573,70.94543627608479,2.229955426940336,0,5.630901034374026,46.917492,7.419788,5321849017,park,Park 1,5321849017.0,drive,0.0,0.0
319,355,3,19,1,random_activity,2,5.044195127914905,1.9488245415406134,1,0.0,81.7352531894448,1.49668059892113,0,4.001660225584981,46.9780254,7.4653671,3994080156,pool,Pool 1,3994080156.0,walk,9411.153241443713,117.63941551804642
320,356,3,20,0,stay,1,5.002338466731123,1.1778033936256604,1,0.0,92.47779825170062,1.6202361778795678,0,3.797069019605546,46.9780254,7.4653671,3994080156,,,,,0.0,0.0
321,357,3,21,1,random_activity,1,2.3321771667622935,1.8268591397517906,1,0.0,78.93267539428257,2.117824509575822,0,0.1289111695382614,46.917492,7.419788,5321849017,park,Park 1,5321849017.0,drive,9389.936467512754,18.77987293502551
322,358,3,22,0,stay,1,1.3442923584366206,1.3865788354975117,1,0.0,87.25462847097735,2.461703134045251,0,-1.3919469917790965,46.917492,7.419788,5321849017,,,,,0.0,0.0
323,359,3,23,0,stay,1,1.2985990198298987,0.0,0,0.0,71.42984433863354,1.9262776874143623,0,-0.8541625050712772,46.917492,7.419788,5321849017,,,,,0.0,0.0
324,361,3,1,1,random_activity,2,-0.5014884308504548,0.0,0,0.0,83.5641065407478,1.1710959706329673,0,-0.5014884308504548,46.9780254,7.4653671,3994080156,pool,Pool 1,3994080156.0,walk,9411.153241443713,117.63941551804642
325,362,3,2,1,random_activity,1,-0.18754052271886135,0.0,0,0.0,84.5937231259428,2.5096469835165953,0,-3.2544784971417666,46.917492,7.419788,5321849017,park,Park 1,5321849017.0,bike,9411.153241443715,37.64461296577486
326,363,3,3,1,random_activity,1,-0.19763916575862306,0.0,0,0.0,86.1098626310938,1.8256189493405661,0,-2.4587682396901065,46.9780254,7.4653671,3994080156,pool,Pool 1,3994080156.0,drive,9201.197480281015,18.402394960562027
327,364,3,4,1,random_activity,1,0.27186166421650415,0.0,0,0.0,86.82304447630939,2.8550111602779538,0,-3.0437499814763176,46.9550733,7.4874571,430829357,gym,Gym 1,430829357.0,drive,4005.4778910771374,8.010955782154275
328,366,3,6,1,random_activity,2,-0.0628584091596327,0.0,0,0.0,74.95662571300367,3.434794284811643,0,-3.940626223324066,46.917492,7.419788,5321849017,park,Park 1,5321849017.0,walk,8390.027889932695,104.87534862415869
329,367,3,7,0,stay,1,2.0216021059531144,0.0,0,0.17501503138974842,74.7178901508929,1.7903508645446986,0,0.15323232498272907,46.917492,7.419788,5321849017,,,,,0.0,0.0
330,369,3,9,1,random_activity,2,4.827259081491923,0.0,0,0.6074234192060497,75.18118030685848,2.928990435655158,0,2.3511776863414804,46.9780254,7.4653671,3994080156,pool,Pool 1,3994080156.0,walk,9411.153241443713,117.63941551804642
331,370,3,10,0,stay,1,6.130376259438086,0.0,0,0.7381396689927681,72.59180461129633,2.372078508655229,0,4.345722802600396,46.9780254,7.4653671,3994080156,,,,,0.0,0.0
332,371,3,11,1,random_activity,1,7.328142766308299,0.0,0,0.8283067038713571,65.62802322605008,2.354545263850559,0,5.773043498375661,46.917492,7.419788,5321849017,park,Park 1,5321849017.0,bike,9411.153241443715,37.64461296577486
333,372,3,12,1,random_activity,1,8.37513359574938,0.0,0,0.9612493784355556,62.242842613486054,1.8975685666148188,0,7.39191820193737,46.9780254,7.4653671,3994080156,pool,Pool 1,3994080156.0,bike,9411.153241443713,37.644612965774854
334,373,3,13,0,stay,1,9.3158142391067,0.0,0,0.8799693458404676,63.22244698388978,2.4552758672188597,0,8.04423934205293,46.9780254,7.4653671,3994080156,,,,,0.0,0.0
335,374,3,14,0,stay,1,12.150838754072101,0.0,0,0.7818347345058868,57.33137047911883,1.6244147632171622,0,12.150838754072101,46.9780254,7.4653671,3994080156,,,,,0.0,0.0
336,375,3,15,0,stay,1,11.403315014297691,0.0,0,0.6382026635806617,57.8910346198853,2.1491930604493854,0,11.403315014297691,46.9780254,7.4653671,3994080156,,,,,0.0,0.0
337,376,3,16,1,random_activity,1,11.416115285682913,0.0,0,0.46972941064216805,58.56748050989518,1.5524370167221382,0,11.416115285682913,46.9780254,7.4653671,3994080156,pool,Pool 1,3994080156.0,drive,0.0,0.0
338,377,3,17,0,stay,1,9.705726417338216,0.0,0,0.30027309580929173,68.35720660389136,2.7067372328218795,0,8.337975960173639,46.9780254,7.4653671,3994080156,,,,,0.0,0.0
339,379,3,19,1,random_activity,2,7.260178515451033,0.0,0,0.0,63.45355990031453,1.707059932660381,0,6.292000717522236,46.917492,7.419788,5321849017,park,Park 1,5321849017.0,walk,9411.153241443715,117.63941551804643
340,380,3,20,0,stay,1,5.121681601252684,0.0,0,0.0,72.90055333748286,2.4680338940299307,0,3.0718945035734575,46.917492,7.419788,5321849017,,,,,0.0,0.0
341,381,3,21,0,stay,1,4.7731629687512545,0.0,0,0.0,74.19382668467765,1.9012728505408942,0,3.208689090928295,46.917492,7.419788,5321849017,,,,,0.0,0.0
342,382,3,22,0,stay,1,2.8002432414750387,0.0,0,0.0,76.02318551972182,0.8075976087777477,0,2.8002432414750387,46.917492,7.419788,5321849017,,,,,0.0,0.0
343,383,3,23,0,stay,1,3.7964780778208422,0.0,0,0.0,74.11781920153908,2.639186299261529,0,1.352842797833694,46.917492,7.419788,5321849017,,,,,0.0,0.0
344,384,3,0,1,random_activity,1,1.0075919749577802,0.0,0,0.0,80.3117024014332,2.055754381720373,0,-1.3485511675000792,46.9780254,7.4653671,3994080156,pool,Pool 1,3994080156.0,bike,9411.153241443713,37.644612965774854
345,385,3,1,1,random_activity,1,0.35557895118636107,0.0,0,0.0,87.15828067936718,2.2726400188880382,0,-2.359639734459673,46.9550733,7.4874571,430829357,gym,Gym 1,430829357.0,bike,4006.792056257755,16.02716822503102
346,386,3,2,1,random_activity,1,0.508324637088809,0.0,0,0.0,86.70398573592395,2.6886759331286836,0,-2.6059102961329867,46.9550733,7.4874571,430829357,gym,Gym 1,430829357.0,bike,0.0,0.0
347,387,3,3,1,random_activity,1,2.031381683251741,0.0,0,0.0,82.94628177652359,1.5068670890724492,0,0.5514938962235681,46.9780254,7.4653671,3994080156,pool,Pool 1,3994080156.0,drive,4066.7742830404877,8.133548566080975
348,388,3,4,1,random_activity,1,0.5548056917275872,0.0,0,0.0,83.85849711826648,2.274143556823203,0,-2.126993454128794,46.9550733,7.4874571,430829357,gym,Gym 1,430829357.0,bike,4006.792056257755,16.02716822503102
349,389,3,5,0,stay,1,0.08034126153226584,0.0,0,0.0,85.31712635863988,2.3874386883015184,0,-2.8088717258309517,46.9550733,7.4874571,430829357,,,,,0.0,0.0
350,390,3,6,1,random_activity,1,1.5010084262968,0.0,0,0.0,87.20756698080764,1.33795093690614,0,1.5010084262968,46.9550733,7.4874571,430829357,gym,Gym 1,430829357.0,drive,0.0,0.0
351,391,3,7,0,stay,1,1.6071817101545087,0.0,0,0.14855407247587218,77.93579809905489,2.1278460692980894,0,-0.7304100373663837,46.9550733,7.4874571,430829357,,,,,0.0,0.0
352,392,3,8,0,stay,1,2.2625217830105546,0.0,0,0.26732008540677404,74.3509648084192,2.954074896719834,0,-0.744786074708546,46.9550733,7.4874571,430829357,,,,,0.0,0.0
353,393,3,9,1,random_activity,1,3.7679878458937366,0.0,0,0.5203315460764072,76.55978593204335,1.3707344201042746,0,2.7270193244680265,46.9550733,7.4874571,430829357,gym,Gym 1,430829357.0,drive,0.0,0.0
354,394,3,10,1,random_activity,1,4.1835107077726645,0.0,0,0.6049077174120302,73.7430387380904,2.3973465196885955,0,2.0255175059409205,46.9550733,7.4874571,430829357,gym,Gym 1,430829357.0,bike,0.0,0.0
355,395,3,11,0,stay,1,5.042382181312439,0.0,0,0.6742210177053443,72.25203691389136,2.0440160911041705,0,3.372680799086984,46.9550733,7.4874571,430829357,,,,,0.0,0.0
356,396,3,12,0,stay,1,6.311191168464147,0.0,0,0.6257237587557563,62.314642039227216,1.8356150009161463,0,5.061053687937916,46.9550733,7.4874571,430829357,,,,,0.0,0.0
357,397,3,13,0,stay,1,8.2994525940078,0.0,0,0.687222952245585,71.75688184754414,0.0,0,8.2994525940078,46.9550733,7.4874571,430829357,,,,,0.0,0.0
358,398,3,14,1,random_activity,1,10.036212723822757,0.0,0,0.618143797227476,64.20510230024247,3.0839523911661804,0,10.036212723822757,46.9550733,7.4874571,430829357,gym,Gym 1,430829357.0,bike,0.0,0.0
359,399,3,15,1,random_activity,1,12.131533678007608,0.0,0,0.5492584906459961,65.4070028656083,0.9357285457235722,0,12.131533678007608,46.9550733,7.4874571,430829357,gym,Gym 1,430829357.0,drive,0.0,0.0
360,400,3,16,1,random_activity,1,12.491712487816057,0.0,0,0.4050866839678034,58.867963591396126,4.258013949575784,0,12.491712487816057,46.9780254,7.4653671,3994080156,pool,Pool 1,3994080156.0,drive,4066.7742830404877,8.133548566080975
361,401,3,17,1,random_activity,1,10.593231732464625,0.0,0,0.08961591817671477,60.86297034822207,1.8522404210214929,0,10.593231732464625,46.9550733,7.4874571,430829357,gym,Gym 1,430829357.0,walk,4006.792056257755,50.08490070322194
362,402,3,18,1,random_activity,1,10.710878249044216,0.0,0,0.02890504684614672,69.51175732869534,2.8611258479146064,0,10.710878249044216,46.917492,7.419788,5321849017,park,Park 1,5321849017.0,bike,8390.027889932695,33.56011155973078
363,403,3,19,1,random_activity,1,9.596239872574746,0.0,0,0.0,75.29980106124589,1.969371633498145,0,8.74743085883992,46.9669993,7.3770645,6019904580,gym,Gym 2,6019904580.0,drive,7424.157049702068,14.848314099404137
364,404,3,20,1,random_activity,1,9.170753859352144,0.0,0,0.0,59.013440511739105,3.112202624755424,0,7.4491380372134905,46.9780254,7.4653671,3994080156,pool,Pool 1,3994080156.0,bike,8326.869468290257,33.30747787316103
365,405,3,21,1,random_activity,1,8.711676669831933,0.0,0,0.0,67.28454944537663,2.335579096954609,0,7.418882294946367,46.9550733,7.4874571,430829357,gym,Gym 1,430829357.0,walk,4006.792056257755,50.08490070322194
366,406,3,22,0,stay,1,7.009101045234614,0.0,0,0.0,74.32373685661047,2.1731172480350867,0,5.550903401831988,46.9550733,7.4874571,430829357,,,,,0.0,0.0
367,407,3,23,1,random_activity,1,6.2141024088698344,0.0,0,0.0,75.63125186307511,2.8751495132426848,0,4.052468004296064,46.9550733,7.4874571,430829357,gym,Gym 1,430829357.0,drive,0.0,0.0
368,408,3,0,1,random_activity,1,3.69119900797544,0.0,0,0.0,85.57025185207964,2.0589072396085357,0,1.780418367457099,46.917492,7.419788,5321849017,park,Park 1,5321849017.0,bike,8390.027889932695,33.56011155973078
369,409,3,1,1,random_activity,1,3.167406892964526,0.0,0,0.0,76.40702077236752,2.170200597958299,0,1.0511794895983841,46.9780254,7.4653671,3994080156,pool,Pool 1,3994080156.0,bike,9411.153241443713,37.644612965774854
370,410,3,2,1,random_activity,1,2.5992515561398326,0.0,0,0.0,88.56784961662443,3.1674116547403024,0,-0.5099968707816337,46.9550733,7.4874571,430829357,gym,Gym 1,430829357.0,walk,4006.792056257755,50.08490070322194
371,411,3,3,1,random_activity,1,2.4941167303569407,0.0,0,0.0,87.10111860977935,4.225523742193742,0,-1.3595657958101073,46.917492,7.419788,5321849017,park,Park 1,5321849017.0,drive,8815.471974417153,17.630943948834304
372,412,3,4,0,stay,1,1.457865163337995,0.0,0,0.0,82.01894210838854,2.831126306706592,0,-1.603491658643868,46.917492,7.419788,5321849017,,,,,0.0,0.0
373,413,3,5,1,random_activity,1,1.4551925879845815,0.0,0,0.0,79.37900026506907,0.24860028914190768,0,1.4551925879845815,46.917492,7.419788,5321849017,park,Park 1,5321849017.0,drive,0.0,0.0
374,414,3,6,0,stay,1,2.0587846398139784,0.0,0,0.0,74.41012395219316,1.9810368033457855,0,-0.035793559812208206,46.917492,7.419788,5321849017,,,,,0.0,0.0
375,416,3,8,1,random_activity,2,3.5144348202484097,0.0,0,0.23355303900146446,75.90191063809911,2.734844274605389,0,0.9357071914823459,46.9780254,7.4653671,3994080156,pool,Pool 1,3994080156.0,walk,9411.153241443713,117.63941551804642
376,417,3,9,1,random_activity,1,3.2998149148258884,0.0,0,0.44916272465671825,72.37247098278571,1.4900289402062723,0,2.022127452119346,46.9780254,7.4653671,3994080156,pool,Pool 1,3994080156.0,drive,0.0,0.0
377,418,3,10,1,random_activity,1,5.412374286919173,0.0,0,0.5277069065344769,68.01179424064311,2.984152697337458,0,3.0125582798469392,46.9780254,7.4653671,3994080156,pool,Pool 1,3994080156.0,bike,0.0,0.0
378,419,3,11,1,random_activity,1,5.9278512000380505,0.0,0,0.550712637827218,59.07450716772311,2.4325865422934583,0,4.055472191636128,46.917492,7.419788,5321849017,park,Park 1,5321849017.0,bike,9411.153241443715,37.64461296577486
379,420,3,12,1,random_activity,1,8.612814284322736,0.0,0,0.5769803761440248,70.72250980976983,1.046919360212757,0,8.612814284322736,46.9780254,7.4653671,3994080156,pool,Pool 1,3994080156.0,drive,9201.197480281015,18.402394960562027
380,421,3,13,1,random_activity,1,9.831776513734908,0.0,0,0.5359359964590762,69.49229312600005,0.7110450523955552,0,9.831776513734908,46.917492,7.419788,5321849017,park,Park 1,5321849017.0,bike,9411.153241443715,37.64461296577486
381,422,3,14,0,stay,1,10.210545844292295,0.0,0,0.6148593773831065,62.19891898817838,3.885507786622517,0,10.210545844292295,46.917492,7.419788,5321849017,,,,,0.0,0.0
382,423,3,15,1,random_activity,1,11.1426490717718,0.0,0,0.42993231510140234,57.602364154132,2.2819778936825257,0,11.1426490717718,46.917492,7.419788,5321849017,park,Park 1,5321849017.0,walk,0.0,0.0
383,425,3,17,1,random_activity,2,9.33758885811953,0.0,0,0.1955931824123908,63.869696089785634,2.996431462530146,0,7.718323524483669,46.9780254,7.4653671,3994080156,pool,Pool 1,3994080156.0,walk,9411.153241443713,117.63941551804642
384,426,3,18,1,random_activity,1,9.235273914960949,0.0,0,0.04978513633829633,63.08965419485853,4.282901039000328,0,6.93249455813926,46.9780254,7.4653671,3994080156,pool,Pool 1,3994080156.0,bike,0.0,0.0
385,427,3,19,0,stay,1,8.852762603725683,0.0,0,0.0,68.97286579063676,1.7719302772986305,0,8.062538504764573,46.9780254,7.4653671,3994080156,,,,,0.0,0.0
386,428,3,20,1,random_activity,1,7.5394740244989675,0.0,0,0.0,62.15622537635777,2.996750947857807,0,5.558376848470211,46.9780254,7.4653671,3994080156,pool,Pool 1,3994080156.0,drive,0.0,0.0
387,429,3,21,1,random_activity,1,4.934483944419403,0.0,0,0.0,70.34828979406355,2.076311393104073,0,3.214281716579686,46.9550733,7.4874571,430829357,gym,Gym 1,430829357.0,walk,4006.792056257755,50.08490070322194
388,430,3,22,0,stay,1,3.431754698922597,0.0,0,0.0,76.19601720257063,3.258003465218498,0,0.4274651625589993,46.9550733,7.4874571,430829357,,,,,0.0,0.0
389,431,3,23,1,random_activity,1,2.774195336426229,0.0,0,0.0,78.60140582060119,2.6673352586818324,0,0.11188273389982505,46.9550733,7.4874571,430829357,gym,Gym 1,430829357.0,drive,0.0,0.0
390,432,3,0,1,random_activity,1,1.6288300828802054,0.0,0,0.0,81.6693178609773,3.6532215969120845,0,-2.0459320616355274,46.9780254,7.4653671,3994080156,pool,Pool 1,3994080156.0,bike,4006.792056257754,16.027168225031016
391,433,3,1,0,stay,1,0.9090500488823017,0.0,0,0.0,85.89460817480094,2.108542265596202,0,-1.525173595719305,46.9780254,7.4653671,3994080156,,,,,0.0,0.0
392,434,3,2,1,random_activity,1,0.7529621003354932,0.0,0,0.0,80.58856156504412,2.1981998043966744,0,-1.8100015225431696,46.9780254,7.4653671,3994080156,pool,Pool 1,3994080156.0,bike,0.0,0.0
393,435,3,3,1,random_activity,1,1.6033040310156337,0.0,0,0.0,74.38784361816099,3.968512701914592,0,-2.293069102483947,46.9780254,7.4653671,3994080156,pool,Pool 1,3994080156.0,walk,0.0,0.0
394,436,3,4,0,stay,1,2.666598546751761,0.0,0,0.0,86.28212090608085,2.6424614296201963,0,0.005966728864600491,46.9780254,7.4653671,3994080156,,,,,0.0,0.0
395,438,3,6,1,random_activity,2,4.259847310383826,0.0,0,0.0,82.8419834692379,3.4173603621895676,0,1.318538735806531,46.917492,7.419788,5321849017,park,Park 1,5321849017.0,walk,9411.153241443715,117.63941551804643
396,439,3,7,1,random_activity,1,6.234716580441243,0.0,0,0.16783924873172518,74.0331074480554,2.8439044526899036,0,4.099724954752304,46.9669993,7.3770645,6019904580,gym,Gym 2,6019904580.0,bike,7867.962547174642,31.471850188698568
397,440,3,8,1,random_activity,1,7.097109296634307,0.0,0,0.2741340088640527,73.07709933543975,2.0278044347390765,0,5.78492035738642,46.9780254,7.4653671,3994080156,pool,Pool 1,3994080156.0,drive,9617.431588453604,19.234863176907208
398,441,3,9,1,random_activity,1,8.20235335851612,0.0,0,0.4995345381516751,69.03065438398555,1.9028658111343453,0,7.186526661408881,46.9550733,7.4874571,430829357,gym,Gym 1,430829357.0,drive,4005.4778910771374,8.010955782154275
399,442,3,10,1,random_activity,1,8.926735055542533,0.0,0,0.6332060806405567,65.21357671377244,2.0600255706286577,0,7.891114644209775,46.9550733,7.4874571,430829357,gym,Gym 1,430829357.0,bike,0.0,0.0
400,443,3,11,0,stay,1,7.98866588086614,0.0,0,0.733685759631136,68.95771394995246,2.7049906624537186,0,6.292872114610593,46.9550733,7.4874571,430829357,,,,,0.0,0.0
401,444,3,12,1,random_activity,1,8.761137588335966,0.0,0,0.722374672851368,58.26655886932431,1.9504869501956803,0,7.792447429624269,46.917492,7.419788,5321849017,park,Park 1,5321849017.0,drive,8815.471974417153,17.630943948834304
402,445,3,13,1,random_activity,1,9.29544682947657,0.0,0,0.706031754931061,62.094376423269765,0.5319773626560977,0,9.29544682947657,46.917492,7.419788,5321849017,park,Park 1,5321849017.0,bike,0.0,0.0
403,446,3,14,1,random_activity,1,10.992871138199193,0.0,0,0.7145424529627943,67.10949719035114,2.487165152521177,0,10.992871138199193,46.9669993,7.3770645,6019904580,gym,Gym 2,6019904580.0,bike,7867.962547174642,31.471850188698568
404,448,3,16,1,random_activity,2,9.827322213814726,0.0,0,0.3982710628631005,64.37364269988173,2.551612915433143,0,8.583936192128373,46.9780254,7.4653671,3994080156,pool,Pool 1,3994080156.0,walk,8326.869468290257,104.08586835362821
405,450,3,18,1,random_activity,2,9.926963965137903,0.0,0,0.02687981813007089,61.24366077948715,2.141425340812943,0,8.995090853765685,46.917492,7.419788,5321849017,park,Park 1,5321849017.0,walk,9411.153241443715,117.63941551804643
406,451,3,19,1,random_activity,1,9.89019519942265,0.0,0,0.0,65.83804297792233,1.4071149475301197,0,9.622740213268798,46.9669993,7.3770645,6019904580,gym,Gym 2,6019904580.0,bike,7867.962547174642,31.471850188698568
407,452,3,20,1,random_activity,1,9.162953379822897,0.0,0,0.0,69.7893269703258,2.2661745614905513,0,8.003036878424979,46.917492,7.419788,5321849017,park,Park 1,5321849017.0,bike,7867.962547174642,31.471850188698568
408,453,3,21,1,random_activity,1,9.325441897586362,0.0,0,0.0,64.09199161660202,2.5758599385639736,0,7.971947450502686,46.9669993,7.3770645,6019904580,gym,Gym 2,6019904580.0,bike,7867.962547174642,31.471850188698568
409,454,3,22,0,stay,1,8.367254296282876,0.0,0,0.0,77.32335949898572,2.429512894634084,0,6.941389774220789,46.9669993,7.3770645,6019904580,,,,,0.0,0.0
410,455,3,23,0,stay,1,7.599098486699533,0.0,0,0.0,80.27635922234688,2.1297314571170403,0,6.279814887486425,46.9669993,7.3770645,6019904580,,,,,0.0,0.0
411,456,3,0,1,random_activity,1,6.38877182394527,0.0,0,0.0,81.23847486330038,1.1352981979092076,0,6.38877182394527,46.9669993,7.3770645,6019904580,gym,Gym 2,6019904580.0,bike,0.0,0.0
412,457,3,1,1,random_activity,1,3.0409431458659704,0.0,0,0.0,84.94514877324751,1.6568165485184143,0,1.4995275132347845,46.9780254,7.4653671,3994080156,pool,Pool 1,3994080156.0,bike,8326.869468290257,33.30747787316103
413,458,3,2,1,random_activity,1,1.5929181809962083,0.0,0,0.0,83.73749631117047,1.6535265587318604,0,-0.15925905746145239,46.917492,7.419788,5321849017,park,Park 1,5321849017.0,drive,9389.936467512754,18.77987293502551
414,459,3,3,1,random_activity,1,2.4946420512395258,0.0,0,0.0,82.45347952893985,3.3729622557005454,0,-0.7910183894437139,46.9669993,7.3770645,6019904580,gym,Gym 2,6019904580.0,bike,7867.962547174642,31.471850188698568
415,460,3,4,1,random_activity,1,2.2030380342810285,0.0,0,0.0,87.35528390298872,2.2042582883613604,0,-0.11537378018674518,46.9780254,7.4653671,3994080156,pool,Pool 1,3994080156.0,bike,8326.869468290257,33.30747787316103
416,461,3,5,1,random_activity,1,2.9535180718339293,0.0,0,0.0,80.9244664376983,1.731849240858391,0,1.3026442150065758,46.9780254,7.4653671,3994080156,pool,Pool 1,3994080156.0,walk,0.0,0.0
417,462,3,6,0,stay,1,2.444359706382699,0.0,0,0.0,86.871654801256,3.357646956824882,0,-0.8406897066764212,46.9780254,7.4653671,3994080156,,,,,0.0,0.0
418,463,3,7,1,random_activity,1,5.435954423659705,0.0,0,0.054411317809155306,73.55119092423188,0.6817484000801788,0,5.435954423659705,46.9780254,7.4653671,3994080156,pool,Pool 1,3994080156.0,walk,0.0,0.0
419,464,3,8,1,random_activity,1,6.215705250353011,0.0,0,0.1700999240554834,70.42789366551132,2.056047929693355,0,4.730093332007854,46.9550733,7.4874571,430829357,gym,Gym 1,430829357.0,bike,4006.792056257755,16.02716822503102
420,465,3,9,1,random_activity,1,5.614771052781546,0.0,0,0.2882604807168353,71.66563139660417,2.2950372319223216,0,3.805246410826351,46.917492,7.419788,5321849017,park,Park 1,5321849017.0,bike,8390.027889932695,33.56011155973078
421,466,3,10,1,random_activity,1,7.310163433411139,0.0,0,0.43856878472353805,68.70488095739456,1.8284956862436414,0,6.22438534330492,46.917492,7.419788,5321849017,park,Park 1,5321849017.0,walk,0.0,0.0
422,467,3,11,1,random_activity,1,8.64526621846713,0.0,0,0.3598386829457688,66.0464555889273,2.5631965051575674,0,7.1733402113999984,46.9669993,7.3770645,6019904580,gym,Gym 2,6019904580.0,bike,7867.962547174642,31.471850188698568
423,468,3,12,0,stay,1,8.693184178707074,0.0,0,0.39124960071715653,64.288151191709,2.3129352150661124,0,7.414429277361979,46.9669993,7.3770645,6019904580,,,,,0.0,0.0
424,470,3,14,1,random_activity,2,8.637857959405034,0.0,0,0.35658589587822176,68.80642414082878,2.149344112231232,0,7.479328458447169,46.917492,7.419788,5321849017,park,Park 1,5321849017.0,walk,7867.962547174642,98.34953183968302
425,471,3,15,0,stay,1,9.436875209523034,0.0,0,0.33463920162427396,65.88671628851263,2.514583821587862,0,8.146106892181848,46.917492,7.419788,5321849017,,,,,0.0,0.0
426,473,3,17,1,random_activity,2,9.959405232364889,0.0,0,0.13735478497017917,51.77008014990287,2.0590295528304194,0,9.0974281313649,46.9780254,7.4653671,3994080156,pool,Pool 1,3994080156.0,walk,9411.153241443713,117.63941551804642
427,474,3,18,1,random_activity,1,9.009002127549406,0.0,0,0.04014574304915885,64.49213379067646,2.140184862748218,0,7.921361812631744,46.9550733,7.4874571,430829357,gym,Gym 1,430829357.0,walk,4006.792056257755,50.08490070322194
428,475,3,19,1,random_activity,1,8.084804288080317,0.0,0,0.0,67.97191925181122,3.031495235934843,0,6.191346724712577,46.9780254,7.4653671,3994080156,pool,Pool 1,3994080156.0,bike,4006.792056257754,16.027168225031016
429,476,3,20,1,random_activity,1,7.021515060366039,0.0,0,0.0,66.21730859010253,1.7316971984215654,0,5.990913188515721,46.9550733,7.4874571,430829357,gym,Gym 1,430829357.0,bike,4006.792056257755,16.02716822503102
430,477,3,21,0,stay,1,7.369456951759876,0.0,0,0.0,66.49058754829007,1.1884557110582292,0,7.369456951759876,46.9550733,7.4874571,430829357,,,,,0.0,0.0
431,478,3,22,1,random_activity,1,5.7044155650984525,0.0,0,0.0,73.82730043530336,1.8777736471150084,0,4.3139528285734485,46.917492,7.419788,5321849017,park,Park 1,5321849017.0,drive,8815.471974417153,17.630943948834304
432,479,3,23,1,random_activity,1,3.4842549530735973,0.0,0,0.0,70.92397647277096,2.7180592824493486,0,0.9138814202523962,46.9780254,7.4653671,3994080156,pool,Pool 1,3994080156.0,drive,9201.197480281015,18.402394960562027
433,480,3,0,0,stay,1,3.37618537400105,0.0,0,0.0,82.75020523972424,1.824107800624342,0,1.6777080867126177,46.9780254,7.4653671,3994080156,,,,,0.0,0.0
434,481,3,1,1,random_activity,1,0.9050904385492797,0.0,0,0.0,77.71479581100931,2.29110015531361,0,-1.7333471756275247,46.9780254,7.4653671,3994080156,pool,Pool 1,3994080156.0,walk,0.0,0.0
435,482,3,2,1,random_activity,1,1.2181869279601103,0.0,0,0.0,76.64865685287668,2.897580399775206,0,-1.948781555738963,46.9550733,7.4874571,430829357,gym,Gym 1,430829357.0,drive,4005.4778910771374,8.010955782154275
436,483,3,3,0,stay,1,1.7848000398578225,0.0,0,0.0,75.76371860838675,1.7663968771792233,0,-0.08943021297518783,46.9550733,7.4874571,430829357,,,,,0.0,0.0
437,484,3,4,1,random_activity,1,2.392384195935583,0.0,0,0.0,81.43466067203308,2.9741803094235792,0,-0.6054857894242893,46.9550733,7.4874571,430829357,gym,Gym 1,430829357.0,walk,0.0,0.0
438,485,3,5,0,stay,1,2.1185370779414976,0.0,0,0.0,79.92187921810488,4.307792603532,0,-1.8732484855595821,46.9550733,7.4874571,430829357,,,,,0.0,0.0
439,486,3,6,0,stay,1,1.7444455466675985,0.0,0,0.0,82.73452865198169,3.4036053748713817,0,-1.7234428191116418,46.9550733,7.4874571,430829357,,,,,0.0,0.0
440,488,3,8,1,random_activity,2,3.906949618041839,0.0,0,0.43320374753543184,74.04844887091626,2.1548471224903145,0,1.9333717137171134,46.917492,7.419788,5321849017,park,Park 1,5321849017.0,walk,8390.027889932695,104.87534862415869
441,490,3,10,1,random_activity,2,5.557344610899331,0.0,0,0.771876586778506,68.42363675330161,3.0802965445577786,0,3.118500560379166,46.9780254,7.4653671,3994080156,pool,Pool 1,3994080156.0,walk,9411.153241443713,117.63941551804642
442,491,3,11,1,random_activity,1,7.336300171347281,0.0,0,0.8700200900508017,71.21533061286789,1.9923087749233805,0,6.096611890245632,46.917492,7.419788,5321849017,park,Park 1,5321849017.0,bike,9411.153241443715,37.64461296577486
443,492,3,12,1,random_activity,1,8.391126586522411,0.0,0,1.0,59.92429647230157,0.6675478684248048,0,8.391126586522411,46.9780254,7.4653671,3994080156,pool,Pool 1,3994080156.0,bike,9411.153241443713,37.644612965774854
444,494,3,14,1,random_activity,2,9.175342644730303,0.0,0,0.8059809928556207,57.037558263432665,2.2057656483010963,0,8.064240897910674,46.917492,7.419788,5321849017,park,Park 1,5321849017.0,walk,9411.153241443715,117.63941551804643
445,495,3,15,1,random_activity,1,10.16922449163541,0.0,0,0.6221128789686423,57.89365703126042,2.439134522067321,0,10.16922449163541,46.9669993,7.3770645,6019904580,gym,Gym 2,6019904580.0,bike,7867.962547174642,31.471850188698568
446,496,3,16,0,stay,1,9.808021340997097,0.0,0,0.5666178979296801,72.48348860800115,3.7395968296100586,0,7.8886354410467,46.9669993,7.3770645,6019904580,,,,,0.0,0.0
447,497,3,17,0,stay,1,10.183577277627762,0.0,0,0.30689911384608,62.65151542608357,1.4034478185265549,0,10.183577277627762,46.9669993,7.3770645,6019904580,,,,,0.0,0.0
448,498,3,18,1,random_activity,1,10.306127161438962,0.0,0,0.027728724653699,66.60105331307865,2.065700744458951,0,10.306127161438962,46.9780254,7.4653671,3994080156,pool,Pool 1,3994080156.0,drive,9617.431588453604,19.234863176907208
449,499,3,19,1,random_activity,1,8.010097880698982,0.0,0,0.0,70.45873834619228,1.745822285397839,0,7.115910372340185,46.9780254,7.4653671,3994080156,pool,Pool 1,3994080156.0,drive,0.0,0.0
450,500,3,20,1,random_activity,1,8.089389166848466,0.0,0,0.0,65.9082470528986,3.294775515012104,0,6.036458909357181,46.9550733,7.4874571,430829357,gym,Gym 1,430829357.0,bike,4006.792056257755,16.02716822503102
451,501,3,21,0,stay,1,6.4903530859063885,0.0,0,0.0,68.66662684326737,2.30093215714478,0,4.830660747298615,46.9550733,7.4874571,430829357,,,,,0.0,0.0
452,502,3,22,1,random_activity,1,4.336728755538681,0.0,0,0.0,70.55898520757148,4.647624983197459,0,0.6851503210261356,46.9550733,7.4874571,430829357,gym,Gym 1,430829357.0,bike,0.0,0.0
453,503,3,23,1,random_activity,1,3.24323396887892,0.0,0,0.0,75.46401343590557,2.6577939361498197,0,0.6785323219650942,46.9780254,7.4653671,3994080156,pool,Pool 1,3994080156.0,walk,4006.792056257754,50.084900703221926
454,505,3,1,1,random_activity,2,1.6368903893170814,0.0,0,0.0,79.91729382063158,0.4057379027116532,0,1.6368903893170814,46.917492,7.419788,5321849017,park,Park 1,5321849017.0,walk,9411.153241443715,117.63941551804643
455,506,3,2,1,random_activity,1,1.3888796253621274,0.0,0,0.0,87.57732999254078,2.9150389967483656,0,-1.759420136357692,46.917492,7.419788,5321849017,park,Park 1,5321849017.0,walk,0.0,0.0
456,507,3,3,1,random_activity,1,1.5780880897843614,0.0,0,0.0,81.8433770087703,2.3133253579128206,0,-0.9646606100727695,46.9780254,7.4653671,3994080156,pool,Pool 1,3994080156.0,drive,9201.197480281015,18.402394960562027
457,508,3,4,1,random_activity,1,1.4536288350543554,0.0,0,0.0,78.13363439814877,1.6694609994905882,0,-0.34127124879938286,46.9550733,7.4874571,430829357,gym,Gym 1,430829357.0,bike,4006.792056257755,16.02716822503102
458,509,3,5,1,random_activity,1,0.9945958069711093,0.0,0,0.0,76.82544323804392,2.846838199681615,0,-2.1715908221205598,46.917492,7.419788,5321849017,park,Park 1,5321849017.0,bike,8390.027889932695,33.56011155973078
459,510,3,6,1,random_activity,1,1.4095442001934706,0.0,0,0.0,81.01127689284155,2.232944016279342,0,-1.0775667681987302,46.917492,7.419788,5321849017,park,Park 1,5321849017.0,walk,0.0,0.0
460,511,3,7,0,stay,1,2.964878581816652,0.0,0,0.18169440214821433,69.40093085931534,3.710339177223573,0,-0.4544764144942744,46.917492,7.419788,5321849017,,,,,0.0,0.0
461,512,3,8,0,stay,1,5.79705760388985,0.0,0,0.4958084756830068,78.36092738239338,3.6647634310052526,0,3.0315026287264697,46.917492,7.419788,5321849017,,,,,0.0,0.0
462,513,3,9,0,stay,1,6.776020238819163,0.0,0,0.5836436648084429,75.64860897727897,1.684435388093827,0,5.759375104328907,46.917492,7.419788,5321849017,,,,,0.0,0.0
463,514,3,10,1,random_activity,1,6.378602212990444,0.0,0,0.7800629132949776,74.93502572265432,1.6031068136458193,0,5.395284166143873,46.917492,7.419788,5321849017,park,Park 1,5321849017.0,bike,0.0,0.0
464,515,3,11,1,random_activity,1,4.995275067762168,0.0,0,0.8250840591236255,66.11993648628224,3.3373015824657672,0,2.2640072243588665,46.9780254,7.4653671,3994080156,pool,Pool 1,3994080156.0,drive,9201.197480281015,18.402394960562027
465,516,3,12,1,random_activity,1,6.4892989179217615,0.0,0,0.9253983415488353,72.969755525033,2.0943190297495,0,5.013647535276951,46.9780254,7.4653671,3994080156,pool,Pool 1,3994080156.0,walk,0.0,0.0
466,517,3,13,0,stay,1,8.274248800779393,0.0,0,0.9605579051426479,63.04897247061041,1.264259199180465,0,8.274248800779393,46.9780254,7.4653671,3994080156,,,,,0.0,0.0
467,518,3,14,1,random_activity,1,7.988525265258537,0.0,0,0.8485817595856924,71.4032521612791,2.291039652272237,0,6.602126940941204,46.9780254,7.4653671,3994080156,pool,Pool 1,3994080156.0,drive,0.0,0.0
468,519,3,15,1,random_activity,1,8.758642027159462,0.0,0,0.6542913341576722,68.50443965280444,2.222661396066353,0,7.561857896638186,46.9550733,7.4874571,430829357,gym,Gym 1,430829357.0,bike,4006.792056257755,16.02716822503102
469,520,3,16,0,stay,1,10.640667147785841,0.0,0,0.4916328986302514,61.885217771973835,3.0224428523193465,0,10.640667147785841,46.9550733,7.4874571,430829357,,,,,0.0,0.0
470,521,3,17,1,random_activity,1,10.236633867000943,0.0,0,0.23670885425492355,72.24847272798327,2.099964467312093,0,10.236633867000943,46.9550733,7.4874571,430829357,gym,Gym 1,430829357.0,drive,0.0,0.0
471,522,3,18,1,random_activity,1,9.094745666589901,0.0,0,0.035084248589252826,70.69546540970613,1.1429087426837847,0,9.094745666589901,46.9550733,7.4874571,430829357,gym,Gym 1,430829357.0,drive,0.0,0.0
472,523,3,19,1,random_activity,1,8.205741317883986,0.0,0,0.0,73.70616056712835,3.3069762889543997,0,6.170114865053161,46.9550733,7.4874571,430829357,gym,Gym 1,430829357.0,walk,0.0,0.0
473,524,3,20,0,stay,1,9.105364370497476,0.0,0,0.0,63.74601761812522,1.8116830376687019,0,8.317041369740275,46.9550733,7.4874571,430829357,,,,,0.0,0.0
474,525,3,21,1,random_activity,1,7.037020700635906,0.0,0,0.0,79.76229746512081,3.1992181574987963,0,4.822950851125975,46.9550733,7.4874571,430829357,gym,Gym 1,430829357.0,drive,0.0,0.0
475,526,3,22,1,random_activity,1,5.05192119798612,0.0,0,0.0,74.07781341881507,0.6210538588731189,0,5.05192119798612,46.9550733,7.4874571,430829357,gym,Gym 1,430829357.0,drive,0.0,0.0
476,527,3,23,1,random_activity,1,3.425034060094175,0.0,0,0.0,82.01396897587713,1.863077613874276,0,1.6884108266196545,46.9550733,7.4874571,430829357,gym,Gym 1,430829357.0,walk,0.0,0.0
477,529,3,1,1,random_activity,2,2.6248825930607116,0.0,0,0.0,79.34788834056369,2.502911459070429,0,0.08427989917290546,46.917492,7.419788,5321849017,park,Park 1,5321849017.0,walk,8390.027889932695,104.87534862415869
478,530,3,2,0,stay,1,0.7816387520477297,0.0,0,0.0,80.32963963493492,3.4009886910617686,0,-2.889344358311039,46.917492,7.419788,5321849017,,,,,0.0,0.0
479,531,3,3,1,random_activity,1,0.15385042571005558,0.0,0,0.0,80.66389318989214,2.7885866882241315,0,-3.1232853872504527,46.9669993,7.3770645,6019904580,gym,Gym 2,6019904580.0,bike,7867.962547174642,31.471850188698568
480,532,3,4,1,random_activity,1,0.9420103781260756,0.0,0,0.0,87.6485348609468,1.216394082112322,0,0.9420103781260756,46.917492,7.419788,5321849017,park,Park 1,5321849017.0,drive,7660.039052865574,15.320078105731149
481,533,3,5,1,random_activity,1,1.2857581858736205,0.0,0,0.0,87.31557173027296,1.5321190777827987,0,-0.33694772760213115,46.9669993,7.3770645,6019904580,gym,Gym 2,6019904580.0,drive,7424.157049702068,14.848314099404137
482,534,3,6,1,random_activity,1,1.5616376570364923,0.0,0,0.0,82.78108478752304,2.3606802378207443,0,-1.0330086276726784,46.9780254,7.4653671,3994080156,pool,Pool 1,3994080156.0,bike,8326.869468290257,33.30747787316103
483,536,3,8,1,random_activity,2,4.960539996530431,0.0,0,0.47260601311608563,74.91114245706262,1.4526087486816324,0,3.964974601681285,46.917492,7.419788,5321849017,park,Park 1,5321849017.0,walk,9411.153241443715,117.63941551804643
484,537,3,9,0,stay,1,4.897181991338736,0.0,0,0.6168940901911124,71.91853286057673,1.820389653104769,0,3.441450023384852,46.917492,7.419788,5321849017,,,,,0.0,0.0
485,538,3,10,1,random_activity,1,8.35311582465548,0.0,0,0.7993488180937524,70.06354605816071,1.9679473808501988,0,7.302371628002701,46.9669993,7.3770645,6019904580,gym,Gym 2,6019904580.0,drive,7424.157049702068,14.848314099404137
486,540,3,12,1,random_activity,2,9.17216759178108,0.0,0,0.9714963075185037,68.04264032381802,2.366200478091299,0,7.938883742336003,46.9780254,7.4653671,3994080156,pool,Pool 1,3994080156.0,walk,8326.869468290257,104.08586835362821
487,541,3,13,1,random_activity,1,9.70541975555166,0.0,0,0.8447729302995329,61.50287889236375,1.192954832252531,0,9.70541975555166,46.9550733,7.4874571,430829357,gym,Gym 1,430829357.0,drive,4005.4778910771374,8.010955782154275
488,542,3,14,1,random_activity,1,9.550973272059801,0.0,0,0.8084999641309677,59.040548575724245,2.791460820539923,0,8.099617987119995,46.9780254,7.4653671,3994080156,pool,Pool 1,3994080156.0,walk,4006.792056257754,50.084900703221926
489,544,3,16,1,random_activity,2,10.664369991573686,0.0,0,0.46632940277248464,69.29880878237044,2.9499015735357186,0,10.664369991573686,46.917492,7.419788,5321849017,park,Park 1,5321849017.0,walk,9411.153241443715,117.63941551804643
490,545,3,17,0,stay,1,11.164554189895377,0.0,0,0.24181975033878178,58.42899813815437,3.8105971638356806,0,11.164554189895377,46.917492,7.419788,5321849017,,,,,0.0,0.0
491,547,3,19,1,random_activity,2,10.009983076689021,0.0,0,0.0,69.14742228456285,2.14342752662043,0,10.009983076689021,46.9780254,7.4653671,3994080156,pool,Pool 1,3994080156.0,walk,9411.153241443713,117.63941551804642
492,548,3,20,0,stay,1,7.197318129374242,0.0,0,0.0,74.59298642754607,1.5496207802878557,0,6.394465539042697,46.9780254,7.4653671,3994080156,,,,,0.0,0.0
493,549,3,21,1,random_activity,1,6.108014977534788,0.0,0,0.0,71.84226717244627,2.799051108785982,0,3.9811136837961234,46.917492,7.419788,5321849017,park,Park 1,5321849017.0,drive,9389.936467512754,18.77987293502551
494,550,3,22,0,stay,1,3.6196976298788504,0.0,0,0.0,78.76934372092892,2.466839209308964,0,1.295541500182785,46.917492,7.419788,5321849017,,,,,0.0,0.0
495,552,3,0,1,random_activity,2,1.6554236976711578,0.0,0,0.0,82.26242373344621,2.5303131161779207,0,-1.0907377260076285,46.9780254,7.4653671,3994080156,pool,Pool 1,3994080156.0,walk,9411.153241443713,117.63941551804642
496,553,3,1,1,random_activity,1,1.0667098582118741,0.0,0,0.0,77.90845989493977,1.7011179922965125,0,-0.8298423189934864,46.9780254,7.4653671,3994080156,pool,Pool 1,3994080156.0,drive,0.0,0.0
497,554,3,2,1,random_activity,1,1.152807107192437,0.0,0,0.0,95.28277200643961,3.777756761555051,0,-2.7151485628357186,46.9780254,7.4653671,3994080156,pool,Pool 1,3994080156.0,bike,0.0,0.0
498,555,3,3,1,random_activity,1,0.5755890713385435,0.0,0,0.0,83.31898098498453,2.497860448048244,0,-2.3383219709935767,46.9780254,7.4653671,3994080156,pool,Pool 1,3994080156.0,walk,0.0,0.0
499,556,3,4,1,random_activity,1,0.9997301048424365,0.0,0,0.0,82.71145966416962,1.4728018443890263,0,-0.5728680973024542,46.9550733,7.4874571,430829357,gym,Gym 1,430829357.0,drive,4005.4778910771374,8.010955782154275
500,557,3,5,1,random_activity,1,3.8216618568027725,0.0,0,0.0,77.96232027726356,1.9892181998567717,0,2.0072644154636046,46.9780254,7.4653671,3994080156,pool,Pool 1,3994080156.0,bike,4006.792056257754,16.027168225031016
501,558,3,6,1,random_activity,1,4.481981769802861,0.0,0,0.0,80.44942696161685,2.7412916414212205,0,2.084494092605832,46.9550733,7.4874571,430829357,gym,Gym 1,430829357.0,walk,4006.792056257755,50.08490070322194
502,559,3,7,0,stay,1,4.314211897698404,0.0,0,0.12408716249073293,80.28591966529652,1.2492889163213845,0,4.314211897698404,46.9550733,7.4874571,430829357,,,,,0.0,0.0
503,560,3,8,1,random_activity,1,5.798526506222043,0.0,0,0.27559429533054036,77.2198748576836,2.8904700144362843,0,3.5436937453854176,46.9550733,7.4874571,430829357,gym,Gym 1,430829357.0,drive,0.0,0.0
504,562,3,10,1,random_activity,2,6.391755428272443,0.0,0,0.6052266340286508,64.74262527268891,2.6519338250183297,0,4.430051986906275,46.917492,7.419788,5321849017,park,Park 1,5321849017.0,walk,8390.027889932695,104.87534862415869
505,563,3,11,1,random_activity,1,7.1495398315025245,0.0,0,0.6617731026646274,68.17529144599851,1.062358587087894,0,7.1495398315025245,46.9669993,7.3770645,6019904580,gym,Gym 2,6019904580.0,drive,7424.157049702068,14.848314099404137
506,564,3,12,1,random_activity,1,9.100319118439065,0.0,0,0.6972650993720945,63.32988071798894,2.0348433932715686,0,8.114767921218723,46.9780254,7.4653671,3994080156,pool,Pool 1,3994080156.0,drive,9617.431588453604,19.234863176907208
507,565,3,13,1,random_activity,1,9.381836556373269,0.0,0,0.774847448339441,65.48145695829065,2.5431723129017594,0,8.061190424706245,46.9780254,7.4653671,3994080156,pool,Pool 1,3994080156.0,drive,0.0,0.0
508,566,3,14,1,random_activity,1,9.275238580910061,0.0,0,0.6631867260477875,58.72673346336472,2.1507874563162903,0,8.224621735987686,46.9550733,7.4874571,430829357,gym,Gym 1,430829357.0,walk,4006.792056257755,50.08490070322194
509,567,3,15,1,random_activity,1,8.303053876565567,0.0,0,0.5950534282431325,68.84610674296654,3.987274464638185,0,5.923311010461624,46.9550733,7.4874571,430829357,gym,Gym 1,430829357.0,bike,0.0,0.0
510,568,3,16,1,random_activity,1,6.797339835971177,0.0,0,0.4043534843562092,64.06320275223004,1.7264169538160161,0,5.738242827398036,46.9780254,7.4653671,3994080156,pool,Pool 1,3994080156.0,drive,4066.7742830404877,8.133548566080975
511,569,3,17,0,stay,1,5.784432157085547,0.0,0,0.23898055691307932,71.76062020795442,1.0377939625902823,0,5.784432157085547,46.9780254,7.4653671,3994080156,,,,,0.0,0.0
512,570,3,18,1,random_activity,1,5.361830745188717,0.0,0,0.041592153795171255,70.8826857122499,3.077862005762294,0,2.884882206956034,46.9550733,7.4874571,430829357,gym,Gym 1,430829357.0,walk,4006.792056257755,50.08490070322194
513,571,3,19,0,stay,1,6.096576915349587,0.0,0,0.0,69.49503859877915,1.5178455082921443,0,5.175219094866211,46.9550733,7.4874571,430829357,,,,,0.0,0.0
514,572,3,20,1,random_activity,1,4.54958671626177,0.0,0,0.0,72.06303391949844,1.1201060701634271,0,4.54958671626177,46.917492,7.419788,5321849017,park,Park 1,5321849017.0,bike,8390.027889932695,33.56011155973078
515,573,3,21,1,random_activity,1,2.519574865765068,0.0,0,0.0,75.97626891022504,2.9729037448032853,0,-0.4517631022171188,46.9669993,7.3770645,6019904580,gym,Gym 2,6019904580.0,drive,7424.157049702068,14.848314099404137
516,574,3,22,1,random_activity,1,1.155674350570532,0.0,0,0.0,73.12841844213001,1.9300561967150605,0,-1.0248385514331955,46.9669993,7.3770645,6019904580,gym,Gym 2,6019904580.0,walk,0.0,0.0
517,575,3,23,1,random_activity,1,0.26246489713052457,0.0,0,0.0,79.80680425978233,2.5161142552253803,0,-2.7278603661291316,46.917492,7.419788,5321849017,park,Park 1,5321849017.0,bike,7867.962547174642,31.471850188698568
518,576,3,0,0,stay,1,0.8950475270880225,0.0,0,0.0,79.73105423408329,1.9390050547009376,0,-1.3387283762050077,46.917492,7.419788,5321849017,,,,,0.0,0.0
519,577,3,1,0,stay,1,-0.5918202400057986,0.0,0,0.0,80.33803397581617,2.9688747888961733,0,-4.182948065040984,46.917492,7.419788,5321849017,,,,,0.0,0.0
520,578,3,2,1,random_activity,1,0.06720655072478099,0.0,0,0.0,80.8450193978732,1.7542635783575204,0,-2.0549359087727757,46.9780254,7.4653671,3994080156,pool,Pool 1,3994080156.0,bike,9411.153241443713,37.644612965774854
521,579,3,3,1,random_activity,1,1.0527528084502005,0.0,0,0.0,82.61977386262463,1.8750930836232116,0,-1.0755710303866945,46.9550733,7.4874571,430829357,gym,Gym 1,430829357.0,bike,4006.792056257755,16.02716822503102
522,580,3,4,1,random_activity,1,1.6270391276861411,0.0,0,0.0,84.64007138184725,1.7336048930687462,0,-0.22836710457734177,46.9780254,7.4653671,3994080156,pool,Pool 1,3994080156.0,walk,4006.792056257754,50.084900703221926
523,581,3,5,1,random_activity,1,2.042762569028585,0.0,0,0.0,85.5802273760511,2.64020299442696,0,-0.7340600598337805,46.9780254,7.4653671,3994080156,pool,Pool 1,3994080156.0,bike,0.0,0.0
524,582,3,6,1,random_activity,1,3.059486084877272,0.0,0,0.0,75.90529868821301,2.587714809049362,0,0.5220068960562764,46.9550733,7.4874571,430829357,gym,Gym 1,430829357.0,walk,4006.792056257755,50.08490070322194
525,583,3,7,1,random_activity,1,4.34519652766666,0.0,0,0.12500336291520725,80.96548503821656,2.310578740379442,0,2.2964789935881273,46.917492,7.419788,5321849017,park,Park 1,5321849017.0,bike,8390.027889932695,33.56011155973078
526,585,3,9,1,random_activity,2,7.310000550067865,0.0,0,0.4473944201701072,72.39606151802633,0.9149945453636943,0,7.310000550067865,46.9780254,7.4653671,3994080156,pool,Pool 1,3994080156.0,walk,9411.153241443713,117.63941551804642
527,586,3,10,0,stay,1,8.829577477460072,0.0,0,0.5314625747624038,66.05629439998155,2.668198025087085,0,7.319762417657453,46.9780254,7.4653671,3994080156,,,,,0.0,0.0
528,587,3,11,1,random_activity,1,9.341404259092279,0.0,0,0.5124319992913033,65.38967747692182,1.8820133320564552,0,8.526753064979586,46.9780254,7.4653671,3994080156,pool,Pool 1,3994080156.0,bike,0.0,0.0
529,588,3,12,1,random_activity,1,8.88621436908767,0.0,0,0.5498840526545865,71.88162928700156,1.9214641673306603,0,7.963528346182589,46.9780254,7.4653671,3994080156,pool,Pool 1,3994080156.0,walk,0.0,0.0
530,589,3,13,1,random_activity,1,9.28128620751448,0.0,0,0.609949128322255,59.95482925937276,2.342072893538874,0,8.085343260097268,46.9550733,7.4874571,430829357,gym,Gym 1,430829357.0,drive,4005.4778910771374,8.010955782154275
531,590,3,14,1,random_activity,1,10.433424150852016,0.0,0,0.510718373794125,59.64669102886515,1.9238745062056817,0,10.433424150852016,46.917492,7.419788,5321849017,park,Park 1,5321849017.0,drive,8815.471974417153,17.630943948834304
532,591,3,15,1,random_activity,1,10.540722122599329,0.0,0,0.446476247030855,58.082270203284295,0.3926288979379109,0,10.540722122599329,46.9669993,7.3770645,6019904580,gym,Gym 2,6019904580.0,bike,7867.962547174642,31.471850188698568
533,592,3,16,1,random_activity,1,10.22943535860613,0.0,0,0.3121659242377792,61.234275474437965,2.4424815079602644,0,10.22943535860613,46.9669993,7.3770645,6019904580,gym,Gym 2,6019904580.0,walk,0.0,0.0
534,593,3,17,1,random_activity,1,9.104176001285127,0.0,0,0.17559899386286473,62.612407492106676,1.7134016422407066,0,8.408680199371245,46.917492,7.419788,5321849017,park,Park 1,5321849017.0,drive,7660.039052865574,15.320078105731149
535,594,3,18,1,random_activity,1,8.590762481743383,0.0,0,0.029213422926595442,65.01477361509998,3.702703305594504,0,6.420235420945772,46.9669993,7.3770645,6019904580,gym,Gym 2,6019904580.0,drive,7424.157049702068,14.848314099404137
536,596,3,20,1,random_activity,2,6.076979305366612,0.0,0,0.0,66.10845040508867,0.9605942589246053,0,6.076979305366612,46.9780254,7.4653671,3994080156,pool,Pool 1,3994080156.0,walk,8326.869468290257,104.08586835362821
537,597,3,21,1,random_activity,1,4.0332064611863006,0.0,0,0.0,70.08455896496473,2.6670292362343586,0,1.6108955252009238,46.917492,7.419788,5321849017,park,Park 1,5321849017.0,drive,9389.936467512754,18.77987293502551
538,598,3,22,1,random_activity,1,2.680309381599546,0.0,0,0.0,73.73017840509519,2.5191855205618765,0,0.13475020654929104,46.917492,7.419788,5321849017,park,Park 1,5321849017.0,bike,0.0,0.0
539,599,3,23,1,random_activity,1,0.7702311467280811,0.0,0,0.0,78.19111570014142,2.767729492510301,0,-2.3678298747649014,46.9780254,7.4653671,3994080156,pool,Pool 1,3994080156.0,drive,9201.197480281015,18.402394960562027
540,600,3,0,1,random_activity,1,-1.0733214644137656,0.0,0,0.0,74.33105890396672,2.16772609077279,0,-3.9157683674294836,46.9550733,7.4874571,430829357,gym,Gym 1,430829357.0,drive,4005.4778910771374,8.010955782154275
541,601,3,1,1,random_activity,1,-2.1036119212448345,0.0,0,0.0,88.0880338571835,2.2524260646640406,0,-5.227338803253206,46.9780254,7.4653671,3994080156,pool,Pool 1,3994080156.0,walk,4006.792056257754,50.084900703221926
542,602,3,2,0,stay,1,-0.698179418087453,0.0,0,0.0,88.52356300615374,2.206395223639051,0,-3.5219637516470983,46.9780254,7.4653671,3994080156,,,,,0.0,0.0
543,603,3,3,1,random_activity,1,-0.17244856548352128,0.0,0,0.0,91.73201504061669,2.504663402270139,0,-3.2314267499196405,46.9550733,7.4874571,430829357,gym,Gym 1,430829357.0,bike,4006.792056257755,16.02716822503102
544,604,3,4,1,random_activity,1,1.4359472469128005,0.0,0,0.0,77.8688223734638,1.9272827364439864,0,-0.6958534033491621,46.9780254,7.4653671,3994080156,pool,Pool 1,3994080156.0,drive,4066.7742830404877,8.133548566080975
545,606,3,6,1,random_activity,2,2.5626106617212763,0.0,0,0.0,88.16832905304197,1.9727207957113737,0,0.5601829825390641,46.917492,7.419788,5321849017,park,Park 1,5321849017.0,walk,9411.153241443715,117.63941551804643
546,607,3,7,1,random_activity,1,3.0386824483928145,0.0,0,0.21804490570663929,82.21116198562417,1.9368641037332983,0,1.1548863888009504,46.9780254,7.4653671,3994080156,pool,Pool 1,3994080156.0,bike,9411.153241443713,37.644612965774854
547,608,3,8,1,random_activity,1,2.681306903425157,0.0,0,0.4022102639545637,82.4289648889543,3.7526935513454953,0,-0.8291405387109623,46.9780254,7.4653671,3994080156,pool,Pool 1,3994080156.0,walk,0.0,0.0
548,609,3,9,0,stay,1,4.356566086806851,0.0,0,0.5107225491858246,73.91334280032909,2.017787563534926,0,2.5999125898205,46.9780254,7.4653671,3994080156,,,,,0.0,0.0
549,610,3,10,1,random_activity,1,4.463759712328992,0.0,0,0.7046370001507886,63.787251015198194,3.851115628525335,0,1.2892647016058865,46.9780254,7.4653671,3994080156,pool,Pool 1,3994080156.0,walk,0.0,0.0
550,611,3,11,1,random_activity,1,4.576507776330884,0.0,0,0.7620755634256549,64.13771512464953,3.076417929196648,0,1.9407177676982377,46.9780254,7.4653671,3994080156,pool,Pool 1,3994080156.0,drive,0.0,0.0
551,612,3,12,1,random_activity,1,5.940116622696063,0.0,0,0.855479476536443,70.45646079197937,2.214715372457056,0,4.259934432002773,46.9780254,7.4653671,3994080156,pool,Pool 1,3994080156.0,drive,0.0,0.0
552,613,3,13,1,random_activity,1,7.979368666369869,0.0,0,0.8330371729141868,64.76221156895782,2.786326845950028,0,6.225707226976043,46.9550733,7.4874571,430829357,gym,Gym 1,430829357.0,drive,4005.4778910771374,8.010955782154275
553,614,3,14,0,stay,1,7.5836931470321725,0.0,0,0.6768476743453096,69.6056278934852,1.9743884144518324,0,6.401242804395951,46.9550733,7.4874571,430829357,,,,,0.0,0.0
554,615,3,15,1,random_activity,1,9.140265095199373,0.0,0,0.5816975618673292,67.92438451919429,2.6757521690961474,0,7.684590922178368,46.9780254,7.4653671,3994080156,pool,Pool 1,3994080156.0,walk,4006.792056257754,50.084900703221926
555,616,3,16,1,random_activity,1,9.25544517949478,0.0,0,0.49196333991196006,65.02284163294716,2.0550151723626393,0,8.278976434649831,46.9780254,7.4653671,3994080156,pool,Pool 1,3994080156.0,drive,0.0,0.0
556,617,3,17,1,random_activity,1,7.615510269930109,0.0,0,0.2066747072126457,64.10906349596276,3.060578373995354,0,5.608463604205814,46.9550733,7.4874571,430829357,gym,Gym 1,430829357.0,walk,4006.792056257755,50.08490070322194
557,618,3,18,1,random_activity,1,7.628144277722239,0.0,0,0.018955425353372697,62.97678822123775,2.2100628018814668,0,6.245159504278427,46.9550733,7.4874571,430829357,gym,Gym 1,430829357.0,drive,0.0,0.0
558,620,3,20,1,random_activity,2,4.349650400479678,0.0,0,0.0,72.97855065723297,1.4636353950005603,0,3.254754385023979,46.917492,7.419788,5321849017,park,Park 1,5321849017.0,walk,8390.027889932695,104.87534862415869
559,622,3,22,1,random_activity,2,2.3626392510034315,0.0,0,0.0,82.00096702383418,3.448949226541186,0,-1.0065445873733343,46.9780254,7.4653671,3994080156,pool,Pool 1,3994080156.0,walk,9411.153241443713,117.63941551804642
560,623,3,23,0,stay,1,2.06943887615383,0.0,0,0.0,77.53860852521328,1.1314235925563445,0,2.06943887615383,46.9780254,7.4653671,3994080156,,,,,0.0,0.0
561,624,3,0,1,random_activity,1,1.6479844666043904,0.0,0,0.0,79.72247526875972,2.076773346739307,0,-0.6251131852716303,46.917492,7.419788,5321849017,park,Park 1,5321849017.0,bike,9411.153241443715,37.64461296577486
562,626,3,2,1,random_activity,2,1.5087640473406974,0.0,0,0.0,79.97143276310351,1.5913082039614586,0,-0.16830272809584873,46.9669993,7.3770645,6019904580,gym,Gym 2,6019904580.0,walk,7867.962547174642,98.34953183968302
563,627,3,3,0,stay,1,2.1416641044594527,0.0,0,0.0,81.8241122870321,0.8367202994820755,0,2.1416641044594527,46.9669993,7.3770645,6019904580,,,,,0.0,0.0
564,629,3,5,1,random_activity,2,2.950462615243226,0.0,0,0.0,81.73140781323046,1.5389254585368737,0,1.5548539094247598,46.9780254,7.4653671,3994080156,pool,Pool 1,3994080156.0,walk,8326.869468290257,104.08586835362821
565,630,3,6,1,random_activity,1,4.546280605836666,0.0,0,0.0,74.2877119333169,3.5412758385965573,0,1.5844573545250877,46.9550733,7.4874571,430829357,gym,Gym 1,430829357.0,bike,4006.792056257755,16.02716822503102
566,632,3,8,1,random_activity,2,6.660495156542887,0.0,0,0.2594661967919957,74.0142207055166,2.490610463398025,0,4.874881931274426,46.917492,7.419788,5321849017,park,Park 1,5321849017.0,walk,8390.027889932695,104.87534862415869
567,634,3,10,1,random_activity,2,8.71800436341666,0.0,0,0.4250997905071056,71.39871177839008,2.646060674259853,0,7.202070237312812,46.9780254,7.4653671,3994080156,pool,Pool 1,3994080156.0,walk,9411.153241443713,117.63941551804642
568,635,3,11,1,random_activity,1,9.230089767869261,0.0,0,0.48442148223190673,67.39477387285406,3.8258696197682704,0,7.13968297725933,46.9780254,7.4653671,3994080156,pool,Pool 1,3994080156.0,walk,0.0,0.0
569,636,3,12,1,random_activity,1,9.72581925718374,0.0,0,0.5477570722924499,63.12127530410343,3.6407924805509895,0,7.836845661361917,46.9550733,7.4874571,430829357,gym,Gym 1,430829357.0,bike,4006.792056257755,16.02716822503102
570,637,3,13,1,random_activity,1,9.631286212744746,0.0,0,0.41056250231863944,73.08424718654342,3.3168732553957954,0,7.890129917104289,46.9550733,7.4874571,430829357,gym,Gym 1,430829357.0,drive,0.0,0.0
571,638,3,14,0,stay,1,11.275674023689529,0.0,0,0.43880477210916224,67.49951626613493,2.8448801734401092,0,11.275674023689529,46.9550733,7.4874571,430829357,,,,,0.0,0.0
572,639,3,15,0,stay,1,11.013607056895607,0.0,0,0.3861325041523169,59.65805731136105,1.5876037591662007,0,11.013607056895607,46.9550733,7.4874571,430829357,,,,,0.0,0.0
573,640,3,16,1,random_activity,1,8.90382464715813,0.0,0,0.2942424271019836,64.44311066517186,3.153274891346053,0,7.103366673916669,46.9550733,7.4874571,430829357,gym,Gym 1,430829357.0,bike,0.0,0.0
574,641,3,17,1,random_activity,1,8.03087837444876,0.0,0,0.10593909288722511,72.46170554846913,3.0416599088189944,0,6.1200933005151406,46.9780254,7.4653671,3994080156,pool,Pool 1,3994080156.0,walk,4006.792056257754,50.084900703221926
575,642,3,18,1,random_activity,1,8.654563268918462,0.0,0,0.03825547123540358,62.65922261377336,2.7814982909571393,0,7.035349541267995,46.9780254,7.4653671,3994080156,pool,Pool 1,3994080156.0,drive,0.0,0.0
576,643,3,19,0,stay,1,7.508309699452606,0.0,0,0.0,72.96053201183572,1.1674027704675054,0,7.508309699452606,46.9780254,7.4653671,3994080156,,,,,0.0,0.0
577,644,3,20,1,random_activity,1,5.009911798035934,0.0,0,0.0,68.45385973755181,3.5318208469986176,0,2.1546370625633355,46.917492,7.419788,5321849017,park,Park 1,5321849017.0,drive,9389.936467512754,18.77987293502551
578,645,3,21,1,random_activity,1,5.424061988718638,0.0,0,0.0,73.07216966455807,1.8855576499311764,0,3.9806419226605567,46.9669993,7.3770645,6019904580,gym,Gym 2,6019904580.0,drive,7424.157049702068,14.848314099404137
579,646,3,22,1,random_activity,1,4.977992044821362,0.0,0,0.0,76.5954950426582,2.77527443687067,0,2.6494677310434707,46.9780254,7.4653671,3994080156,pool,Pool 1,3994080156.0,drive,9617.431588453604,19.234863176907208
580,647,3,23,0,stay,1,5.409179865686086,0.0,0,0.0,76.93403558141874,1.4744504119232795,0,4.446675654720135,46.9780254,7.4653671,3994080156,,,,,0.0,0.0
581,649,3,1,1,random_activity,2,3.504317653235802,0.0,0,0.0,80.9838217833614,2.064925931837627,0,1.5558452330582797,46.917492,7.419788,5321849017,park,Park 1,5321849017.0,walk,9411.153241443715,117.63941551804643
582,650,3,2,1,random_activity,1,2.693636707126944,0.0,0,0.0,84.49990741411516,2.5903066736156535,0,0.08514138047549598,46.9780254,7.4653671,3994080156,pool,Pool 1,3994080156.0,bike,9411.153241443713,37.644612965774854
583,651,3,3,1,random_activity,1,3.91160557496595,0.0,0,0.0,79.02528616835706,1.362232991938371,0,2.9023331443491194,46.9550733,7.4874571,430829357,gym,Gym 1,430829357.0,drive,4005.4778910771374,8.010955782154275
584,652,3,4,0,stay,1,2.7884573481264,0.0,0,0.0,80.38117310685976,2.649232923695716,0,0.14490207799621796,46.9550733,7.4874571,430829357,,,,,0.0,0.0
585,653,3,5,0,stay,1,3.0532788425265074,0.0,0,0.0,91.72217556090722,1.229824960765928,0,3.0532788425265074,46.9550733,7.4874571,430829357,,,,,0.0,0.0
586,654,3,6,1,random_activity,1,3.306279581147559,0.0,0,0.0,84.9242579252147,0.6489978983971798,0,3.306279581147559,46.9780254,7.4653671,3994080156,pool,Pool 1,3994080156.0,drive,4066.7742830404877,8.133548566080975
587,655,3,7,1,random_activity,1,3.8057574471442592,0.0,0,0.06349345543234589,74.2704277130253,1.218585012358691,0,3.8057574471442592,46.9550733,7.4874571,430829357,gym,Gym 1,430829357.0,drive,4005.4778910771374,8.010955782154275
588,656,3,8,1,random_activity,1,5.1729292982622,0.0,0,0.21878299762466463,74.51863634893108,2.0571424256849173,0,3.511856874555816,46.9780254,7.4653671,3994080156,pool,Pool 1,3994080156.0,drive,4066.7742830404877,8.133548566080975
589,657,3,9,0,stay,1,6.5107450209675175,0.0,0,0.3611380887536935,69.08639206848618,2.0823412003931168,0,5.049844938749833,46.9780254,7.4653671,3994080156,,,,,0.0,0.0
590,658,3,10,1,random_activity,1,7.787514675606167,0.0,0,0.4358696142976811,72.16258639710722,2.424683478980418,0,6.259873944622743,46.9550733,7.4874571,430829357,gym,Gym 1,430829357.0,walk,4006.792056257755,50.08490070322194
591,659,3,11,1,random_activity,1,8.469106474311575,0.0,0,0.5275410971848322,68.16688767875257,2.382768545385857,0,7.096936545030811,46.9550733,7.4874571,430829357,gym,Gym 1,430829357.0,drive,0.0,0.0
592,660,3,12,1,random_activity,1,9.808099319812836,0.0,0,0.607675918424213,62.793465101230865,1.9001639401679336,0,9.05230195702215,46.917492,7.419788,5321849017,park,Park 1,5321849017.0,bike,8390.027889932695,33.56011155973078
593,661,3,13,0,stay,1,11.599491514826008,0.0,0,0.4546413833926899,59.201654962659894,1.8207356213069112,0,11.599491514826008,46.917492,7.419788,5321849017,,,,,0.0,0.0
594,662,3,14,0,stay,1,12.067144661872451,0.0,0,0.5479872402480096,64.75230525028292,1.9066569650795824,0,12.067144661872451,46.917492,7.419788,5321849017,,,,,0.0,0.0
595,663,3,15,1,random_activity,1,11.412147042974931,0.0,0,0.33505536908256084,60.363029251192415,2.057633955403451,0,11.412147042974931,46.9669993,7.3770645,6019904580,gym,Gym 2,6019904580.0,bike,7867.962547174642,31.471850188698568
596,664,3,16,1,random_activity,1,10.751804790431573,0.0,0,0.20889787995381354,60.16502469796645,2.5176252818351843,0,10.751804790431573,46.9780254,7.4653671,3994080156,pool,Pool 1,3994080156.0,bike,8326.869468290257,33.30747787316103
597,665,3,17,0,stay,1,10.309865857931417,0.0,0,0.16488892205018615,66.70467404204481,2.147963461824953,0,10.309865857931417,46.9780254,7.4653671,3994080156,,,,,0.0,0.0
598,666,3,18,1,random_activity,1,10.00330791620581,0.0,0,0.0,66.64551792410984,1.1248808706469333,0,10.00330791620581,46.9780254,7.4653671,3994080156,pool,Pool 1,3994080156.0,drive,0.0,0.0
599,667,3,19,1,random_activity,1,7.898847419326303,0.0,0,0.0,59.8376451061197,2.5679202130462166,0,6.2840221736345825,46.9550733,7.4874571,430829357,gym,Gym 1,430829357.0,bike,4006.792056257755,16.02716822503102
600,668,3,20,1,random_activity,1,5.864055793349821,0.0,0,0.0,65.6683886892821,3.281345098288086,0,3.3526186943845264,46.917492,7.419788,5321849017,park,Park 1,5321849017.0,bike,8390.027889932695,33.56011155973078
601,669,3,21,1,random_activity,1,3.580313049773062,4.387278323664983,1,0.0,86.860619006002,3.83898044677029,0,0.21481415388846317,46.9780254,7.4653671,3994080156,pool,Pool 1,3994080156.0,bike,9411.153241443713,37.644612965774854
602,670,3,22,1,random_activity,1,3.95402943462076,0.0,0,0.0,79.17494012065677,0.8723225293388763,0,3.95402943462076,46.917492,7.419788,5321849017,park,Park 1,5321849017.0,bike,9411.153241443715,37.64461296577486
603,671,3,23,0,stay,1,2.599402640816365,0.0,0,0.0,79.76481108391296,1.601000300815266,0,1.067521251686377,46.917492,7.419788,5321849017,,,,,0.0,0.0
604,672,3,0,0,stay,1,0.9959684876607704,0.0,0,0.0,82.79277812700282,2.327276993751205,0,-1.6649878074642466,46.917492,7.419788,5321849017,,,,,0.0,0.0
605,674,3,2,1,random_activity,2,-0.4180338723490835,0.0,0,0.0,82.40282732517537,2.0035988082115996,0,-2.9473889419291863,46.9780254,7.4653671,3994080156,pool,Pool 1,3994080156.0,walk,9411.153241443713,117.63941551804642
606,675,3,3,1,random_activity,1,-0.12665877755907629,0.0,0,0.0,88.03122189057929,3.4482807438995664,0,-4.028778063059757,46.9550733,7.4874571,430829357,gym,Gym 1,430829357.0,drive,4005.4778910771374,8.010955782154275
607,676,3,4,1,random_activity,1,0.01889285403402763,0.0,0,0.0,87.25303034019946,1.9367570623614272,0,-2.354050969001255,46.917492,7.419788,5321849017,park,Park 1,5321849017.0,drive,8815.471974417153,17.630943948834304
608,677,3,5,1,random_activity,1,-0.3606793999506548,0.0,0,0.0,82.55330796909115,1.4260079380998125,0,-2.0447517333139746,46.9780254,7.4653671,3994080156,pool,Pool 1,3994080156.0,bike,9411.153241443713,37.644612965774854
609,678,3,6,1,random_activity,1,0.9740664137976021,0.0,0,0.0,79.9177220389066,2.6625239334916175,0,-2.026478733094908,46.9550733,7.4874571,430829357,gym,Gym 1,430829357.0,walk,4006.792056257755,50.08490070322194
610,679,3,7,0,stay,1,0.8912522514581482,0.0,0,0.19567861417387725,79.92924490914596,2.436826461634094,0,-1.9026240061414177,46.9550733,7.4874571,430829357,,,,,0.0,0.0
611,680,3,8,1,random_activity,1,4.8950447729734865,0.0,0,0.46334104955107963,72.28547179747711,1.5512888449531292,0,3.7606583661413375,46.9780254,7.4653671,3994080156,pool,Pool 1,3994080156.0,bike,4006.792056257754,16.027168225031016
612,681,3,9,1,random_activity,1,5.952963566544143,0.0,0,0.5536854262176273,70.9155291561177,1.2806725675690913,0,5.952963566544143,46.9550733,7.4874571,430829357,gym,Gym 1,430829357.0,bike,4006.792056257755,16.02716822503102
613,682,3,10,1,random_activity,1,7.594699658563746,0.0,0,0.7376968418995798,65.12241076250794,3.514187441550104,0,5.309230564511848,46.9550733,7.4874571,430829357,gym,Gym 1,430829357.0,bike,0.0,0.0
614,683,3,11,0,stay,1,9.90722081171775,0.0,0,0.8999084662215955,62.07007369650858,2.6502863361459132,0,8.61415034767298,46.9550733,7.4874571,430829357,,,,,0.0,0.0
615,685,3,13,1,random_activity,2,9.862907579170633,0.0,0,0.9212311195668214,58.06676121333771,1.3014576143296308,0,9.862907579170633,46.917492,7.419788,5321849017,park,Park 1,5321849017.0,walk,8390.027889932695,104.87534862415869
616,686,3,14,0,stay,1,9.704170650703855,0.0,0,0.8757876220334402,59.547504133564374,2.458975116463252,0,8.501071698198595,46.917492,7.419788,5321849017,,,,,0.0,0.0
617,688,3,16,1,random_activity,2,9.297274957105207,0.0,0,0.4777945403027893,57.16015912081372,1.6193134234502886,0,8.723461136959985,46.9780254,7.4653671,3994080156,pool,Pool 1,3994080156.0,walk,9411.153241443713,117.63941551804642
618,689,3,17,0,stay,1,7.951877316144294,0.0,0,0.2906483451480914,71.58426466496957,0.9212011743893738,0,7.951877316144294,46.9780254,7.4653671,3994080156,,,,,0.0,0.0
619,690,3,18,1,random_activity,1,8.066781086499079,0.0,0,0.05098050556590357,59.15016802053459,0.9821486155135524,0,8.066781086499079,46.917492,7.419788,5321849017,park,Park 1,5321849017.0,drive,9389.936467512754,18.77987293502551
620,691,3,19,1,random_activity,1,6.261088248521663,0.0,0,0.0,73.77372268991319,1.3675193161267964,0,5.5558559498030275,46.917492,7.419788,5321849017,park,Park 1,5321849017.0,bike,0.0,0.0
621,693,3,21,1,random_activity,2,3.0842680016869273,0.0,0,0.0,73.00397750634207,0.4104596010191832,0,3.0842680016869273,46.9780254,7.4653671,3994080156,pool,Pool 1,3994080156.0,walk,9411.153241443713,117.63941551804642
622,694,3,22,1,random_activity,1,2.7406991668883975,0.0,0,0.0,72.13964554239008,2.4584666063503207,0,0.26330135906837326,46.9550733,7.4874571,430829357,gym,Gym 1,430829357.0,bike,4006.792056257755,16.02716822503102
623,695,3,23,1,random_activity,1,2.739721970833984,0.0,0,0.0,72.7392779876692,2.832060439577785,0,-0.07133973753396144,46.9550733,7.4874571,430829357,gym,Gym 1,430829357.0,bike,0.0,0.0
624,697,3,1,1,random_activity,2,1.818595418599024,0.0,0,0.0,83.54299324875977,2.481047740790334,0,-0.8496751762927247,46.917492,7.419788,5321849017,park,Park 1,5321849017.0,walk,8390.027889932695,104.87534862415869
625,698,3,2,1,random_activity,1,1.6783419812513545,0.0,0,0.0,83.30112495417288,2.2544807707501753,0,-0.7848216465391447,46.917492,7.419788,5321849017,park,Park 1,5321849017.0,bike,0.0,0.0
626,699,3,3,1,random_activity,1,1.5214651746907284,0.0,0,0.0,83.00477128945185,2.762420367236329,0,-1.4662354881675317,46.9669993,7.3770645,6019904580,gym,Gym 2,6019904580.0,bike,7867.962547174642,31.471850188698568
627,700,3,4,1,random_activity,1,1.4441685806308382,0.0,0,0.0,92.51634961386154,2.167924070316451,0,-0.9658585701890053,46.9669993,7.3770645,6019904580,gym,Gym 2,6019904580.0,drive,0.0,0.0
628,702,3,6,1,random_activity,2,2.502236529917374,0.0,0,0.0,84.20847220932357,0.5977490091793365,0,2.502236529917374,46.9780254,7.4653671,3994080156,pool,Pool 1,3994080156.0,walk,8326.869468290257,104.08586835362821
629,703,3,7,0,stay,1,2.58170164878009,0.0,0,0.25157673601124914,76.75050967457727,3.2722035207614635,0,-0.6108579574225854,46.9780254,7.4653671,3994080156,,,,,0.0,0.0
630,704,3,8,1,random_activity,1,2.8527457759613455,0.0,0,0.38690974061934075,70.22408442107077,1.7055564745718341,0,1.2200356064970128,46.9550733,7.4874571,430829357,gym,Gym 1,430829357.0,bike,4006.792056257755,16.02716822503102
631,705,3,9,1,random_activity,1,5.8083100361451825,0.0,0,0.6018381115807749,71.61966373381075,2.4368804716986165,0,3.9105440862501855,46.9550733,7.4874571,430829357,gym,Gym 1,430829357.0,drive,0.0,0.0
632,706,3,10,1,random_activity,1,7.133837516832372,0.0,0,0.7748216175800758,66.54547401460965,1.913975913156372,0,5.935694657243747,46.9780254,7.4653671,3994080156,pool,Pool 1,3994080156.0,bike,4006.792056257754,16.027168225031016
633,707,3,11,1,random_activity,1,8.445869984838302,0.0,0,0.935171859536429,62.916033450978176,1.47355005413668,0,7.906312692825905,46.917492,7.419788,5321849017,park,Park 1,5321849017.0,bike,9411.153241443715,37.64461296577486
634,708,3,12,0,stay,1,8.53746248225334,0.0,0,0.9523639594526951,64.35778516650682,1.6569694609262575,0,7.813151199025402,46.917492,7.419788,5321849017,,,,,0.0,0.0
635,709,3,13,0,stay,1,8.090415515112149,0.0,0,0.9152893432058454,73.29287412631489,2.916174721780944,0,6.27205832651978,46.917492,7.419788,5321849017,,,,,0.0,0.0
636,710,3,14,1,random_activity,1,8.475216462378542,0.0,0,0.8383108694668285,64.75386559963466,1.529584655659452,0,7.8771208818497405,46.9780254,7.4653671,3994080156,pool,Pool 1,3994080156.0,drive,9201.197480281015,18.402394960562027
637,712,3,16,1,random_activity,2,10.261482303713594,0.0,0,0.4951169233000746,66.10590567142384,2.1095677033028926,0,10.261482303713594,46.917492,7.419788,5321849017,park,Park 1,5321849017.0,walk,9411.153241443715,117.63941551804643
638,713,3,17,1,random_activity,1,9.830513687996865,0.0,0,0.28002110706541694,59.74392846891656,1.114720119248709,0,9.830513687996865,46.917492,7.419788,5321849017,park,Park 1,5321849017.0,drive,0.0,0.0
639,714,3,18,0,stay,1,8.374590412118387,0.0,0,0.04986788605825253,60.54117786306754,2.0648566749402093,0,7.242394507156457,46.917492,7.419788,5321849017,,,,,0.0,0.0
640,715,3,19,0,stay,1,7.972767615057918,0.0,0,0.0,67.98298897648347,2.6759619665414416,0,6.2942926907103764,46.917492,7.419788,5321849017,,,,,0.0,0.0
641,716,3,20,1,random_activity,1,6.148576191178318,0.0,0,0.0,69.75562840171065,2.060990088510272,0,4.6470149533716425,46.9780254,7.4653671,3994080156,pool,Pool 1,3994080156.0,drive,9201.197480281015,18.402394960562027
642,717,3,21,0,stay,1,3.7323324635660846,0.0,0,0.0,73.2195286417706,1.4298956199312391,0,2.600066460993631,46.9780254,7.4653671,3994080156,,,,,0.0,0.0
643,718,3,22,1,random_activity,1,2.945446988492987,0.0,0,0.0,78.01969698891739,2.9115307652196205,0,0.10908647143221373,46.9550733,7.4874571,430829357,gym,Gym 1,430829357.0,bike,4006.792056257755,16.02716822503102
644,719,3,23,1,random_activity,1,2.4380607671855,0.0,0,0.0,81.01210603121328,2.892653602543856,0,-0.48324220113046934,46.9550733,7.4874571,430829357,gym,Gym 1,430829357.0,drive,0.0,0.0
645,720,4,0,1,random_activity,1,4.059525532475882,0.0,0,0.0,80.28225769106866,1.5972737770425076,0,2.7453486908873534,46.9550733,7.4874571,430829357,gym,Gym 1,430829357.0,walk,0.0,0.0
646,721,4,1,0,stay,1,3.342015722393757,0.0,0,0.0,79.44461783980422,2.0248009806169724,0,1.4097195646757636,46.9550733,7.4874571,430829357,,,,,0.0,0.0
647,722,4,2,0,stay,1,2.829136258289477,0.0,0,0.0,78.1314345705204,3.232731419661815,0,-0.28214668333091375,46.9550733,7.4874571,430829357,,,,,0.0,0.0
648,723,4,3,0,stay,1,2.349631410071755,0.0,0,0.0,86.420930511892,1.7834851566991994,0,0.5408309984268477,46.9550733,7.4874571,430829357,,,,,0.0,0.0
649,724,4,4,1,random_activity,1,2.4195074017262312,0.0,0,0.0,78.40262201360298,2.920951734485491,0,-0.5290609056687718,46.9780254,7.4653671,3994080156,pool,Pool 1,3994080156.0,drive,4066.7742830404877,8.133548566080975
650,725,4,5,1,random_activity,1,4.002541464484758,0.0,0,0.0,76.86525629110344,3.921230951634472,0,0.681291235952999,46.9780254,7.4653671,3994080156,pool,Pool 1,3994080156.0,bike,0.0,0.0
651,726,4,6,1,random_activity,1,3.1635279756230745,0.0,0,0.0,80.90385527705,2.5402760811239107,0,0.6882805075577636,46.917492,7.419788,5321849017,park,Park 1,5321849017.0,bike,9411.153241443715,37.64461296577486
652,727,4,7,0,stay,1,5.295980565823103,0.0,0,0.15902883316193844,74.81569414206407,1.4775009265115266,0,4.313746154191536,46.917492,7.419788,5321849017,,,,,0.0,0.0
653,728,4,8,1,random_activity,1,8.108830976059084,0.0,0,0.3864611175210238,74.83931450161498,2.1238670297013105,0,6.881333815858473,46.9669993,7.3770645,6019904580,gym,Gym 2,6019904580.0,drive,7424.157049702068,14.848314099404137
654,729,4,9,0,stay,1,9.962344170255239,0.0,0,0.45360210209997526,73.32122426064767,1.6129944610837392,0,9.492284318750919,46.9669993,7.3770645,6019904580,,,,,0.0,0.0
655,730,4,10,1,random_activity,1,10.52853659840528,0.0,0,0.6478621875356366,69.99971292267385,1.3000121753516822,0,10.52853659840528,46.9780254,7.4653671,3994080156,pool,Pool 1,3994080156.0,bike,8326.869468290257,33.30747787316103
656,731,4,11,1,random_activity,1,11.527614673776512,0.0,0,0.7099907620082084,61.41734940781862,1.318203015094515,0,11.527614673776512,46.9550733,7.4874571,430829357,gym,Gym 1,430829357.0,walk,4006.792056257755,50.08490070322194
657,732,4,12,1,random_activity,1,11.662843678960026,0.0,0,0.7562752379576029,58.708838177664234,3.206297791232587,0,11.662843678960026,46.917492,7.419788,5321849017,park,Park 1,5321849017.0,bike,8390.027889932695,33.56011155973078
658,734,4,14,1,random_activity,2,16.810168425132588,0.0,0,0.7916234623722362,50.222347665436516,1.7955001223469085,0,16.810168425132588,46.9780254,7.4653671,3994080156,pool,Pool 1,3994080156.0,walk,9411.153241443713,117.63941551804642
659,735,4,15,1,random_activity,1,16.33191029246356,0.0,0,0.6483934289643402,59.10513220980495,1.7832656284715218,0,16.33191029246356,46.9780254,7.4653671,3994080156,pool,Pool 1,3994080156.0,bike,0.0,0.0
660,736,4,16,1,random_activity,1,15.181781801561641,0.0,0,0.6318295635241693,60.38757303718698,3.1705569063509227,0,15.181781801561641,46.9550733,7.4874571,430829357,gym,Gym 1,430829357.0,bike,4006.792056257755,16.02716822503102
661,737,4,17,1,random_activity,1,14.974359752466153,0.0,0,0.43066004269545305,54.93680493679405,1.9195463831451167,0,14.974359752466153,46.9780254,7.4653671,3994080156,pool,Pool 1,3994080156.0,bike,4006.792056257754,16.027168225031016
662,738,4,18,0,stay,1,13.73971785664655,0.0,0,0.34617210840269963,61.793941416488465,2.9492150163310056,0,13.73971785664655,46.9780254,7.4653671,3994080156,,,,,0.0,0.0
663,739,4,19,1,random_activity,1,11.66729708333697,0.0,0,0.10754334526366238,65.74611657650719,1.6912983293366821,0,11.66729708333697,46.9780254,7.4653671,3994080156,pool,Pool 1,3994080156.0,drive,0.0,0.0
664,740,4,20,1,random_activity,1,11.563504024672858,0.0,0,0.0,75.81462995076873,2.1633720382433115,0,11.563504024672858,46.917492,7.419788,5321849017,park,Park 1,5321849017.0,drive,9389.936467512754,18.77987293502551
665,741,4,21,1,random_activity,1,10.28872419180015,0.0,0,0.0,77.71346542518367,1.8059236270718513,0,10.28872419180015,46.917492,7.419788,5321849017,park,Park 1,5321849017.0,walk,0.0,0.0
666,742,4,22,0,stay,1,9.403637322648928,0.0,0,0.0,76.9384907341919,2.5610313533745686,0,8.074855255129528,46.917492,7.419788,5321849017,,,,,0.0,0.0
667,743,4,23,1,random_activity,1,6.035780909691411,0.0,0,0.0,72.54213438540552,0.4673129194819843,0,6.035780909691411,46.9780254,7.4653671,3994080156,pool,Pool 1,3994080156.0,drive,9201.197480281015,18.402394960562027
668,744,4,0,1,random_activity,1,6.333382071613348,0.0,0,0.0,80.80765003366004,1.894145691787462,0,5.0264405011164905,46.917492,7.419788,5321849017,park,Park 1,5321849017.0,bike,9411.153241443715,37.64461296577486
669,745,4,1,1,random_activity,1,5.224564102058864,0.0,0,0.0,78.66115900099513,2.3404918454116292,0,3.3050669833555526,46.9669993,7.3770645,6019904580,gym,Gym 2,6019904580.0,bike,7867.962547174642,31.471850188698568
670,746,4,2,0,stay,1,4.508836976748464,0.0,0,0.0,82.33174671800782,3.203865863803511,0,1.7675955643036663,46.9669993,7.3770645,6019904580,,,,,0.0,0.0
671,747,4,3,1,random_activity,1,5.7636880852732855,0.0,0,0.0,75.17185944170612,2.5340123548284406,0,3.7771721356200376,46.9669993,7.3770645,6019904580,gym,Gym 2,6019904580.0,drive,0.0,0.0
672,749,4,5,1,random_activity,2,6.399771038677741,0.0,0,0.0,82.1080146818444,3.660111187340015,0,3.769576597307073,46.917492,7.419788,5321849017,park,Park 1,5321849017.0,walk,7867.962547174642,98.34953183968302
673,750,4,6,0,stay,1,7.502630928098517,0.0,0,0.0,81.47257541789493,1.331202926460544,0,7.502630928098517,46.917492,7.419788,5321849017,,,,,0.0,0.0
674,751,4,7,1,random_activity,1,8.341648225251504,0.0,0,0.16354775072123484,71.00091116343853,2.612628107402114,0,6.777809174067152,46.917492,7.419788,5321849017,park,Park 1,5321849017.0,walk,0.0,0.0
675,752,4,8,0,stay,1,8.455944613980016,0.0,0,0.367831096011669,74.4002381266166,2.078435330851834,0,7.3257938441030985,46.917492,7.419788,5321849017,,,,,0.0,0.0
676,754,4,10,1,random_activity,2,10.841764423410616,0.0,0,0.6601763154938716,63.66225118624179,2.485908989865962,0,10.841764423410616,46.9780254,7.4653671,3994080156,pool,Pool 1,3994080156.0,walk,9411.153241443713,117.63941551804642
677,755,4,11,1,random_activity,1,13.193816743703623,0.0,0,0.847477480478891,67.96005829318193,1.8044357297410014,0,13.193816743703623,46.9780254,7.4653671,3994080156,pool,Pool 1,3994080156.0,walk,0.0,0.0
678,756,4,12,0,stay,1,13.114065448555422,0.0,0,0.8897558482764913,58.67736062407447,1.5630809638954628,0,13.114065448555422,46.9780254,7.4653671,3994080156,,,,,0.0,0.0
679,757,4,13,1,random_activity,1,13.75450974728019,0.0,0,0.8271150566983282,67.59555657493345,1.2338345421705474,0,13.75450974728019,46.9550733,7.4874571,430829357,gym,Gym 1,430829357.0,walk,4006.792056257755,50.08490070322194
680,758,4,14,0,stay,1,13.918964114581929,0.0,0,0.8852312179785545,55.48737849815724,1.908401091530603,0,13.918964114581929,46.9550733,7.4874571,430829357,,,,,0.0,0.0
681,759,4,15,0,stay,1,11.653762297098138,0.0,0,0.8180487596732265,67.17700324621237,1.7290040497619705,0,11.653762297098138,46.9550733,7.4874571,430829357,,,,,0.0,0.0
682,760,4,16,1,random_activity,1,11.962132397406894,0.0,0,0.6927803443751623,57.03252122771626,1.7465153741657045,0,11.962132397406894,46.9550733,7.4874571,430829357,gym,Gym 1,430829357.0,bike,0.0,0.0
683,761,4,17,1,random_activity,1,12.38086847971551,0.0,0,0.5201994128073201,60.29050825369087,1.5724018430613844,0,12.38086847971551,46.9780254,7.4653671,3994080156,pool,Pool 1,3994080156.0,walk,4006.792056257754,50.084900703221926
684,762,4,18,0,stay,1,12.907058094824205,0.0,0,0.32820636832462374,61.999991309965814,1.6242181249808028,0,12.907058094824205,46.9780254,7.4653671,3994080156,,,,,0.0,0.0
685,763,4,19,0,stay,1,13.85568631206808,0.0,0,0.17816276214464805,63.23810819071755,0.19755682979935973,0,13.85568631206808,46.9780254,7.4653671,3994080156,,,,,0.0,0.0
686,764,4,20,1,random_activity,1,12.311887380873138,0.0,0,0.0,68.39449204973911,2.0770573698601607,0,12.311887380873138,46.917492,7.419788,5321849017,park,Park 1,5321849017.0,drive,9389.936467512754,18.77987293502551
687,766,4,22,1,random_activity,2,12.07321515814976,0.0,0,0.0,64.24398226242884,1.5273140449750133,0,12.07321515814976,46.9780254,7.4653671,3994080156,pool,Pool 1,3994080156.0,walk,9411.153241443713,117.63941551804642
688,767,4,23,0,stay,1,8.824215976157294,0.0,0,0.0,75.99350868781792,1.7460216457199913,0,8.05449287713847,46.9780254,7.4653671,3994080156,,,,,0.0,0.0
689,768,4,0,0,stay,1,8.955696334705689,0.0,0,0.0,79.76961191259491,1.1464949512465,0,8.955696334705689,46.9780254,7.4653671,3994080156,,,,,0.0,0.0
690,769,4,1,1,random_activity,1,7.387381356365837,0.0,0,0.0,76.89628538011377,1.7232628714841123,0,6.421376293329363,46.9550733,7.4874571,430829357,gym,Gym 1,430829357.0,walk,4006.792056257755,50.08490070322194
691,770,4,2,0,stay,1,7.266598546595306,0.0,0,0.0,76.5261385510363,2.0351142747605113,0,5.975831187092267,46.9550733,7.4874571,430829357,,,,,0.0,0.0
692,772,4,4,1,random_activity,2,4.224001058060523,0.0,0,0.0,79.7944786767657,2.425703842566621,0,2.0475680593229524,46.917492,7.419788,5321849017,park,Park 1,5321849017.0,walk,8390.027889932695,104.87534862415869
693,773,4,5,1,random_activity,1,3.190870530939309,0.0,0,0.0,83.78943719527815,1.2782155226498726,0,3.190870530939309,46.9669993,7.3770645,6019904580,gym,Gym 2,6019904580.0,bike,7867.962547174642,31.471850188698568
694,774,4,6,1,random_activity,1,6.249733215253139,0.0,0,0.0,75.8282113395054,2.3819699977509714,0,4.478203761077511,46.9780254,7.4653671,3994080156,pool,Pool 1,3994080156.0,bike,8326.869468290257,33.30747787316103
695,775,4,7,0,stay,1,4.951873559170588,0.0,0,0.20681070098960913,75.87996905715262,2.4586477646051033,0,2.87907032785959,46.9780254,7.4653671,3994080156,,,,,0.0,0.0
696,776,4,8,1,random_activity,1,5.974075296535387,0.0,0,0.31643054537278714,65.07533661835748,3.517207425989397,0,3.3365604110437865,46.9550733,7.4874571,430829357,gym,Gym 1,430829357.0,walk,4006.792056257755,50.08490070322194
697,777,4,9,0,stay,1,7.61776676142993,0.0,0,0.51772197710646,72.07949959907236,1.0404942335384895,0,7.61776676142993,46.9550733,7.4874571,430829357,,,,,0.0,0.0
698,778,4,10,1,random_activity,1,10.067636969157212,0.0,0,0.6678394216390289,60.77287519744432,1.8733254610340007,0,10.067636969157212,46.9550733,7.4874571,430829357,gym,Gym 1,430829357.0,drive,0.0,0.0
699,780,4,12,1,random_activity,2,13.892454637759247,0.0,0,0.8190239162827516,62.40886365851142,1.3614679007774457,0,13.892454637759247,46.917492,7.419788,5321849017,park,Park 1,5321849017.0,walk,8390.027889932695,104.87534862415869
700,781,4,13,0,stay,1,14.081354427745156,0.0,0,0.8445856648936345,58.160636994723,1.086722984215326,0,14.081354427745156,46.917492,7.419788,5321849017,,,,,0.0,0.0
701,782,4,14,0,stay,1,16.107889002127465,0.0,0,0.8582829396801475,58.9869651236056,3.1160343471415404,0,16.107889002127465,46.917492,7.419788,5321849017,,,,,0.0,0.0
702,783,4,15,1,random_activity,1,17.32866993314323,0.0,0,0.7871603091599583,56.343420513795,2.6971345757063685,0,17.32866993314323,46.917492,7.419788,5321849017,park,Park 1,5321849017.0,drive,0.0,0.0
703,784,4,16,0,stay,1,17.75495307520499,0.0,0,0.6942156303892054,61.64498673216055,2.3936428213447107,0,17.75495307520499,46.917492,7.419788,5321849017,,,,,0.0,0.0
704,785,4,17,0,stay,1,15.02645397765674,0.0,0,0.5071708652160397,60.13853215013066,1.296889491190918,0,15.02645397765674,46.917492,7.419788,5321849017,,,,,0.0,0.0
705,786,4,18,0,stay,1,13.685728203851799,0.0,0,0.3002580470568098,63.64701880173499,2.057474809544192,0,13.685728203851799,46.917492,7.419788,5321849017,,,,,0.0,0.0
706,787,4,19,1,random_activity,1,14.279328401060996,0.0,0,0.1999754254463256,57.24174743558269,1.761668595341998,0,14.279328401060996,46.9780254,7.4653671,3994080156,pool,Pool 1,3994080156.0,drive,9201.197480281015,18.402394960562027
707,788,4,20,1,random_activity,1,10.238131238143515,0.0,0,0.0,67.59179711690679,2.070271372052894,0,10.238131238143515,46.9550733,7.4874571,430829357,gym,Gym 1,430829357.0,bike,4006.792056257755,16.02716822503102
708,789,4,21,1,random_activity,1,8.874736085929516,0.0,0,0.0,67.00058712859642,3.2202927335050644,0,7.0292786695503455,46.9550733,7.4874571,430829357,gym,Gym 1,430829357.0,walk,0.0,0.0
709,790,4,22,0,stay,1,6.134553001944427,0.0,0,0.0,83.66660470642479,2.424909803764352,0,4.306204517053832,46.9550733,7.4874571,430829357,,,,,0.0,0.0
710,791,4,23,0,stay,1,4.857490471331286,0.0,0,0.0,78.01226785511967,1.6393931804494275,0,3.6073981489405997,46.9550733,7.4874571,430829357,,,,,0.0,0.0
711,792,4,0,1,random_activity,1,5.010929319003101,0.0,0,0.0,76.79055009506193,2.5307982829128663,0,2.887282182194334,46.917492,7.419788,5321849017,park,Park 1,5321849017.0,drive,8815.471974417153,17.630943948834304
712,793,4,1,1,random_activity,1,4.456806416266711,0.0,0,0.0,83.20142469571229,1.4998247438062942,0,3.3277104847139487,46.917492,7.419788,5321849017,park,Park 1,5321849017.0,bike,0.0,0.0
713,794,4,2,0,stay,1,4.371560935764628,0.0,0,0.0,83.53712691776646,2.306156577021244,0,2.3316653551169173,46.917492,7.419788,5321849017,,,,,0.0,0.0
714,795,4,3,1,random_activity,1,3.991719613434185,0.0,0,0.0,81.24134156403956,2.444843594079721,0,1.755639686210044,46.917492,7.419788,5321849017,park,Park 1,5321849017.0,drive,0.0,0.0
715,796,4,4,0,stay,1,5.7647154946512815,0.0,0,0.0,78.38761434431605,1.2596640453211623,0,5.7647154946512815,46.917492,7.419788,5321849017,,,,,0.0,0.0
716,797,4,5,0,stay,1,4.953677622569849,0.0,0,0.0,80.64985686053605,1.5117893905917343,0,3.878659643126099,46.917492,7.419788,5321849017,,,,,0.0,0.0
717,798,4,6,1,random_activity,1,3.5176644084594284,0.0,0,0.0,72.9940286286893,2.2923370833024723,0,1.3397902581120273,46.9780254,7.4653671,3994080156,pool,Pool 1,3994080156.0,bike,9411.153241443713,37.644612965774854
718,799,4,7,1,random_activity,1,5.80421001991686,0.0,0,0.1654289510874254,71.88528250455377,3.381257102316341,0,3.215508846330203,46.917492,7.419788,5321849017,park,Park 1,5321849017.0,drive,9389.936467512754,18.77987293502551
719,800,4,8,0,stay,1,7.8343042726955945,0.0,0,0.4061013269947202,69.77521430372299,1.9645259943829076,0,6.701928540836046,46.917492,7.419788,5321849017,,,,,0.0,0.0
720,801,4,9,1,random_activity,1,10.010208524577978,0.0,0,0.6113677106031391,65.16889491459243,1.8688752953178736,0,10.010208524577978,46.9780254,7.4653671,3994080156,pool,Pool 1,3994080156.0,bike,9411.153241443713,37.644612965774854
721,802,4,10,1,random_activity,1,11.286394475800915,0.0,0,0.8278996450545336,67.31245480734417,1.1501415127501806,0,11.286394475800915,46.9780254,7.4653671,3994080156,pool,Pool 1,3994080156.0,walk,0.0,0.0
722,803,4,11,0,stay,1,13.854531101562316,0.0,0,0.9497814915320737,57.091700220622045,2.3321066616710047,0,13.854531101562316,46.9780254,7.4653671,3994080156,,,,,0.0,0.0
723,804,4,12,0,stay,1,14.031336097562345,1.7854622860933043,1,0.3030677523790131,72.41367769648352,3.0524458546194024,0,14.031336097562345,46.9780254,7.4653671,3994080156,,,,,0.0,0.0
724,805,4,13,1,random_activity,1,15.842803788835916,0.0,0,1.0,59.512740521438275,0.0,0,15.842803788835916,46.917492,7.419788,5321849017,park,Park 1,5321849017.0,bike,9411.153241443715,37.64461296577486
725,807,4,15,1,random_activity,2,15.444597960149872,0.0,0,0.8848581399627874,64.62758993580162,2.386682120811229,0,15.444597960149872,46.9669993,7.3770645,6019904580,gym,Gym 2,6019904580.0,walk,7867.962547174642,98.34953183968302
726,808,4,16,0,stay,1,15.511764112357096,0.0,0,0.8164958143316972,57.138682851166294,1.0944130597045207,0,15.511764112357096,46.9669993,7.3770645,6019904580,,,,,0.0,0.0
727,810,4,18,1,random_activity,2,14.142919576181024,0.0,0,0.4053563923929403,48.9652729215138,2.5009666616913715,0,14.142919576181024,46.917492,7.419788,5321849017,park,Park 1,5321849017.0,walk,7867.962547174642,98.34953183968302
728,812,4,20,1,random_activity,2,11.847422274533228,0.0,0,0.0,67.46648679094655,2.017931243033136,0,11.847422274533228,46.9780254,7.4653671,3994080156,pool,Pool 1,3994080156.0,walk,9411.153241443713,117.63941551804642
729,813,4,21,1,random_activity,1,10.473248670342702,0.0,0,0.0,67.20756718972204,1.3815857972686372,0,10.473248670342702,46.9550733,7.4874571,430829357,gym,Gym 1,430829357.0,bike,4006.792056257755,16.02716822503102
730,814,4,22,0,stay,1,8.372532883385638,0.0,0,0.0,77.59929691183753,2.7409426978253837,0,6.725837547125334,46.9550733,7.4874571,430829357,,,,,0.0,0.0
731,815,4,23,0,stay,1,7.338524179098302,0.0,0,0.0,68.17033626720391,2.5047080516282874,0,5.666964346188045,46.9550733,7.4874571,430829357,,,,,0.0,0.0
732,816,4,0,1,random_activity,1,7.50585804294931,0.0,0,0.0,79.58181289842058,2.2920572101136645,0,6.033314486492153,46.917492,7.419788,5321849017,park,Park 1,5321849017.0,bike,8390.027889932695,33.56011155973078
733,817,4,1,1,random_activity,1,6.435224956153885,0.0,0,0.0,81.43748809352435,3.0444218099295757,0,4.1994379181529045,46.9669993,7.3770645,6019904580,gym,Gym 2,6019904580.0,bike,7867.962547174642,31.471850188698568
734,818,4,2,1,random_activity,1,5.959528960639019,0.0,0,0.0,75.32018417580562,2.00746172601644,0,4.478434109841881,46.9669993,7.3770645,6019904580,gym,Gym 2,6019904580.0,bike,0.0,0.0
735,820,4,4,1,random_activity,2,5.02755057903565,0.0,0,0.0,78.42014432348185,2.178074608681451,0,3.223634838824899,46.917492,7.419788,5321849017,park,Park 1,5321849017.0,walk,7867.962547174642,98.34953183968302
736,822,4,6,1,random_activity,2,7.815121117513211,0.0,0,0.0,87.29293641562268,0.0,0,7.815121117513211,46.9669993,7.3770645,6019904580,gym,Gym 2,6019904580.0,walk,7867.962547174642,98.34953183968302
737,823,4,7,1,random_activity,1,8.317364580775823,0.0,0,0.13404545008711835,75.96378797665136,2.776900196724485,0,6.635736893495437,46.917492,7.419788,5321849017,park,Park 1,5321849017.0,drive,7660.039052865574,15.320078105731149
738,825,4,9,1,random_activity,2,9.91429167614228,0.0,0,0.37805876126465027,65.86564436981755,0.692072902434844,0,9.91429167614228,46.9780254,7.4653671,3994080156,pool,Pool 1,3994080156.0,walk,9411.153241443713,117.63941551804642
739,827,4,11,1,random_activity,2,11.263745681566943,0.0,0,0.49438683450518306,62.21995463957197,1.2648705803284275,0,11.263745681566943,46.917492,7.419788,5321849017,park,Park 1,5321849017.0,walk,9411.153241443715,117.63941551804643
740,828,4,12,1,random_activity,1,13.390732391347424,0.0,0,0.6729641507498234,61.47357570937609,2.066156219461921,0,13.390732391347424,46.9780254,7.4653671,3994080156,pool,Pool 1,3994080156.0,drive,9201.197480281015,18.402394960562027
741,829,4,13,1,random_activity,1,13.918173262151427,0.0,0,0.6539980611730781,58.32864187586465,2.8935154717604763,0,13.918173262151427,46.9550733,7.4874571,430829357,gym,Gym 1,430829357.0,bike,4006.792056257755,16.02716822503102
742,830,4,14,1,random_activity,1,13.012506452025372,0.4419510755964297,1,0.19787873050439253,72.13297215680711,1.2017861357867803,0,13.012506452025372,46.9550733,7.4874571,430829357,gym,Gym 1,430829357.0,bike,0.0,0.0
743,831,4,15,1,random_activity,1,14.99561889145242,0.0,0,0.6715994169289607,55.254620731238376,2.736194409659007,0,14.99561889145242,46.9780254,7.4653671,3994080156,pool,Pool 1,3994080156.0,walk,4006.792056257754,50.084900703221926
744,832,4,16,1,random_activity,1,14.253049171569879,0.0,0,0.555154163090267,64.40440389742501,2.221213577398383,0,14.253049171569879,46.917492,7.419788,5321849017,park,Park 1,5321849017.0,drive,9389.936467512754,18.77987293502551
745,834,4,18,1,random_activity,2,11.903081113717656,0.0,0,0.2375580064975511,60.10838034849248,3.3912911384195903,0,11.903081113717656,46.9780254,7.4653671,3994080156,pool,Pool 1,3994080156.0,walk,9411.153241443713,117.63941551804642
746,835,4,19,1,random_activity,1,10.271956156363641,0.0,0,0.07845780782146156,62.86512282490021,0.8996636782235932,0,10.271956156363641,46.9550733,7.4874571,430829357,gym,Gym 1,430829357.0,walk,4006.792056257755,50.08490070322194
747,836,4,20,1,random_activity,1,9.535948230105488,0.0,0,0.0,69.05188311564231,1.5055036739564396,0,9.113734661083864,46.9780254,7.4653671,3994080156,pool,Pool 1,3994080156.0,bike,4006.792056257754,16.027168225031016
748,837,4,21,1,random_activity,1,8.300553034510145,3.202108243821196,1,0.0,81.493104131368,2.1081182331286796,0,7.118964897964178,46.9780254,7.4653671,3994080156,pool,Pool 1,3994080156.0,bike,0.0,0.0
749,838,4,22,1,random_activity,1,6.048180367408457,1.8772075862524968,1,0.0,81.59804777699979,2.941382615235024,0,3.8062360278791414,46.9780254,7.4653671,3994080156,pool,Pool 1,3994080156.0,bike,0.0,0.0
750,839,4,23,1,random_activity,1,5.750496327802325,0.6486561597292879,1,0.0,86.56887118141397,2.213592555287182,0,4.038396006421745,46.9550733,7.4874571,430829357,gym,Gym 1,430829357.0,bike,4006.792056257755,16.02716822503102
751,840,4,0,0,stay,1,4.79240240399022,1.1927909710627649,1,0.0,83.9507936226068,3.403585850358336,0,1.9738926647641444,46.9550733,7.4874571,430829357,,,,,0.0,0.0
752,841,4,1,1,random_activity,1,6.054260045599236,1.0675621939186009,1,0.0,88.68089110032241,0.7074365912016439,0,6.054260045599236,46.9780254,7.4653671,3994080156,pool,Pool 1,3994080156.0,walk,4006.792056257754,50.084900703221926
753,843,4,3,1,random_activity,2,6.354829496522284,0.0,0,0.0,79.13927496516004,2.0617963052091675,0,4.887037481487365,46.917492,7.419788,5321849017,park,Park 1,5321849017.0,walk,9411.153241443715,117.63941551804643
754,844,4,4,1,random_activity,1,5.726175861180707,0.0,0,0.0,74.77066050320981,2.3019594516739144,0,3.9302141313056342,46.917492,7.419788,5321849017,park,Park 1,5321849017.0,bike,0.0,0.0
755,846,4,6,1,random_activity,2,7.5675490703326425,0.0,0,0.0,70.79833185383893,2.3002586345523706,0,6.099209590603844,46.9780254,7.4653671,3994080156,pool,Pool 1,3994080156.0,walk,9411.153241443713,117.63941551804642
756,847,4,7,1,random_activity,1,8.334382173261007,0.0,0,0.062210252630172665,75.11605779444689,1.3104161953631426,0,8.334382173261007,46.9780254,7.4653671,3994080156,pool,Pool 1,3994080156.0,drive,0.0,0.0
757,848,4,8,1,random_activity,1,10.808674497710438,0.0,0,0.10859385888057424,75.22436210546685,2.394408029195615,0,10.808674497710438,46.917492,7.419788,5321849017,park,Park 1,5321849017.0,bike,9411.153241443715,37.64461296577486
758,849,4,9,1,random_activity,1,11.72110511992221,0.0,0,0.0,67.4192414358876,1.827595123974529,0,11.72110511992221,46.917492,7.419788,5321849017,park,Park 1,5321849017.0,walk,0.0,0.0
759,850,4,10,0,stay,1,11.695942573890894,0.0,0,0.06170382699178984,64.91834469059602,2.042843677561916,0,11.695942573890894,46.917492,7.419788,5321849017,,,,,0.0,0.0
760,851,4,11,1,random_activity,1,13.055667111477433,0.0,0,0.1350805880388895,63.61424379810807,0.8546272382911333,0,13.055667111477433,46.917492,7.419788,5321849017,park,Park 1,5321849017.0,bike,0.0,0.0
761,853,4,13,1,random_activity,2,13.055925242622177,0.0,0,0.023235234346980688,65.20330550219266,2.686442874403504,0,13.055925242622177,46.9780254,7.4653671,3994080156,pool,Pool 1,3994080156.0,walk,9411.153241443713,117.63941551804642
762,855,4,15,1,random_activity,2,14.794546170037918,0.0,0,0.11431228232807912,60.15803964740672,1.7591315438151478,0,14.794546170037918,46.917492,7.419788,5321849017,park,Park 1,5321849017.0,walk,9411.153241443715,117.63941551804643
763,856,4,16,1,random_activity,1,15.516334394978939,0.0,0,0.09524927781709662,55.9442578065303,1.0372838356295124,0,15.516334394978939,46.917492,7.419788,5321849017,park,Park 1,5321849017.0,walk,0.0,0.0
764,857,4,17,0,stay,1,14.636255433045697,0.0,0,0.0919321678121512,59.53099458418438,1.7906530860093737,0,14.636255433045697,46.917492,7.419788,5321849017,,,,,0.0,0.0
765,858,4,18,0,stay,1,11.212630093079097,0.0,0,0.13529169222245122,57.503162328524056,1.982169349172354,0,11.212630093079097,46.917492,7.419788,5321849017,,,,,0.0,0.0
766,859,4,19,0,stay,1,9.770047514990992,0.0,0,0.08649009194582186,62.936289680312626,1.631349114531294,0,9.253841553573842,46.917492,7.419788,5321849017,,,,,0.0,0.0
767,860,4,20,0,stay,1,8.633591644556153,0.0,0,0.0,62.886638431348416,3.12707610146344,0,6.793130576865344,46.917492,7.419788,5321849017,,,,,0.0,0.0
768,862,4,22,1,random_activity,2,5.368762980008013,0.0,0,0.0,66.1904366490817,0.8084149967276888,0,5.368762980008013,46.9780254,7.4653671,3994080156,pool,Pool 1,3994080156.0,walk,9411.153241443713,117.63941551804642
769,863,4,23,1,random_activity,1,4.931556898177169,0.0,0,0.0,70.2967260249148,2.2499741377380222,0,3.042955631539783,46.9550733,7.4874571,430829357,gym,Gym 1,430829357.0,bike,4006.792056257755,16.02716822503102
770,864,4,0,1,random_activity,1,4.984894501187498,0.0,0,0.0,78.16411687839583,2.6044898899866666,0,2.7948806369226196,46.9550733,7.4874571,430829357,gym,Gym 1,430829357.0,walk,0.0,0.0
771,866,4,2,1,random_activity,2,5.626241654586475,0.0,0,0.0,84.59865724634528,0.6903998103971101,0,5.626241654586475,46.917492,7.419788,5321849017,park,Park 1,5321849017.0,walk,8390.027889932695,104.87534862415869
772,868,4,4,1,random_activity,2,4.670659743200039,0.0,0,0.0,82.70615500574468,1.9213682223568125,0,3.0679558424433,46.9780254,7.4653671,3994080156,pool,Pool 1,3994080156.0,walk,9411.153241443713,117.63941551804642
773,870,4,6,1,random_activity,2,5.0074754236590415,0.0,0,0.0,76.72198235221092,2.1692086326298363,0,3.208607805617684,46.917492,7.419788,5321849017,park,Park 1,5321849017.0,walk,9411.153241443715,117.63941551804643
774,871,4,7,0,stay,1,6.265014299340598,0.0,0,0.09055334997325111,70.8449498503356,2.2442682725311314,0,4.614998709412351,46.917492,7.419788,5321849017,,,,,0.0,0.0
775,873,4,9,1,random_activity,2,9.948680149074868,0.0,0,0.46394412709645094,67.26553448881249,2.5183962625978626,0,8.75007723721099,46.9669993,7.3770645,6019904580,gym,Gym 2,6019904580.0,walk,7867.962547174642,98.34953183968302
776,874,4,10,1,random_activity,1,10.885108824041163,0.0,0,0.5787538977141612,73.16929616883341,1.8209818550389585,0,10.885108824041163,46.9669993,7.3770645,6019904580,gym,Gym 2,6019904580.0,drive,0.0,0.0
777,875,4,11,1,random_activity,1,12.66942124656965,0.0,0,0.5931104387246178,60.37900758432707,1.2182903765891808,0,12.66942124656965,46.917492,7.419788,5321849017,park,Park 1,5321849017.0,bike,7867.962547174642,31.471850188698568
778,876,4,12,1,random_activity,1,14.861394285555061,0.0,0,0.720453620008745,61.108667480843934,1.7434563551574322,0,14.861394285555061,46.917492,7.419788,5321849017,park,Park 1,5321849017.0,bike,0.0,0.0
779,877,4,13,1,random_activity,1,17.407779469960406,0.0,0,0.7767324077520414,55.97515009096128,2.7280487345999886,0,17.407779469960406,46.9780254,7.4653671,3994080156,pool,Pool 1,3994080156.0,bike,9411.153241443713,37.644612965774854
780,878,4,14,1,random_activity,1,17.65587557390887,0.0,0,0.7220212082019792,57.48830938057757,1.229353765556246,0,17.65587557390887,46.9550733,7.4874571,430829357,gym,Gym 1,430829357.0,walk,4006.792056257755,50.08490070322194
781,880,4,16,1,random_activity,2,17.201559653381594,0.0,0,0.5989454282154576,58.10022554473936,1.830018877498707,0,17.201559653381594,46.917492,7.419788,5321849017,park,Park 1,5321849017.0,walk,8390.027889932695,104.87534862415869
782,882,4,18,1,random_activity,2,16.2650419015329,0.0,0,0.34358125206820883,64.2105600057543,2.3583273843237786,0,16.2650419015329,46.9780254,7.4653671,3994080156,pool,Pool 1,3994080156.0,walk,9411.153241443713,117.63941551804642
783,883,4,19,1,random_activity,1,16.114673342937717,0.0,0,0.15786308145008843,62.758331120292794,1.7913289803107029,0,16.114673342937717,46.917492,7.419788,5321849017,park,Park 1,5321849017.0,bike,9411.153241443715,37.64461296577486
784,884,4,20,0,stay,1,14.527623230908148,0.0,0,0.0,62.52639235120231,1.3371433482447785,0,14.527623230908148,46.917492,7.419788,5321849017,,,,,0.0,0.0
785,886,4,22,1,random_activity,2,10.616478237373874,0.0,0,0.0,72.51858123837768,3.6115036368138833,0,10.616478237373874,46.9780254,7.4653671,3994080156,pool,Pool 1,3994080156.0,walk,9411.153241443713,117.63941551804642
786,887,4,23,1,random_activity,1,9.751157122748996,0.0,0,0.0,66.26147280807828,1.4361452942339765,0,9.433102185340655,46.9550733,7.4874571,430829357,gym,Gym 1,430829357.0,bike,4006.792056257755,16.02716822503102
787,888,4,0,1,random_activity,1,5.7168051343151856,0.0,0,0.0,74.97337340224543,2.587112413261625,0,3.6785113512529932,46.9780254,7.4653671,3994080156,pool,Pool 1,3994080156.0,walk,4006.792056257754,50.084900703221926
788,889,4,1,0,stay,1,4.964010500754447,0.0,0,0.0,79.85314115070618,1.7095129797291186,0,3.6457355063491548,46.9780254,7.4653671,3994080156,,,,,0.0,0.0
789,890,4,2,1,random_activity,1,3.922021946755474,0.0,0,0.0,75.12015904926652,2.3716740986041476,0,1.740587446335107,46.917492,7.419788,5321849017,park,Park 1,5321849017.0,bike,9411.153241443715,37.64461296577486
790,891,4,3,0,stay,1,0.9441874763060394,0.0,0,0.0,83.42620302570204,1.7429078759772518,0,-1.0279867363228057,46.917492,7.419788,5321849017,,,,,0.0,0.0
791,892,4,4,1,random_activity,1,0.9814693135766754,0.0,0,0.0,75.69236752143365,2.5692658698667854,0,-1.9280497293433383,46.9780254,7.4653671,3994080156,pool,Pool 1,3994080156.0,drive,9201.197480281015,18.402394960562027
792,893,4,5,0,stay,1,0.6874530113152968,0.0,0,0.0,83.01827855280264,2.435597817847772,0,-2.142299958522559,46.9780254,7.4653671,3994080156,,,,,0.0,0.0
793,894,4,6,0,stay,1,3.169627685675665,0.0,0,0.0,76.89957893187714,0.8517060208455236,0,3.169627685675665,46.9780254,7.4653671,3994080156,,,,,0.0,0.0
794,895,4,7,0,stay,1,5.164545473570855,0.0,0,0.2673780713330896,76.50023537763589,1.8253953905305071,0,3.7451754346397967,46.9780254,7.4653671,3994080156,,,,,0.0,0.0
795,896,4,8,1,random_activity,1,6.430354830529786,0.0,0,0.4550690680829502,67.24974066942464,2.4427863429246672,0,4.641127260328154,46.917492,7.419788,5321849017,park,Park 1,5321849017.0,bike,9411.153241443715,37.64461296577486
796,898,4,10,1,random_activity,2,8.714228790572378,0.0,0,0.9236266214303661,62.45476134653167,2.724745262487351,0,7.144262953271355,46.9669993,7.3770645,6019904580,gym,Gym 2,6019904580.0,walk,7867.962547174642,98.34953183968302
797,899,4,11,1,random_activity,1,10.7683355361191,0.0,0,1.0,60.1767093338753,1.3528476378829892,0,10.7683355361191,46.9780254,7.4653671,3994080156,pool,Pool 1,3994080156.0,drive,9617.431588453604,19.234863176907208
798,900,4,12,1,random_activity,1,13.216923602915175,0.0,0,1.0,51.31632447875285,1.2653198531061483,0,13.216923602915175,46.9550733,7.4874571,430829357,gym,Gym 1,430829357.0,bike,4006.792056257755,16.02716822503102
799,901,4,13,1,random_activity,1,14.843594786345928,0.0,0,1.0,64.57381415271159,3.029493088690838,0,14.843594786345928,46.9780254,7.4653671,3994080156,pool,Pool 1,3994080156.0,drive,4066.7742830404877,8.133548566080975
800,902,4,14,1,random_activity,1,13.684102960797553,0.0,0,1.0,54.96556954055148,1.4830697903200438,0,13.684102960797553,46.9780254,7.4653671,3994080156,pool,Pool 1,3994080156.0,walk,0.0,0.0
801,903,4,15,0,stay,1,13.185479306424385,0.0,0,1.0,64.97826215271968,0.6534099559967861,0,13.185479306424385,46.9780254,7.4653671,3994080156,,,,,0.0,0.0
802,904,4,16,0,stay,1,12.277941482005051,0.0,0,0.8678416096656703,61.982630933646846,2.0976002852235687,0,12.277941482005051,46.9780254,7.4653671,3994080156,,,,,0.0,0.0
803,905,4,17,0,stay,1,13.271266363310847,0.0,0,0.6847308883998868,59.41798876105381,2.124942758931703,0,13.271266363310847,46.9780254,7.4653671,3994080156,,,,,0.0,0.0
804,906,4,18,1,random_activity,1,12.539833573658758,0.0,0,0.43851601383571687,61.34631182812367,2.741436727920358,0,12.539833573658758,46.9780254,7.4653671,3994080156,pool,Pool 1,3994080156.0,bike,0.0,0.0
805,907,4,19,1,random_activity,1,9.358478155946209,0.0,0,0.25724552352101876,63.872253408367655,1.5584077219102688,0,8.855712042780533,46.917492,7.419788,5321849017,park,Park 1,5321849017.0,bike,9411.153241443715,37.64461296577486
806,908,4,20,1,random_activity,1,8.280779500908238,0.0,0,0.0,70.02265525980886,3.0910799077387674,0,6.389996059567914,46.9669993,7.3770645,6019904580,gym,Gym 2,6019904580.0,drive,7424.157049702068,14.848314099404137
807,910,4,22,1,random_activity,2,5.219637946301696,0.0,0,0.0,74.73761109833552,1.3127611815846518,0,5.219637946301696,46.917492,7.419788,5321849017,park,Park 1,5321849017.0,walk,7867.962547174642,98.34953183968302
808,911,4,23,1,random_activity,1,5.716383001426659,0.0,0,0.0,70.22521252589259,1.319329330211993,0,5.716383001426659,46.917492,7.419788,5321849017,park,Park 1,5321849017.0,walk,0.0,0.0
809,912,4,0,1,random_activity,1,3.354483059555732,0.0,0,0.0,78.03313365162126,2.0990640087945005,0,1.344566781930511,46.9669993,7.3770645,6019904580,gym,Gym 2,6019904580.0,drive,7424.157049702068,14.848314099404137
810,913,4,1,0,stay,1,5.178676282572178,0.0,0,0.0,75.7099731986179,1.3423497383248386,0,4.3654181214135654,46.9669993,7.3770645,6019904580,,,,,0.0,0.0
811,914,4,2,0,stay,1,5.464379755081349,0.0,0,0.0,83.40888738823647,4.5705010710686125,0,2.125735621191751,46.9669993,7.3770645,6019904580,,,,,0.0,0.0
812,915,4,3,1,random_activity,1,5.494827775272812,0.0,0,0.0,80.14540415695262,1.949604049533423,0,3.9958380236639197,46.917492,7.419788,5321849017,park,Park 1,5321849017.0,drive,7660.039052865574,15.320078105731149
813,916,4,4,1,random_activity,1,5.828859852369,0.0,0,0.0,76.79889924621627,2.7426513788994136,0,3.6901726130112817,46.917492,7.419788,5321849017,park,Park 1,5321849017.0,walk,0.0,0.0
814,918,4,6,1,random_activity,2,5.358616534352163,0.0,0,0.0,75.79985286076717,1.8375443012595216,0,3.956440427989839,46.9669993,7.3770645,6019904580,gym,Gym 2,6019904580.0,walk,7867.962547174642,98.34953183968302
815,920,4,8,1,random_activity,2,9.142879157909759,0.0,0,0.34455761154053655,72.03254299886059,2.165110269140062,0,8.058196449784079,46.9780254,7.4653671,3994080156,pool,Pool 1,3994080156.0,walk,8326.869468290257,104.08586835362821
816,921,4,9,1,random_activity,1,9.682251976889031,0.0,0,0.4823728827316541,67.26537488600576,2.4307836352445773,0,8.494806180378013,46.9780254,7.4653671,3994080156,pool,Pool 1,3994080156.0,drive,0.0,0.0
817,922,4,10,1,random_activity,1,8.086041265182352,0.0,0,0.6110787675260533,68.9285876817326,2.963190912113903,0,6.236361437923005,46.9780254,7.4653671,3994080156,pool,Pool 1,3994080156.0,walk,0.0,0.0
818,923,4,11,1,random_activity,1,9.928927563780107,0.0,0,0.6802198457007814,65.62915083290801,3.4017849133308578,0,8.205688433840876,46.9550733,7.4874571,430829357,gym,Gym 1,430829357.0,bike,4006.792056257755,16.02716822503102
819,924,4,12,0,stay,1,12.130129190919975,0.0,0,0.760645345220005,59.968584015703875,1.5821776607301472,0,12.130129190919975,46.9550733,7.4874571,430829357,,,,,0.0,0.0
820,925,4,13,1,random_activity,1,11.690939737316896,0.0,0,0.8816503813773504,58.66270326868454,2.2414301102105223,0,11.690939737316896,46.917492,7.419788,5321849017,park,Park 1,5321849017.0,drive,8815.471974417153,17.630943948834304
821,926,4,14,1,random_activity,1,13.712599260002511,0.0,0,0.8845129818279134,57.717196331070284,2.681117210559167,0,13.712599260002511,46.9780254,7.4653671,3994080156,pool,Pool 1,3994080156.0,bike,9411.153241443713,37.644612965774854
822,927,4,15,0,stay,1,16.091771527361598,0.0,0,0.7239952529346941,50.781751358197944,3.7925038640500035,0,16.091771527361598,46.9780254,7.4653671,3994080156,,,,,0.0,0.0
823,928,4,16,1,random_activity,1,15.47432747182618,0.0,0,0.6268566982936287,59.303876649249304,4.496991276318514,0,15.47432747182618,46.917492,7.419788,5321849017,park,Park 1,5321849017.0,drive,9389.936467512754,18.77987293502551
824,929,4,17,1,random_activity,1,15.422050121247839,0.0,0,0.49821470095009884,61.26416268167328,1.2641528845547303,0,15.422050121247839,46.9780254,7.4653671,3994080156,pool,Pool 1,3994080156.0,bike,9411.153241443713,37.644612965774854
825,930,4,18,0,stay,1,14.753238312776174,0.0,0,0.3888080119538294,56.2041693553088,2.8495732335314736,0,14.753238312776174,46.9780254,7.4653671,3994080156,,,,,0.0,0.0
826,931,4,19,1,random_activity,1,13.456383624016574,0.0,0,0.134141858881041,56.72145878936793,1.351413440652519,0,13.456383624016574,46.9780254,7.4653671,3994080156,pool,Pool 1,3994080156.0,walk,0.0,0.0
827,932,4,20,1,random_activity,1,10.753958290639401,0.0,0,0.0,68.39608141879098,1.784878501724558,0,10.753958290639401,46.9780254,7.4653671,3994080156,pool,Pool 1,3994080156.0,drive,0.0,0.0
828,933,4,21,1,random_activity,1,8.820726455598917,0.0,0,0.0,66.97662848025148,2.529943816111262,0,7.405010253311843,46.9550733,7.4874571,430829357,gym,Gym 1,430829357.0,drive,4005.4778910771374,8.010955782154275
829,934,4,22,0,stay,1,8.320849626016077,0.0,0,0.0,64.56892768374108,2.581240001875136,0,6.7753942580143836,46.9550733,7.4874571,430829357,,,,,0.0,0.0
830,935,4,23,1,random_activity,1,7.841377795788091,0.0,0,0.0,73.59393647307893,2.4097294232930904,0,6.335081971512864,46.917492,7.419788,5321849017,park,Park 1,5321849017.0,drive,8815.471974417153,17.630943948834304
831,936,4,0,0,stay,1,7.22006348425381,0.0,0,0.0,84.90410915284669,0.8308346843582397,0,7.22006348425381,46.917492,7.419788,5321849017,,,,,0.0,0.0
832,937,4,1,1,random_activity,1,4.999416954843773,0.0,0,0.0,78.58610931814104,2.368676538308659,0,3.0144037724356485,46.9669993,7.3770645,6019904580,gym,Gym 2,6019904580.0,drive,7424.157049702068,14.848314099404137
833,938,4,2,0,stay,1,3.5834387436086925,0.0,0,0.0,85.19716774302451,2.7308888954121766,0,1.0213277428479175,46.9669993,7.3770645,6019904580,,,,,0.0,0.0
834,940,4,4,1,random_activity,2,3.3757751260292093,0.0,0,0.0,77.59824387836808,2.9436269572336657,0,0.5991813712530182,46.9780254,7.4653671,3994080156,pool,Pool 1,3994080156.0,walk,8326.869468290257,104.08586835362821
835,941,4,5,0,stay,1,5.420113649168506,0.0,0,0.0,82.21690426769288,3.467627692501015,0,2.694235696192714,46.9780254,7.4653671,3994080156,,,,,0.0,0.0
836,942,4,6,0,stay,1,6.521012149886337,0.0,0,0.0,78.10088169786953,1.106878097557602,0,6.521012149886337,46.9780254,7.4653671,3994080156,,,,,0.0,0.0
837,943,4,7,1,random_activity,1,7.847013808587727,0.0,0,0.17945024654050315,68.66332457230942,1.3122779320060989,0,7.847013808587727,46.9780254,7.4653671,3994080156,pool,Pool 1,3994080156.0,walk,0.0,0.0
838,944,4,8,1,random_activity,1,8.069041628843602,0.0,0,0.3755205204984666,74.99037176173522,2.986678062304031,0,6.200886476629171,46.9550733,7.4874571,430829357,gym,Gym 1,430829357.0,bike,4006.792056257755,16.02716822503102
839,945,4,9,0,stay,1,7.538307299361,0.0,0,0.510023376560576,78.7783880917655,1.7233008962273915,0,6.59520553178301,46.9550733,7.4874571,430829357,,,,,0.0,0.0
840,946,4,10,0,stay,1,9.666255576936916,0.0,0,0.603132078891075,69.04707168974015,2.8266091274138594,0,8.215493794551444,46.9550733,7.4874571,430829357,,,,,0.0,0.0
841,948,4,12,1,random_activity,2,13.225683450392877,0.0,0,0.882224214579752,63.163489770120165,2.4842462537793497,0,13.225683450392877,46.917492,7.419788,5321849017,park,Park 1,5321849017.0,walk,8390.027889932695,104.87534862415869
842,949,4,13,0,stay,1,14.12810753154948,0.0,0,0.8916159931713528,61.58424548384626,6.305152661337255,0,14.12810753154948,46.917492,7.419788,5321849017,,,,,0.0,0.0
843,950,4,14,1,random_activity,1,15.585551340065887,0.0,0,0.8586169038286456,58.8597403309383,3.309714846497536,0,15.585551340065887,46.917492,7.419788,5321849017,park,Park 1,5321849017.0,drive,0.0,0.0
844,951,4,15,0,stay,1,16.843899189249758,0.0,0,0.7745227190748738,59.26138129187538,1.3140357930659268,0,16.843899189249758,46.917492,7.419788,5321849017,,,,,0.0,0.0
845,952,4,16,1,random_activity,1,17.21336677691488,0.0,0,0.6720646105618416,58.35816499242332,3.1638985987347454,0,17.21336677691488,46.917492,7.419788,5321849017,park,Park 1,5321849017.0,walk,0.0,0.0
846,953,4,17,1,random_activity,1,15.370848370717946,0.0,0,0.46994531128941563,67.33964536595333,2.117358536847933,0,15.370848370717946,46.9669993,7.3770645,6019904580,gym,Gym 2,6019904580.0,drive,7424.157049702068,14.848314099404137
847,955,4,19,1,random_activity,2,13.56281059906707,0.0,0,0.17180879468790544,70.01259412378543,2.4191837077913876,0,13.56281059906707,46.917492,7.419788,5321849017,park,Park 1,5321849017.0,walk,7867.962547174642,98.34953183968302
848,956,4,20,1,random_activity,1,12.63321809621673,0.0,0,0.0,70.27521426346071,2.8138986996091617,0,12.63321809621673,46.9780254,7.4653671,3994080156,pool,Pool 1,3994080156.0,drive,9201.197480281015,18.402394960562027
849,957,4,21,1,random_activity,1,10.844816956236278,0.0,0,0.0,66.22010752843995,0.48540473136026496,0,10.844816956236278,46.9550733,7.4874571,430829357,gym,Gym 1,430829357.0,drive,4005.4778910771374,8.010955782154275
850,958,4,22,1,random_activity,1,9.519659996334891,0.0,0,0.0,72.9434347015342,2.0761351352443618,0,8.57024106440625,46.9780254,7.4653671,3994080156,pool,Pool 1,3994080156.0,drive,4066.7742830404877,8.133548566080975
851,959,4,23,1,random_activity,1,7.566126945308476,0.0,0,0.0,67.1163193164784,2.096137302178712,0,6.270669514641211,46.9780254,7.4653671,3994080156,pool,Pool 1,3994080156.0,bike,0.0,0.0
852,960,4,0,1,random_activity,1,5.635863164442695,0.0,0,0.0,76.37964645511256,2.2100996841658365,0,3.9070659597210047,46.9550733,7.4874571,430829357,gym,Gym 1,430829357.0,drive,4005.4778910771374,8.010955782154275
853,961,4,1,1,random_activity,1,4.096306060368624,0.0,0,0.0,86.99800449751405,3.5517402791431754,0,1.0300107374204457,46.917492,7.419788,5321849017,park,Park 1,5321849017.0,bike,8390.027889932695,33.56011155973078
854,963,4,3,1,random_activity,2,3.3247370274361816,0.0,0,0.0,84.99460361961839,1.6007668480966317,0,1.898922713735271,46.9669993,7.3770645,6019904580,gym,Gym 2,6019904580.0,walk,7867.962547174642,98.34953183968302
855,964,4,4,1,random_activity,1,4.938851120005444,0.0,0,0.0,84.13400239264149,1.846701755950514,0,3.460439263781549,46.9780254,7.4653671,3994080156,pool,Pool 1,3994080156.0,bike,8326.869468290257,33.30747787316103
856,965,4,5,0,stay,1,4.545835433801566,0.0,0,0.0,85.7108302290236,1.5651297140420084,0,3.3435480147243783,46.9780254,7.4653671,3994080156,,,,,0.0,0.0
857,966,4,6,1,random_activity,1,5.08783735408259,0.0,0,0.0,84.42179182118424,1.35551715624839,0,4.243861105776093,46.9780254,7.4653671,3994080156,pool,Pool 1,3994080156.0,walk,0.0,0.0
858,967,4,7,1,random_activity,1,5.592862396108917,0.0,0,0.08597069414086164,77.79407630178078,2.329848482060794,0,3.7485381034229133,46.9780254,7.4653671,3994080156,pool,Pool 1,3994080156.0,bike,0.0,0.0
859,968,4,8,1,random_activity,1,8.239613324132106,0.0,0,0.18595998558454652,75.45276160556037,3.05066923068715,0,6.365476274002988,46.9550733,7.4874571,430829357,gym,Gym 1,430829357.0,walk,4006.792056257755,50.08490070322194
860,969,4,9,0,stay,1,9.522188793321927,0.0,0,0.3897785892202966,69.80969691814646,3.0246008299987346,0,7.923411196912314,46.9550733,7.4874571,430829357,,,,,0.0,0.0
861,970,4,10,1,random_activity,1,11.608028543311093,0.0,0,0.535601521025716,71.8082368631014,1.6719764365533005,0,11.608028543311093,46.9550733,7.4874571,430829357,gym,Gym 1,430829357.0,drive,0.0,0.0
862,971,4,11,1,random_activity,1,13.632439814072946,0.0,0,0.5520217861978397,58.42250080132521,1.1313811379799132,0,13.632439814072946,46.917492,7.419788,5321849017,park,Park 1,5321849017.0,bike,8390.027889932695,33.56011155973078
863,972,4,12,1,random_activity,1,15.072928403206907,0.0,0,0.5859038829366081,64.72495061906247,1.552333048937716,0,15.072928403206907,46.9669993,7.3770645,6019904580,gym,Gym 2,6019904580.0,bike,7867.962547174642,31.471850188698568
864,973,4,13,0,stay,1,13.959054584246738,0.0,0,0.63996036775579,56.34218582993952,1.2307719790125664,0,13.959054584246738,46.9669993,7.3770645,6019904580,,,,,0.0,0.0
865,974,4,14,0,stay,1,13.876134779003092,0.0,0,0.6075918046668342,59.32384233755446,2.358558077486966,0,13.876134779003092,46.9669993,7.3770645,6019904580,,,,,0.0,0.0
866,975,4,15,1,random_activity,1,14.106604669179282,0.0,0,0.6081988377718536,58.799933187760125,1.5338089764160507,0,14.106604669179282,46.9780254,7.4653671,3994080156,pool,Pool 1,3994080156.0,drive,9617.431588453604,19.234863176907208
867,976,4,16,1,random_activity,1,13.806073887376858,0.0,0,0.44838124811618296,56.487372026748375,3.506213173344658,0,13.806073887376858,46.9780254,7.4653671,3994080156,pool,Pool 1,3994080156.0,drive,0.0,0.0
868,977,4,17,1,random_activity,1,14.6426462235696,0.0,0,0.4041462095877341,59.04171496575726,2.819384857448888,0,14.6426462235696,46.9550733,7.4874571,430829357,gym,Gym 1,430829357.0,walk,4006.792056257755,50.08490070322194
869,978,4,18,1,random_activity,1,12.599866056922421,0.0,0,0.2746112668890713,63.67029667856561,2.7454238644384814,0,12.599866056922421,46.917492,7.419788,5321849017,park,Park 1,5321849017.0,bike,8390.027889932695,33.56011155973078
870,980,4,20,1,random_activity,2,9.71963504316487,0.0,0,0.0,68.57440976859155,2.478937512653441,0,8.505583188208211,46.9780254,7.4653671,3994080156,pool,Pool 1,3994080156.0,walk,9411.153241443713,117.63941551804642
871,981,4,21,1,random_activity,1,9.086390931197075,0.0,0,0.0,72.63062268330744,2.809352060324877,0,7.533153559782701,46.9780254,7.4653671,3994080156,pool,Pool 1,3994080156.0,bike,0.0,0.0
872,982,4,22,0,stay,1,7.660385354470163,0.0,0,0.0,76.05780910022685,3.2335555326325176,0,5.554438507227965,46.9780254,7.4653671,3994080156,,,,,0.0,0.0
873,983,4,23,0,stay,1,5.611554938926746,0.0,0,0.0,75.0150628230175,1.3113000200059635,0,5.611554938926746,46.9780254,7.4653671,3994080156,,,,,0.0,0.0
874,984,4,0,1,random_activity,1,5.396685323234647,0.0,0,0.0,80.17868643700321,2.381935503208032,0,3.471453670940537,46.9550733,7.4874571,430829357,gym,Gym 1,430829357.0,bike,4006.792056257755,16.02716822503102
875,985,4,1,0,stay,1,3.691217132807491,0.0,0,0.0,75.75083305311388,1.7055805956940653,0,2.185202155948984,46.9550733,7.4874571,430829357,,,,,0.0,0.0
876,986,4,2,1,random_activity,1,2.3164236218753933,0.0,0,0.0,82.42200803131239,1.689238410360713,0,0.6241168181586451,46.9780254,7.4653671,3994080156,pool,Pool 1,3994080156.0,drive,4066.7742830404877,8.133548566080975
877,987,4,3,1,random_activity,1,2.4429933517481697,0.0,0,0.0,80.30497729967716,0.8671416027988845,0,2.4429933517481697,46.9550733,7.4874571,430829357,gym,Gym 1,430829357.0,drive,4005.4778910771374,8.010955782154275
878,988,4,4,1,random_activity,1,4.288484142144716,0.0,0,0.0,83.26792762621224,2.74967697014768,0,1.8468543768994532,46.9550733,7.4874571,430829357,gym,Gym 1,430829357.0,walk,0.0,0.0
879,989,4,5,0,stay,1,3.899632231887003,0.0,0,0.0,74.34860993108553,2.7790927381083512,0,1.358735862869105,46.9550733,7.4874571,430829357,,,,,0.0,0.0
880,990,4,6,1,random_activity,1,3.328789347692632,0.9875453507924784,1,0.0,89.72537601666971,2.9881044030376875,0,0.5076225537234001,46.917492,7.419788,5321849017,park,Park 1,5321849017.0,bike,8390.027889932695,33.56011155973078
881,991,4,7,1,random_activity,1,4.589660760608491,0.0,0,0.041599912621118076,77.17648238321752,2.551793806792326,0,2.3698229748851123,46.9780254,7.4653671,3994080156,pool,Pool 1,3994080156.0,bike,9411.153241443713,37.644612965774854
882,992,4,8,1,random_activity,1,5.077413731374698,0.0,0,0.2773150392951683,78.37339649810316,3.4362243366301994,0,2.298288086489057,46.9780254,7.4653671,3994080156,pool,Pool 1,3994080156.0,drive,0.0,0.0
883,994,4,10,1,random_activity,2,9.192842787416996,0.0,0,0.5220334738613696,67.12200951536992,2.548422620218276,0,7.833393587751958,46.917492,7.419788,5321849017,park,Park 1,5321849017.0,walk,9411.153241443715,117.63941551804643
884,995,4,11,1,random_activity,1,11.28380638515569,0.0,0,0.5905938946388714,66.27714128431863,1.0253724383118379,0,11.28380638515569,46.9669993,7.3770645,6019904580,gym,Gym 2,6019904580.0,drive,7424.157049702068,14.848314099404137
885,996,4,12,1,random_activity,1,11.20146418221734,0.0,0,0.6358732274019394,58.17070470300979,2.5072940552407754,0,11.20146418221734,46.9669993,7.3770645,6019904580,gym,Gym 2,6019904580.0,walk,0.0,0.0
886,997,4,13,1,random_activity,1,13.311372142939524,0.0,0,0.6709311507025585,64.98415734464574,0.8489482469424603,0,13.311372142939524,46.917492,7.419788,5321849017,park,Park 1,5321849017.0,drive,7660.039052865574,15.320078105731149
887,998,4,14,0,stay,1,14.365453425153893,0.0,0,0.6474618999464444,60.603304725852965,1.4233817642192848,0,14.365453425153893,46.917492,7.419788,5321849017,,,,,0.0,0.0
888,999,4,15,0,stay,1,16.043347024834546,0.0,0,0.5708679928436339,55.5167388340543,1.6583789854724624,0,16.043347024834546,46.917492,7.419788,5321849017,,,,,0.0,0.0
889,1000,4,16,0,stay,1,15.329003503056837,0.0,0,0.4876493944621221,62.21391953943867,2.152617340150129,0,15.329003503056837,46.917492,7.419788,5321849017,,,,,0.0,0.0
890,1001,4,17,1,random_activity,1,14.876232342425869,0.0,0,0.4062998613525906,58.21355830073441,1.5270247079109884,0,14.876232342425869,46.9780254,7.4653671,3994080156,pool,Pool 1,3994080156.0,drive,9201.197480281015,18.402394960562027
891,1002,4,18,0,stay,1,15.099481836156166,0.0,0,0.30379623988576815,55.638961723425375,2.4027735514343886,0,15.099481836156166,46.9780254,7.4653671,3994080156,,,,,0.0,0.0
892,1003,4,19,1,random_activity,1,13.703564215356183,0.0,0,0.14723166341915478,60.44555904195025,2.837064158302148,0,13.703564215356183,46.9550733,7.4874571,430829357,gym,Gym 1,430829357.0,bike,4006.792056257755,16.02716822503102
893,1004,4,20,0,stay,1,12.718266425234836,0.0,0,0.0,65.28763199733935,1.7873832462933432,0,12.718266425234836,46.9550733,7.4874571,430829357,,,,,0.0,0.0
894,1005,4,21,0,stay,1,11.262597200431971,0.0,0,0.0,71.29283428144181,4.127994196879865,0,11.262597200431971,46.9550733,7.4874571,430829357,,,,,0.0,0.0
895,1006,4,22,1,random_activity,1,10.570136070989678,0.0,0,0.0,75.0290209045493,2.4218523130852927,0,10.570136070989678,46.9780254,7.4653671,3994080156,pool,Pool 1,3994080156.0,walk,4006.792056257754,50.084900703221926
896,1007,4,23,1,random_activity,1,10.503204233490534,0.0,0,0.0,62.01025493740197,0.5032739311041654,0,10.503204233490534,46.917492,7.419788,5321849017,park,Park 1,5321849017.0,bike,9411.153241443715,37.64461296577486
897,1008,4,0,0,stay,1,6.078440790351986,0.0,0,0.0,78.8653377905675,2.4569102617918293,0,4.213296793087291,46.917492,7.419788,5321849017,,,,,0.0,0.0
898,1009,4,1,0,stay,1,4.5798560746113655,0.0,0,0.0,86.57930526329388,0.6108881958231824,0,4.5798560746113655,46.917492,7.419788,5321849017,,,,,0.0,0.0
899,1010,4,2,1,random_activity,1,2.440050268631296,0.0,0,0.0,81.84013612735792,1.4232258065621277,0,1.1416107667594606,46.917492,7.419788,5321849017,park,Park 1,5321849017.0,drive,0.0,0.0
900,1011,4,3,0,stay,1,1.0968077210701468,0.0,0,0.0,80.54927886798309,2.721702767420423,0,-1.9356640975483745,46.917492,7.419788,5321849017,,,,,0.0,0.0
901,1013,4,5,1,random_activity,2,2.030108145333227,0.0,0,0.0,82.62564599115628,2.1059079793042605,0,-0.21126416006657717,46.9780254,7.4653671,3994080156,pool,Pool 1,3994080156.0,walk,9411.153241443713,117.63941551804642
902,1014,4,6,0,stay,1,3.125302341803478,0.0,0,0.0,78.79968055117172,2.3289559540434537,0,0.8420297799735484,46.9780254,7.4653671,3994080156,,,,,0.0,0.0
903,1015,4,7,0,stay,1,4.515052855232884,0.0,0,0.16032315547154136,78.23555589082903,2.5183037335340837,0,2.310133186370176,46.9780254,7.4653671,3994080156,,,,,0.0,0.0
904,1016,4,8,0,stay,1,5.919301802497641,0.0,0,0.3878011612709649,75.45055165996835,1.6935032060674506,0,4.763737807914781,46.9780254,7.4653671,3994080156,,,,,0.0,0.0
905,1017,4,9,1,random_activity,1,7.175932207131179,0.0,0,0.6703318475301803,67.11970099635063,1.7962112417202936,0,6.101851242439306,46.9780254,7.4653671,3994080156,pool,Pool 1,3994080156.0,drive,0.0,0.0
906,1018,4,10,1,random_activity,1,10.371799260394846,0.0,0,0.7807828402792801,65.6994914368563,1.383128953779376,0,10.371799260394846,46.9780254,7.4653671,3994080156,pool,Pool 1,3994080156.0,drive,0.0,0.0
907,1019,4,11,1,random_activity,1,12.368580304099037,0.0,0,0.9671247041105587,61.5316322837014,2.298977808255216,0,12.368580304099037,46.9780254,7.4653671,3994080156,pool,Pool 1,3994080156.0,drive,0.0,0.0
908,1020,4,12,1,random_activity,1,14.516173272550642,0.0,0,0.9790012996349137,61.940933859028185,2.1162464052483245,0,14.516173272550642,46.917492,7.419788,5321849017,park,Park 1,5321849017.0,drive,9389.936467512754,18.77987293502551
909,1021,4,13,1,random_activity,1,15.199001951746984,0.0,0,0.9487704895700338,60.883778434136886,2.7937454512896105,0,15.199001951746984,46.9780254,7.4653671,3994080156,pool,Pool 1,3994080156.0,bike,9411.153241443713,37.644612965774854
910,1022,4,14,1,random_activity,1,15.191195130015915,0.0,0,0.9542166117216367,60.4476803690991,1.7299337487547384,0,15.191195130015915,46.917492,7.419788,5321849017,park,Park 1,5321849017.0,drive,9389.936467512754,18.77987293502551
911,1023,4,15,1,random_activity,1,15.202061115704053,0.0,0,1.0,51.436891132284465,2.221077546925393,0,15.202061115704053,46.9780254,7.4653671,3994080156,pool,Pool 1,3994080156.0,bike,9411.153241443713,37.644612965774854
912,1024,4,16,0,stay,1,16.007577396638847,0.0,0,0.7018972970312689,63.55102498160405,0.37395426055843606,0,16.007577396638847,46.9780254,7.4653671,3994080156,,,,,0.0,0.0
913,1025,4,17,1,random_activity,1,13.22674035767163,0.0,0,0.6108101590817153,65.07388234991039,2.629020087106436,0,13.22674035767163,46.9780254,7.4653671,3994080156,pool,Pool 1,3994080156.0,bike,0.0,0.0
914,1026,4,18,1,random_activity,1,13.054220885107982,0.0,0,0.4250133716541994,54.63558214294716,2.5165767189613915,0,13.054220885107982,46.9780254,7.4653671,3994080156,pool,Pool 1,3994080156.0,walk,0.0,0.0
915,1027,4,19,1,random_activity,1,11.748984027421384,0.0,0,0.19950255617051998,68.94459077786857,2.35974532258308,0,11.748984027421384,46.9780254,7.4653671,3994080156,pool,Pool 1,3994080156.0,bike,0.0,0.0
916,1028,4,20,1,random_activity,1,9.574880741730706,0.0,0,0.0,53.94967088825466,1.9494023693171467,0,8.73945180895016,46.917492,7.419788,5321849017,park,Park 1,5321849017.0,bike,9411.153241443715,37.64461296577486
917,1029,4,21,1,random_activity,1,7.742369999646731,0.0,0,0.0,71.2846555435242,3.6418958041841827,0,5.41750155068491,46.9669993,7.3770645,6019904580,gym,Gym 2,6019904580.0,drive,7424.157049702068,14.848314099404137
918,1030,4,22,1,random_activity,1,6.490559145354705,0.0,0,0.0,75.91677470345165,2.2195872805916075,0,4.901704307359832,46.917492,7.419788,5321849017,park,Park 1,5321849017.0,drive,7660.039052865574,15.320078105731149
919,1031,4,23,1,random_activity,1,7.941453066294438,0.0,0,0.0,75.31763649469966,2.353928359039537,0,6.496732335497558,46.917492,7.419788,5321849017,park,Park 1,5321849017.0,walk,0.0,0.0
920,1032,4,0,1,random_activity,1,4.892803146057006,0.0,0,0.0,77.89742438561649,1.152905709888021,0,4.892803146057006,46.9780254,7.4653671,3994080156,pool,Pool 1,3994080156.0,bike,9411.153241443713,37.644612965774854
921,1033,4,1,1,random_activity,1,3.154656314210549,0.0,0,0.0,84.94185083626596,1.5176156117087078,0,1.8177825211463745,46.9550733,7.4874571,430829357,gym,Gym 1,430829357.0,drive,4005.4778910771374,8.010955782154275
922,1034,4,2,1,random_activity,1,3.9682216984342364,0.0,0,0.0,89.83710955482532,1.3053382986202509,0,3.9682216984342364,46.9780254,7.4653671,3994080156,pool,Pool 1,3994080156.0,drive,4066.7742830404877,8.133548566080975
923,1035,4,3,1,random_activity,1,4.129403422230346,0.0,0,0.0,83.72650205415022,1.723993024787722,0,2.667256433052773,46.9550733,7.4874571,430829357,gym,Gym 1,430829357.0,bike,4006.792056257755,16.02716822503102
924,1036,4,4,1,random_activity,1,3.801106950653521,0.0,0,0.0,78.59726890822768,1.3307476871025363,0,3.801106950653521,46.9780254,7.4653671,3994080156,pool,Pool 1,3994080156.0,bike,4006.792056257754,16.027168225031016
925,1037,4,5,1,random_activity,1,4.7920383122249435,0.0,0,0.0,82.53712510997978,2.5579160864234822,0,2.604749743526745,46.9780254,7.4653671,3994080156,pool,Pool 1,3994080156.0,drive,0.0,0.0
926,1038,4,6,0,stay,1,5.816504192216154,0.0,0,0.0,78.93371527799535,1.8847756125914719,0,4.436577550390963,46.9780254,7.4653671,3994080156,,,,,0.0,0.0
927,1039,4,7,1,random_activity,1,6.946598418184398,0.0,0,0.10260630192397724,79.09340939806047,0.5877022018329934,0,6.946598418184398,46.9780254,7.4653671,3994080156,pool,Pool 1,3994080156.0,drive,0.0,0.0
928,1040,4,8,1,random_activity,1,7.581130121570897,0.0,0,0.19415729740262463,69.67668894873063,2.2669135251896058,0,6.142553576836534,46.9550733,7.4874571,430829357,gym,Gym 1,430829357.0,walk,4006.792056257755,50.08490070322194
929,1041,4,9,1,random_activity,1,9.92999194614836,0.0,0,0.32288441848760063,67.11259043446469,2.0722749188696166,0,9.052586670188557,46.917492,7.419788,5321849017,park,Park 1,5321849017.0,bike,8390.027889932695,33.56011155973078
930,1042,4,10,1,random_activity,1,11.628630981582099,0.0,0,0.50779830686361,72.13668549000313,2.686168754215485,0,11.628630981582099,46.9669993,7.3770645,6019904580,gym,Gym 2,6019904580.0,bike,7867.962547174642,31.471850188698568
931,1044,4,12,1,random_activity,2,14.838197664925287,0.0,0,0.6111325578284273,57.47438653917386,2.6188526703728283,0,14.838197664925287,46.9780254,7.4653671,3994080156,pool,Pool 1,3994080156.0,walk,8326.869468290257,104.08586835362821
932,1045,4,13,1,random_activity,1,15.26209938909529,0.0,0,0.62891833721522,64.13669939418847,3.152189302995425,0,15.26209938909529,46.9780254,7.4653671,3994080156,pool,Pool 1,3994080156.0,drive,0.0,0.0
933,1046,4,14,0,stay,1,15.964416085304734,0.0,0,0.5436046926011143,63.392891601013616,0.7807469349126412,0,15.964416085304734,46.9780254,7.4653671,3994080156,,,,,0.0,0.0
934,1047,4,15,1,random_activity,1,15.965652897025702,0.0,0,0.6203304993783035,52.70304791009859,2.242016980413641,0,15.965652897025702,46.9780254,7.4653671,3994080156,pool,Pool 1,3994080156.0,drive,0.0,0.0
935,1049,4,17,1,random_activity,2,14.259301341085735,0.0,0,0.40389196671539096,58.467451428853124,3.026578135036766,0,14.259301341085735,46.917492,7.419788,5321849017,park,Park 1,5321849017.0,walk,9411.153241443715,117.63941551804643
936,1050,4,18,1,random_activity,1,14.05861154101004,0.0,0,0.2994506318531767,64.89675649803384,2.3945172441587257,0,14.05861154101004,46.917492,7.419788,5321849017,park,Park 1,5321849017.0,walk,0.0,0.0
937,1051,4,19,0,stay,1,13.490940316826517,0.0,0,0.17769601093871193,63.408133624536084,3.698631186673068,0,13.490940316826517,46.917492,7.419788,5321849017,,,,,0.0,0.0
938,1052,4,20,1,random_activity,1,13.455412690459594,0.0,0,0.0,65.46179144217245,2.4470152977715616,0,13.455412690459594,46.9780254,7.4653671,3994080156,pool,Pool 1,3994080156.0,drive,9201.197480281015,18.402394960562027
939,1053,4,21,1,random_activity,1,10.811494466052807,0.0,0,0.0,75.78550330532761,1.9702923946848658,0,10.811494466052807,46.917492,7.419788,5321849017,park,Park 1,5321849017.0,drive,9389.936467512754,18.77987293502551
940,1054,4,22,0,stay,1,9.042073011368705,0.0,0,0.0,77.51202526887208,1.407697871674793,0,8.659379789721616,46.917492,7.419788,5321849017,,,,,0.0,0.0
941,1055,4,23,1,random_activity,1,7.967504935636642,0.0,0,0.0,75.87535764861488,1.9771597422639697,0,6.845359332699804,46.917492,7.419788,5321849017,park,Park 1,5321849017.0,walk,0.0,0.0
942,1056,4,0,0,stay,1,6.902488836664215,0.0,0,0.0,83.74480900218006,1.8646780521235486,0,5.716051848813915,46.917492,7.419788,5321849017,,,,,0.0,0.0
943,1057,4,1,1,random_activity,1,4.374818458697907,0.0,0,0.0,83.28643419920579,1.3342777377534802,0,4.374818458697907,46.917492,7.419788,5321849017,park,Park 1,5321849017.0,drive,0.0,0.0
944,1059,4,3,1,random_activity,2,2.5634846082669904,2.061207218656819,1,0.0,87.21666841614942,2.4839243612993624,0,0.0294536765766493,46.9669993,7.3770645,6019904580,gym,Gym 2,6019904580.0,walk,7867.962547174642,98.34953183968302
945,1060,4,4,0,stay,1,4.345034173542151,0.0,0,0.0,73.16176614697739,2.2962839588579333,0,2.309716462456374,46.9669993,7.3770645,6019904580,,,,,0.0,0.0
946,1061,4,5,0,stay,1,5.4130241695850625,0.0,0,0.0,71.78712015443332,0.0,0,5.4130241695850625,46.9669993,7.3770645,6019904580,,,,,0.0,0.0
947,1062,4,6,1,random_activity,1,7.077224253157163,0.0,0,0.0,79.59202828904067,4.666528731133196,0,4.0836306741847155,46.9669993,7.3770645,6019904580,gym,Gym 2,6019904580.0,drive,0.0,0.0
948,1063,4,7,0,stay,1,7.16779234801106,0.0,0,0.16010359793063458,71.45257948588042,1.9345822691584849,0,5.955212912858114,46.9669993,7.3770645,6019904580,,,,,0.0,0.0
949,1065,4,9,1,random_activity,2,10.957515294347365,0.0,0,0.4403343241400567,68.55612021215497,0.9778474580775283,0,10.957515294347365,46.917492,7.419788,5321849017,park,Park 1,5321849017.0,walk,7867.962547174642,98.34953183968302
950,1066,4,10,0,stay,1,13.171722806968152,0.0,0,0.5494077271386429,71.53162675494471,2.032008159250601,0,13.171722806968152,46.917492,7.419788,5321849017,,,,,0.0,0.0
951,1067,4,11,0,stay,1,14.069902707041804,0.0,0,0.6673097249276946,62.97287977896482,2.0595543713162887,0,14.069902707041804,46.917492,7.419788,5321849017,,,,,0.0,0.0
952,1069,4,13,1,random_activity,2,15.018898678470858,0.0,0,0.6972452193095425,58.63406052037199,1.4996997533388168,0,15.018898678470858,46.9669993,7.3770645,6019904580,gym,Gym 2,6019904580.0,walk,7867.962547174642,98.34953183968302
953,1070,4,14,1,random_activity,1,15.86039534052778,0.0,0,0.726812978509857,56.17305517012267,1.714847981687593,0,15.86039534052778,46.917492,7.419788,5321849017,park,Park 1,5321849017.0,bike,7867.962547174642,31.471850188698568
954,1071,4,15,1,random_activity,1,15.95030413217976,0.0,0,0.6619770111196355,58.72538834896437,1.3270517023420503,0,15.95030413217976,46.917492,7.419788,5321849017,park,Park 1,5321849017.0,walk,0.0,0.0
955,1072,4,16,0,stay,1,15.646995744431127,0.0,0,0.5249188400621337,61.740570447325695,2.280093381630722,0,15.646995744431127,46.917492,7.419788,5321849017,,,,,0.0,0.0
956,1073,4,17,0,stay,1,11.818152072580665,0.0,0,0.47713395666986036,60.627011884681835,1.297216472396733,0,11.818152072580665,46.917492,7.419788,5321849017,,,,,0.0,0.0
957,1074,4,18,1,random_activity,1,12.076573347961238,0.0,0,0.3369402894335209,58.57968972497371,2.1375809570395985,0,12.076573347961238,46.917492,7.419788,5321849017,park,Park 1,5321849017.0,bike,0.0,0.0
958,1075,4,19,0,stay,1,9.605016433623573,0.0,0,0.18390900780886382,58.804639318172555,1.9678406726956508,0,8.758928447539434,46.917492,7.419788,5321849017,,,,,0.0,0.0
959,1076,4,20,1,random_activity,1,9.364003082301627,0.0,0,0.0,68.06709480451495,1.0308719297184152,0,9.364003082301627,46.917492,7.419788,5321849017,park,Park 1,5321849017.0,bike,0.0,0.0
960,1077,4,21,1,random_activity,1,5.971331931726899,0.0,0,0.0,77.57697339736652,2.3773445989949673,0,4.153575659859759,46.917492,7.419788,5321849017,park,Park 1,5321849017.0,bike,0.0,0.0
961,1078,4,22,0,stay,1,4.91245338255227,0.0,0,0.0,76.69830932296044,1.5913579547618952,0,3.729863998980688,46.917492,7.419788,5321849017,,,,,0.0,0.0
962,1079,4,23,1,random_activity,1,6.305207859883911,0.0,0,0.0,70.237896298804,2.050493411898084,0,4.839846237508816,46.917492,7.419788,5321849017,park,Park 1,5321849017.0,walk,0.0,0.0
963,1080,4,0,1,random_activity,1,4.620340585024087,0.0,0,0.0,75.35463367718214,2.7644988380318654,0,2.2309877143623504,46.9669993,7.3770645,6019904580,gym,Gym 2,6019904580.0,drive,7424.157049702068,14.848314099404137
964,1082,4,2,1,random_activity,2,5.294121261600813,0.0,0,0.0,82.4355619432845,2.0228945491532104,0,3.687558632845346,46.9780254,7.4653671,3994080156,pool,Pool 1,3994080156.0,walk,8326.869468290257,104.08586835362821
965,1083,4,3,1,random_activity,1,3.7013085568489146,0.0,0,0.0,79.09628770029752,1.912895591265652,0,1.951749305444584,46.9780254,7.4653671,3994080156,pool,Pool 1,3994080156.0,walk,0.0,0.0
966,1084,4,4,0,stay,1,3.9998928741214215,0.0,0,0.0,82.14247279932967,2.4992180805741953,0,1.7164837980252576,46.9780254,7.4653671,3994080156,,,,,0.0,0.0
967,1085,4,5,1,random_activity,1,3.327583133847768,0.0,0,0.0,75.00307032720028,1.3293343436243648,0,3.327583133847768,46.9780254,7.4653671,3994080156,pool,Pool 1,3994080156.0,bike,0.0,0.0
968,1086,4,6,0,stay,1,4.6917266217742455,0.0,0,0.0,86.46372571090231,2.1635968504731595,0,2.8440489279968437,46.9780254,7.4653671,3994080156,,,,,0.0,0.0
969,1087,4,7,0,stay,1,7.97484761221316,0.0,0,0.07927346355586341,76.0635913364429,1.4500790731547704,0,7.397356431623115,46.9780254,7.4653671,3994080156,,,,,0.0,0.0
970,1088,4,8,0,stay,1,7.848876235364044,0.0,0,0.24062238290083804,80.00936218391689,2.7218840501902903,0,6.114446324176714,46.9780254,7.4653671,3994080156,,,,,0.0,0.0
971,1089,4,9,1,random_activity,1,7.923121969671818,0.0,0,0.42481618586536424,74.71421404386967,1.684923749375058,0,7.0781288285938535,46.9780254,7.4653671,3994080156,pool,Pool 1,3994080156.0,bike,0.0,0.0
972,1090,4,10,1,random_activity,1,10.582007789030882,0.0,0,0.5560387882652036,64.74049978831509,1.8403224832823881,0,10.582007789030882,46.9550733,7.4874571,430829357,gym,Gym 1,430829357.0,drive,4005.4778910771374,8.010955782154275
973,1091,4,11,1,random_activity,1,12.048244219455478,0.0,0,0.6374798771171767,61.28680500913155,4.056782889150423,0,12.048244219455478,46.9550733,7.4874571,430829357,gym,Gym 1,430829357.0,bike,0.0,0.0
974,1092,4,12,1,random_activity,1,13.267589765983884,0.0,0,0.6759162015866669,56.528079454900634,2.451053218689357,0,13.267589765983884,46.9550733,7.4874571,430829357,gym,Gym 1,430829357.0,drive,0.0,0.0
975,1093,4,13,1,random_activity,1,13.621576086883724,0.0,0,0.8027742565655076,59.241388343540656,2.901367376011871,0,13.621576086883724,46.9550733,7.4874571,430829357,gym,Gym 1,430829357.0,drive,0.0,0.0
976,1094,4,14,0,stay,1,12.75046699635854,0.0,0,0.7348553316504259,61.662313085175114,2.4928436838470285,0,12.75046699635854,46.9550733,7.4874571,430829357,,,,,0.0,0.0
977,1095,4,15,0,stay,1,13.139763316179161,0.0,0,0.6540325498062943,62.460366545246,2.8135180604056766,0,13.139763316179161,46.9550733,7.4874571,430829357,,,,,0.0,0.0
978,1096,4,16,1,random_activity,1,11.167001678555554,0.0,0,0.5512836923926815,62.393897225234504,3.2581703866192564,0,11.167001678555554,46.917492,7.419788,5321849017,park,Park 1,5321849017.0,bike,8390.027889932695,33.56011155973078
979,1097,4,17,1,random_activity,1,12.262882786950424,0.0,0,0.418844306032642,52.87195130905699,1.6883209285726812,0,12.262882786950424,46.917492,7.419788,5321849017,park,Park 1,5321849017.0,drive,0.0,0.0
980,1098,4,18,1,random_activity,1,11.419931657534347,0.0,0,0.2683386313191103,62.073749009841876,1.458848976195843,0,11.419931657534347,46.917492,7.419788,5321849017,park,Park 1,5321849017.0,walk,0.0,0.0
981,1099,4,19,0,stay,1,12.69783745240922,0.0,0,0.06917471643381354,67.73464849340054,1.816441603218974,0,12.69783745240922,46.917492,7.419788,5321849017,,,,,0.0,0.0
982,1100,4,20,1,random_activity,1,11.235391041534076,0.0,0,0.0,68.77605107432355,1.7180651028738332,0,11.235391041534076,46.917492,7.419788,5321849017,park,Park 1,5321849017.0,walk,0.0,0.0
983,1101,4,21,1,random_activity,1,9.566482630077953,0.0,0,0.0,62.27175207827202,3.7665687672472274,0,7.580261941200269,46.9780254,7.4653671,3994080156,pool,Pool 1,3994080156.0,bike,9411.153241443713,37.644612965774854
984,1102,4,22,1,random_activity,1,9.72945326375981,0.0,0,0.0,72.9939939527161,2.295422625820727,0,8.647539934892647,46.9780254,7.4653671,3994080156,pool,Pool 1,3994080156.0,walk,0.0,0.0
985,1103,4,23,1,random_activity,1,5.321941720153983,0.0,0,0.0,79.5895364417209,1.2320309572347388,0,5.321941720153983,46.9550733,7.4874571,430829357,gym,Gym 1,430829357.0,drive,4005.4778910771374,8.010955782154275
986,1104,4,0,0,stay,1,5.396712983712915,0.0,0,0.0,78.08272447168864,0.9388373405013823,0,5.396712983712915,46.9550733,7.4874571,430829357,,,,,0.0,0.0
987,1105,4,1,0,stay,1,4.229648304660313,0.0,0,0.0,74.48501957528195,1.962719521299944,0,2.510748068853614,46.9550733,7.4874571,430829357,,,,,0.0,0.0
988,1106,4,2,0,stay,1,4.214121887769883,0.0,0,0.0,80.04328622683022,1.9232934347593131,0,2.5356472730675446,46.9550733,7.4874571,430829357,,,,,0.0,0.0
989,1107,4,3,1,random_activity,1,3.1621545587119364,0.0,0,0.0,78.17724446958361,2.20935936266177,0,1.0047742933319783,46.9780254,7.4653671,3994080156,pool,Pool 1,3994080156.0,bike,4006.792056257754,16.027168225031016
990,1108,4,4,1,random_activity,1,3.360883495368658,0.0,0,0.0,78.0134689095386,0.7954739022004795,0,3.360883495368658,46.9550733,7.4874571,430829357,gym,Gym 1,430829357.0,bike,4006.792056257755,16.02716822503102
991,1109,4,5,1,random_activity,1,3.3566665484574827,0.0,0,0.0,81.14886689705695,3.0704986003723738,0,0.47710669743874157,46.9550733,7.4874571,430829357,gym,Gym 1,430829357.0,walk,0.0,0.0
992,1110,4,6,0,stay,1,4.1358088132496675,0.0,0,0.0,82.19162875874362,2.093305897824888,0,2.263862428374187,46.9550733,7.4874571,430829357,,,,,0.0,0.0
993,1111,4,7,0,stay,1,6.974575310562884,0.0,0,0.03229812143162074,75.3107124984206,2.1164068512130676,0,5.56089267259163,46.9550733,7.4874571,430829357,,,,,0.0,0.0
994,1112,4,8,1,random_activity,1,9.035482347732767,0.0,0,0.07023601219376846,75.50760373429114,1.9990103941813882,0,8.069530042624393,46.9780254,7.4653671,3994080156,pool,Pool 1,3994080156.0,walk,4006.792056257754,50.084900703221926
995,1113,4,9,1,random_activity,1,9.981471357006278,0.0,0,0.1339590453731144,65.26420979876148,1.9631743027058146,0,9.20074462624424,46.9550733,7.4874571,430829357,gym,Gym 1,430829357.0,walk,4006.792056257755,50.08490070322194
996,1114,4,10,0,stay,1,12.324882255378892,0.0,0,0.18129163202432444,72.13922681752155,1.7122846483074348,0,12.324882255378892,46.9550733,7.4874571,430829357,,,,,0.0,0.0
997,1115,4,11,1,random_activity,1,12.737825835512066,0.0,0,0.2846857205977143,66.63069634401612,2.2929117536000176,0,12.737825835512066,46.9780254,7.4653671,3994080156,pool,Pool 1,3994080156.0,drive,4066.7742830404877,8.133548566080975
998,1116,4,12,1,random_activity,1,13.879031406845353,0.0,0,0.2675308245454748,56.95816829419755,1.1717702832321175,0,13.879031406845353,46.9780254,7.4653671,3994080156,pool,Pool 1,3994080156.0,drive,0.0,0.0
999,1117,4,13,1,random_activity,1,15.01241566474297,0.0,0,0.22376541648658022,54.87649645781299,1.581265500025275,0,15.01241566474297,46.9550733,7.4874571,430829357,gym,Gym 1,430829357.0,bike,4006.792056257755,16.02716822503102
1000,1118,4,14,1,random_activity,1,15.207823239866139,0.0,0,0.22223821288401943,60.69516927215924,2.3987522825724557,0,15.207823239866139,46.9550733,7.4874571,430829357,gym,Gym 1,430829357.0,bike,0.0,0.0
1001,1119,4,15,1,random_activity,1,15.079155298599154,0.0,0,0.24163861201227488,49.73007930650631,3.41626613455837,0,15.079155298599154,46.9780254,7.4653671,3994080156,pool,Pool 1,3994080156.0,bike,4006.792056257754,16.027168225031016
1002,1120,4,16,1,random_activity,1,15.386774224256682,0.0,0,0.13608571500197653,63.37174361220888,2.3254636995348914,0,15.386774224256682,46.917492,7.419788,5321849017,park,Park 1,5321849017.0,drive,9389.936467512754,18.77987293502551
1003,1121,4,17,1,random_activity,1,13.743221818962674,0.0,0,0.1211749422606536,57.98905378344401,3.288920516688396,0,13.743221818962674,46.9669993,7.3770645,6019904580,gym,Gym 2,6019904580.0,drive,7424.157049702068,14.848314099404137
1004,1122,4,18,1,random_activity,1,11.622270699558968,0.0,0,0.10073116384668407,69.0519577336483,2.884187014978131,0,11.622270699558968,46.917492,7.419788,5321849017,park,Park 1,5321849017.0,drive,7660.039052865574,15.320078105731149
1005,1123,4,19,1,random_activity,1,9.682306334028453,0.0,0,0.08402709665354283,64.20596792504413,3.7780084912356546,0,7.716338105122883,46.9669993,7.3770645,6019904580,gym,Gym 2,6019904580.0,drive,7424.157049702068,14.848314099404137
1006,1124,4,20,1,random_activity,1,9.377387595577146,0.0,0,0.0,68.88845283474592,3.0771777601660566,0,7.71842271636007,46.9669993,7.3770645,6019904580,gym,Gym 2,6019904580.0,bike,0.0,0.0
1007,1125,4,21,0,stay,1,9.944931007187966,0.0,0,0.0,67.30352999849029,3.658741243280917,0,8.095224856340693,46.9669993,7.3770645,6019904580,,,,,0.0,0.0
1008,1126,4,22,1,random_activity,1,6.941765879751781,0.0,0,0.0,71.29348278209409,1.8979407696070383,0,5.728476656597259,46.917492,7.419788,5321849017,park,Park 1,5321849017.0,drive,7660.039052865574,15.320078105731149
1009,1127,4,23,0,stay,1,8.319424407988963,0.0,0,0.0,78.46967265273403,2.0027211277227663,0,7.232208440918255,46.917492,7.419788,5321849017,,,,,0.0,0.0
1010,1129,4,1,1,random_activity,2,6.015698937236696,0.0,0,0.0,72.23984509268654,1.9012614336231735,0,4.650570001698916,46.9780254,7.4653671,3994080156,pool,Pool 1,3994080156.0,walk,9411.153241443713,117.63941551804642
1011,1130,4,2,0,stay,1,5.454241274974228,0.0,0,0.0,79.97584810475182,1.0102004161060323,0,5.454241274974228,46.9780254,7.4653671,3994080156,,,,,0.0,0.0
1012,1131,4,3,1,random_activity,1,5.500388737530208,0.0,0,0.0,84.85316643990326,1.456401744366071,0,4.574170999282473,46.917492,7.419788,5321849017,park,Park 1,5321849017.0,drive,9389.936467512754,18.77987293502551
1013,1132,4,4,0,stay,1,5.012781742435415,0.0,0,0.0,81.65179016665803,2.6131463877869736,0,2.820894297898787,46.917492,7.419788,5321849017,,,,,0.0,0.0
1014,1133,4,5,0,stay,1,7.341050441975935,0.0,0,0.0,77.16809756787205,1.63630402585902,0,6.461407258002947,46.917492,7.419788,5321849017,,,,,0.0,0.0
1015,1134,4,6,1,random_activity,1,8.679032785600507,0.0,0,0.0,83.23519398177784,1.4275010342686842,0,8.224297051962107,46.9669993,7.3770645,6019904580,gym,Gym 2,6019904580.0,drive,7424.157049702068,14.848314099404137
1016,1135,4,7,1,random_activity,1,8.509687021578532,0.0,0,0.031074038077009713,70.52571249964979,3.4691382391459924,0,6.446664645382497,46.9669993,7.3770645,6019904580,gym,Gym 2,6019904580.0,walk,0.0,0.0
1017,1136,4,8,1,random_activity,1,11.459421377809914,0.0,0,0.07873255556620254,71.16810420872501,2.2010249097900556,0,11.459421377809914,46.9780254,7.4653671,3994080156,pool,Pool 1,3994080156.0,bike,8326.869468290257,33.30747787316103
1018,1137,4,9,1,random_activity,1,12.352156461673884,0.0,0,0.14116420441068883,70.89955777112671,1.7877085403202684,0,12.352156461673884,46.9550733,7.4874571,430829357,gym,Gym 1,430829357.0,walk,4006.792056257755,50.08490070322194
1019,1138,4,10,1,random_activity,1,15.112638182978952,0.0,0,0.24203753394457678,65.94766769161382,0.8958976458634775,0,15.112638182978952,46.9550733,7.4874571,430829357,gym,Gym 1,430829357.0,drive,0.0,0.0
1020,1139,4,11,1,random_activity,1,15.792840030707259,0.0,0,0.21173560198047356,66.59630952288201,3.6314603268830257,0,15.792840030707259,46.9550733,7.4874571,430829357,gym,Gym 1,430829357.0,bike,0.0,0.0
1021,1140,4,12,1,random_activity,1,16.764164480287164,0.0,0,0.2738176530010874,54.158330368219005,1.334085819140486,0,16.764164480287164,46.9550733,7.4874571,430829357,gym,Gym 1,430829357.0,walk,0.0,0.0
1022,1141,4,13,0,stay,1,17.622622709772237,0.0,0,0.21924798166665982,55.30478948936145,1.9007722352449579,0,17.622622709772237,46.9550733,7.4874571,430829357,,,,,0.0,0.0
1023,1142,4,14,0,stay,1,18.225712673472817,0.0,0,0.23326116828471308,50.34745530093752,1.2981537866795216,0,18.225712673472817,46.9550733,7.4874571,430829357,,,,,0.0,0.0
1024,1143,4,15,0,stay,1,18.912573829575148,0.0,0,0.20619503503282333,55.90854091748893,3.612584140880965,0,18.912573829575148,46.9550733,7.4874571,430829357,,,,,0.0,0.0
1025,1144,4,16,1,random_activity,1,17.959338955312067,0.0,0,0.18031033201040844,52.36222327431301,3.288831114812118,0,17.959338955312067,46.9550733,7.4874571,430829357,gym,Gym 1,430829357.0,drive,0.0,0.0
1026,1145,4,17,1,random_activity,1,17.849740929805304,0.0,0,0.13254028353933345,56.95087478918604,1.3764374189631639,0,17.849740929805304,46.917492,7.419788,5321849017,park,Park 1,5321849017.0,drive,8815.471974417153,17.630943948834304
1027,1146,4,18,1,random_activity,1,16.282295160424912,0.0,0,0.13227867750312655,65.65162254551248,2.97429729447417,0,16.282295160424912,46.917492,7.419788,5321849017,park,Park 1,5321849017.0,walk,0.0,0.0
1028,1148,4,20,1,random_activity,2,12.303453398249667,3.5991008090347045,1,0.0,75.91467237253676,3.877261533837532,0,12.303453398249667,46.9780254,7.4653671,3994080156,pool,Pool 1,3994080156.0,walk,9411.153241443713,117.63941551804642
1029,1149,4,21,1,random_activity,1,11.890778305060142,0.0,0,0.0,69.5923193318223,2.3524650033578904,0,11.890778305060142,46.9550733,7.4874571,430829357,gym,Gym 1,430829357.0,bike,4006.792056257755,16.02716822503102
1030,1150,4,22,0,stay,1,9.296726375522653,0.5844341200989233,1,0.0,87.04784610475055,2.199683946463815,0,8.211395864340037,46.9550733,7.4874571,430829357,,,,,0.0,0.0
1031,1151,4,23,1,random_activity,1,6.180034297831534,2.491412936549916,1,0.0,96.06617142957832,3.0381835027981965,0,3.896839206771436,46.9780254,7.4653671,3994080156,pool,Pool 1,3994080156.0,drive,4066.7742830404877,8.133548566080975
1032,1152,4,0,1,random_activity,1,3.141352228582672,1.4777586223408548,1,0.0,80.74988579950684,1.801952712734748,0,1.4327456053483603,46.917492,7.419788,5321849017,park,Park 1,5321849017.0,drive,9389.936467512754,18.77987293502551
1033,1153,4,1,0,stay,1,1.8628795105822167,0.9660053006984756,1,0.0,93.85905664988859,2.22678894849488,0,-0.538590242050583,46.917492,7.419788,5321849017,,,,,0.0,0.0
1034,1154,4,2,1,random_activity,1,0.8905727381556399,1.2208242530513123,1,0.0,88.21427741929567,3.3084192162613704,0,-2.6847938949112935,46.9780254,7.4653671,3994080156,pool,Pool 1,3994080156.0,bike,9411.153241443713,37.644612965774854
1035,1155,4,3,1,random_activity,1,2.010448464889763,0.045651412916893994,1,0.0,97.19816885031486,2.8609835084174664,0,-0.9684067593512344,46.917492,7.419788,5321849017,park,Park 1,5321849017.0,drive,9389.936467512754,18.77987293502551
1036,1156,4,4,1,random_activity,1,3.3232980514554717,2.496125395182517,1,0.0,88.54251720712601,2.0526108532840053,0,1.3577352709426154,46.917492,7.419788,5321849017,park,Park 1,5321849017.0,drive,0.0,0.0
1037,1157,4,5,1,random_activity,1,3.63914311332039,0.5672729244676049,1,0.0,85.55565139643743,0.9579830914266024,0,3.63914311332039,46.917492,7.419788,5321849017,park,Park 1,5321849017.0,drive,0.0,0.0
1038,1158,4,6,1,random_activity,1,5.4876321611707715,0.0,0,0.0,82.05188677752055,2.9522234973593595,0,3.1260254614871505,46.9669993,7.3770645,6019904580,gym,Gym 2,6019904580.0,bike,7867.962547174642,31.471850188698568
1039,1160,4,8,1,random_activity,2,8.969688171227281,0.0,0,0.4137385964088644,62.705586488070225,2.400876294043193,0,7.6743967420436645,46.917492,7.419788,5321849017,park,Park 1,5321849017.0,walk,7867.962547174642,98.34953183968302
1040,1161,4,9,0,stay,1,9.780900011395364,0.0,0,0.6050875043075956,75.17612868975989,3.3571159975606157,0,8.04974920855811,46.917492,7.419788,5321849017,,,,,0.0,0.0
1041,1162,4,10,1,random_activity,1,10.798321054624882,0.0,0,0.6987910214216575,69.56806470531133,0.8532661762264988,0,10.798321054624882,46.9780254,7.4653671,3994080156,pool,Pool 1,3994080156.0,bike,9411.153241443713,37.644612965774854
1042,1163,4,11,1,random_activity,1,12.002774004145145,0.0,0,0.8253177968890896,60.37055820155649,3.4503963531747717,0,12.002774004145145,46.9780254,7.4653671,3994080156,pool,Pool 1,3994080156.0,drive,0.0,0.0
1043,1164,4,12,1,random_activity,1,12.827930662488107,0.0,0,0.8929183839642568,64.558984464046,1.5738511129660249,0,12.827930662488107,46.9780254,7.4653671,3994080156,pool,Pool 1,3994080156.0,bike,0.0,0.0
1044,1165,4,13,1,random_activity,1,13.549672629610976,0.0,0,0.9217345621550931,58.53798827417073,0.7077443477324625,0,13.549672629610976,46.9550733,7.4874571,430829357,gym,Gym 1,430829357.0,bike,4006.792056257755,16.02716822503102
1045,1166,4,14,1,random_activity,1,15.31615411767085,0.0,0,0.8570371485155632,55.662136083367635,1.8028906870500587,0,15.31615411767085,46.917492,7.419788,5321849017,park,Park 1,5321849017.0,drive,8815.471974417153,17.630943948834304
1046,1168,4,16,1,random_activity,2,13.947237166788575,0.0,0,0.6918366329882302,52.265010035468336,2.0390434623808407,0,13.947237166788575,46.9780254,7.4653671,3994080156,pool,Pool 1,3994080156.0,walk,9411.153241443713,117.63941551804642
1047,1169,4,17,0,stay,1,13.967789060001802,0.0,0,0.4793295216482494,61.75378721345588,1.742562075088904,0,13.967789060001802,46.9780254,7.4653671,3994080156,,,,,0.0,0.0
1048,1170,4,18,1,random_activity,1,13.893284640808654,0.0,0,0.3864326923749859,62.93985105664719,1.582386702438832,0,13.893284640808654,46.9550733,7.4874571,430829357,gym,Gym 1,430829357.0,drive,4005.4778910771374,8.010955782154275
1049,1171,4,19,0,stay,1,13.31959759683204,0.0,0,0.22156240536687952,62.466721470648814,1.611514082960296,0,13.31959759683204,46.9550733,7.4874571,430829357,,,,,0.0,0.0
1050,1172,4,20,1,random_activity,1,12.913724500149675,0.0,0,0.0,68.14805553514545,2.8066813102070336,0,12.913724500149675,46.917492,7.419788,5321849017,park,Park 1,5321849017.0,bike,8390.027889932695,33.56011155973078
1051,1173,4,21,1,random_activity,1,9.598064283101301,0.0,0,0.0,72.13572982858582,1.9834711414420523,0,8.737741821191342,46.9669993,7.3770645,6019904580,gym,Gym 2,6019904580.0,bike,7867.962547174642,31.471850188698568
1052,1174,4,22,1,random_activity,1,6.96128567507223,0.0,0,0.0,80.02877344627677,2.051161611431274,0,5.604857720820087,46.9669993,7.3770645,6019904580,gym,Gym 2,6019904580.0,bike,0.0,0.0
1053,1175,4,23,0,stay,1,5.851666809277645,0.0,0,0.0,73.52855810580365,2.07408697857485,0,4.287757434273279,46.9669993,7.3770645,6019904580,,,,,0.0,0.0
1054,1176,4,0,0,stay,1,6.219118863405853,0.0,0,0.0,76.86756289017563,2.413999149601291,0,4.4152233852618314,46.9669993,7.3770645,6019904580,,,,,0.0,0.0
1055,1177,4,1,0,stay,1,4.850542171210168,0.0,0,0.0,80.77372552451388,1.6724235026299195,0,3.5593301593239186,46.9669993,7.3770645,6019904580,,,,,0.0,0.0
1056,1178,4,2,1,random_activity,1,2.8300180761338902,0.0,0,0.0,80.14280237006435,2.162112461221736,0,0.6642740029117848,46.9780254,7.4653671,3994080156,pool,Pool 1,3994080156.0,bike,8326.869468290257,33.30747787316103
1057,1179,4,3,1,random_activity,1,3.5328013661050064,0.0,0,0.0,79.01232583657203,2.5421828007198104,0,1.1245333561821822,46.917492,7.419788,5321849017,park,Park 1,5321849017.0,bike,9411.153241443715,37.64461296577486
1058,1180,4,4,1,random_activity,1,3.732643116108599,0.0,0,0.0,77.02599402899993,1.470971102678014,0,2.5420764497024866,46.9669993,7.3770645,6019904580,gym,Gym 2,6019904580.0,bike,7867.962547174642,31.471850188698568
1059,1181,4,5,1,random_activity,1,3.7977291091645524,0.0,0,0.0,81.74170966369839,1.4303730774208872,0,2.6736992970765763,46.9669993,7.3770645,6019904580,gym,Gym 2,6019904580.0,walk,0.0,0.0
1060,1182,4,6,0,stay,1,4.365316529851438,0.0,0,0.0,71.19588151414827,1.9275493002699347,0,2.706603713005475,46.9669993,7.3770645,6019904580,,,,,0.0,0.0
1061,1183,4,7,1,random_activity,1,2.962097455154329,0.0,0,0.1293917367239333,75.94920124844371,1.5248423745043493,0,1.5878420026904096,46.9669993,7.3770645,6019904580,gym,Gym 2,6019904580.0,drive,0.0,0.0
1062,1184,4,8,1,random_activity,1,4.101024052756554,0.0,0,0.2801273803676142,68.42500317328631,2.5118273895699277,0,1.825128391934909,46.9669993,7.3770645,6019904580,gym,Gym 2,6019904580.0,walk,0.0,0.0
1063,1185,4,9,1,random_activity,1,6.151779477720403,0.0,0,0.4096895541352447,74.0286676802849,2.5384701632657136,0,4.233785314471648,46.9669993,7.3770645,6019904580,gym,Gym 2,6019904580.0,bike,0.0,0.0
1064,1186,4,10,1,random_activity,1,7.802927965358863,0.0,0,0.53101362926187,64.30240862843861,0.7224389843627195,0,7.802927965358863,46.917492,7.419788,5321849017,park,Park 1,5321849017.0,bike,7867.962547174642,31.471850188698568
1065,1188,4,12,1,random_activity,2,10.59678387338393,0.0,0,0.7012568470865777,61.39230573273978,1.114442222332639,0,10.59678387338393,46.9780254,7.4653671,3994080156,pool,Pool 1,3994080156.0,walk,9411.153241443713,117.63941551804642
1066,1189,4,13,1,random_activity,1,11.509395042358229,0.0,0,0.6890186636181789,68.50625174340506,2.859743922253087,0,11.509395042358229,46.9550733,7.4874571,430829357,gym,Gym 1,430829357.0,bike,4006.792056257755,16.02716822503102
1067,1190,4,14,0,stay,1,14.170101468572646,0.0,0,0.6426689242511295,57.795617822392444,2.0991894139707075,0,14.170101468572646,46.9550733,7.4874571,430829357,,,,,0.0,0.0
1068,1191,4,15,1,random_activity,1,15.579382055662204,0.0,0,0.6124025734920051,54.0861695163039,2.247404177923643,0,15.579382055662204,46.917492,7.419788,5321849017,park,Park 1,5321849017.0,drive,8815.471974417153,17.630943948834304
1069,1192,4,16,1,random_activity,1,15.404115679021336,0.0,0,0.46424130271041236,62.91776825857115,2.0629170379353874,0,15.404115679021336,46.917492,7.419788,5321849017,park,Park 1,5321849017.0,drive,0.0,0.0
1070,1193,4,17,1,random_activity,1,15.074358462135779,0.0,0,0.3316181593057285,66.75238297475263,2.988123292706142,0,15.074358462135779,46.917492,7.419788,5321849017,park,Park 1,5321849017.0,walk,0.0,0.0
1071,1194,4,18,1,random_activity,1,13.811329077942478,0.0,0,0.2722974758242043,64.16089784284956,1.0041252278302844,0,13.811329077942478,46.9780254,7.4653671,3994080156,pool,Pool 1,3994080156.0,drive,9201.197480281015,18.402394960562027
1072,1195,4,19,1,random_activity,1,11.87545326054911,0.0,0,0.09155066667059684,61.162030906559075,1.005206853182091,0,11.87545326054911,46.9550733,7.4874571,430829357,gym,Gym 1,430829357.0,drive,4005.4778910771374,8.010955782154275
1073,1196,4,20,1,random_activity,1,10.395745075152709,0.0,0,0.0,65.86452734384703,2.5200576326896535,0,10.395745075152709,46.9780254,7.4653671,3994080156,pool,Pool 1,3994080156.0,drive,4066.7742830404877,8.133548566080975
1074,1197,4,21,1,random_activity,1,8.609134163660487,0.0,0,0.0,67.0411803868484,2.6568038293185605,0,7.065152003500567,46.917492,7.419788,5321849017,park,Park 1,5321849017.0,bike,9411.153241443715,37.64461296577486
1075,1198,4,22,0,stay,1,7.20763424396275,0.0,0,0.0,68.3094865957187,2.4911280094062436,0,5.522411420283756,46.917492,7.419788,5321849017,,,,,0.0,0.0
1076,1199,4,23,1,random_activity,1,6.846073375042723,0.0,0,0.0,80.82166575856023,1.7897514517005815,0,5.727404422553579,46.917492,7.419788,5321849017,park,Park 1,5321849017.0,walk,0.0,0.0
1077,1200,4,0,1,random_activity,1,5.5281722543934375,0.0,0,0.0,79.81269042799433,3.5147402628110767,0,2.7958143641700612,46.9669993,7.3770645,6019904580,gym,Gym 2,6019904580.0,drive,7424.157049702068,14.848314099404137
1078,1201,4,1,1,random_activity,1,4.298318236634962,0.0,0,0.0,76.66869995773177,1.1657984659212643,0,4.298318236634962,46.9669993,7.3770645,6019904580,gym,Gym 2,6019904580.0,bike,0.0,0.0
1079,1202,4,2,0,stay,1,2.5008428824280244,0.0,0,0.0,81.5005618840032,3.345515680077946,0,-0.7632985818701579,46.9669993,7.3770645,6019904580,,,,,0.0,0.0
1080,1203,4,3,1,random_activity,1,2.2085475160268153,0.0,0,0.0,79.49101096280882,1.2158361273459852,0,2.2085475160268153,46.9780254,7.4653671,3994080156,pool,Pool 1,3994080156.0,drive,9617.431588453604,19.234863176907208
1081,1204,4,4,1,random_activity,1,3.424483751608756,0.0,0,0.0,78.17937772121836,1.7996798688198135,0,1.7627189884468288,46.9550733,7.4874571,430829357,gym,Gym 1,430829357.0,bike,4006.792056257755,16.02716822503102
1082,1205,4,5,1,random_activity,1,5.95268022230654,0.0,0,0.0,72.49448618701783,1.8212111375784827,0,4.661455022663452,46.9550733,7.4874571,430829357,gym,Gym 1,430829357.0,bike,0.0,0.0
1083,1207,4,7,1,random_activity,2,8.638873205540847,0.0,0,0.10421327745622201,72.40691471862463,2.589263492016645,0,7.147395559640838,46.917492,7.419788,5321849017,park,Park 1,5321849017.0,walk,8390.027889932695,104.87534862415869
1084,1208,4,8,0,stay,1,8.680831488264895,0.0,0,0.2661274653212728,70.41408145844419,1.7878357646667753,0,7.848814618011591,46.917492,7.419788,5321849017,,,,,0.0,0.0
1085,1209,4,9,1,random_activity,1,10.108939249025227,0.0,0,0.35025345810440844,69.8706543552565,1.667877156742022,0,10.108939249025227,46.917492,7.419788,5321849017,park,Park 1,5321849017.0,bike,0.0,0.0
1086,1210,4,10,1,random_activity,1,10.28292542140862,0.0,0,0.5374129643445879,71.84814409624146,2.9472949281665484,0,10.28292542140862,46.917492,7.419788,5321849017,park,Park 1,5321849017.0,drive,0.0,0.0
1087,1211,4,11,1,random_activity,1,11.241057063459003,0.0,0,0.4601454449307827,68.33702375528705,1.9107155804413367,0,11.241057063459003,46.9780254,7.4653671,3994080156,pool,Pool 1,3994080156.0,drive,9201.197480281015,18.402394960562027
1088,1212,4,12,1,random_activity,1,12.506501499176267,0.0,0,0.573717937882422,61.825210257282954,1.6841824393971203,0,12.506501499176267,46.917492,7.419788,5321849017,park,Park 1,5321849017.0,drive,9389.936467512754,18.77987293502551
1089,1213,4,13,1,random_activity,1,14.207550138837165,0.0,0,0.5724372068772057,58.75057276966384,1.8378060666665892,0,14.207550138837165,46.9780254,7.4653671,3994080156,pool,Pool 1,3994080156.0,drive,9201.197480281015,18.402394960562027
1090,1214,4,14,0,stay,1,11.596364047473315,0.0,0,0.6104126454183469,59.50647562988593,3.084206766303757,0,11.596364047473315,46.9780254,7.4653671,3994080156,,,,,0.0,0.0
1091,1215,4,15,0,stay,1,12.363813913966904,0.0,0,0.4629949220475258,66.57601054351532,4.451134248803032,0,12.363813913966904,46.9780254,7.4653671,3994080156,,,,,0.0,0.0
1092,1216,4,16,1,random_activity,1,12.635503150785866,0.0,0,0.3909423704622463,58.934633905573484,3.3371471169248412,0,12.635503150785866,46.9780254,7.4653671,3994080156,pool,Pool 1,3994080156.0,walk,0.0,0.0
1093,1217,4,17,1,random_activity,1,12.601885556769105,0.0,0,0.28973421679982214,65.54586887819907,2.9696697514019474,0,12.601885556769105,46.9550733,7.4874571,430829357,gym,Gym 1,430829357.0,bike,4006.792056257755,16.02716822503102
1094,1218,4,18,1,random_activity,1,10.770991620278712,0.0,0,0.2641923959246754,63.28473952267054,1.3993280367815268,0,10.770991620278712,46.9780254,7.4653671,3994080156,pool,Pool 1,3994080156.0,bike,4006.792056257754,16.027168225031016
1095,1219,4,19,1,random_activity,1,9.86707950703909,0.0,0,0.1396504982503714,66.12937649914745,1.797329572380878,0,9.210592894031725,46.9550733,7.4874571,430829357,gym,Gym 1,430829357.0,bike,4006.792056257755,16.02716822503102
1096,1220,4,20,1,random_activity,1,8.91848063988745,0.0,0,0.0,66.4804316973041,2.895258536004717,0,7.2777049262432865,46.9550733,7.4874571,430829357,gym,Gym 1,430829357.0,walk,0.0,0.0
1097,1221,4,21,1,random_activity,1,7.733722988784518,0.0,0,0.0,69.2486242633663,1.4198402931153096,0,7.159449825095281,46.9780254,7.4653671,3994080156,pool,Pool 1,3994080156.0,bike,4006.792056257754,16.027168225031016
1098,1222,4,22,1,random_activity,1,5.128665653336279,0.0,0,0.0,71.46087964368802,1.2465766099540803,0,5.128665653336279,46.9550733,7.4874571,430829357,gym,Gym 1,430829357.0,drive,4005.4778910771374,8.010955782154275
1099,1223,4,23,1,random_activity,1,5.100226658855333,0.0,0,0.0,76.5512692441626,1.2791343992549475,0,5.100226658855333,46.917492,7.419788,5321849017,park,Park 1,5321849017.0,drive,8815.471974417153,17.630943948834304
1100,1224,4,0,1,random_activity,1,4.89913846103166,0.0,0,0.0,74.74744300259849,3.8105395763881664,0,1.846838618706804,46.9669993,7.3770645,6019904580,gym,Gym 2,6019904580.0,drive,7424.157049702068,14.848314099404137
1101,1225,4,1,1,random_activity,1,3.7389196717506974,0.0,0,0.0,74.39441703331862,1.0566141875254056,0,3.7389196717506974,46.9780254,7.4653671,3994080156,pool,Pool 1,3994080156.0,drive,9617.431588453604,19.234863176907208
1102,1227,4,3,1,random_activity,2,3.081421469054933,0.0,0,0.0,80.63115033445591,1.316484666477785,0,3.081421469054933,46.917492,7.419788,5321849017,park,Park 1,5321849017.0,walk,9411.153241443715,117.63941551804643
1103,1228,4,4,0,stay,1,3.56614779297595,0.0,0,0.0,81.44991602718483,0.9788390818206565,0,3.56614779297595,46.917492,7.419788,5321849017,,,,,0.0,0.0
1104,1229,4,5,0,stay,1,5.583354130726947,0.0,0,0.0,76.78713623845185,1.7497636013025073,0,4.313153922479332,46.917492,7.419788,5321849017,,,,,0.0,0.0
1105,1230,4,6,1,random_activity,1,5.330480171074478,0.0,0,0.0,79.29786881199526,0.4815317975735529,0,5.330480171074478,46.9780254,7.4653671,3994080156,pool,Pool 1,3994080156.0,drive,9201.197480281015,18.402394960562027
1106,1231,4,7,1,random_activity,1,8.376749168692172,0.0,0,0.20147698692271476,81.21354752249422,3.206016513926581,0,6.436253969761631,46.9780254,7.4653671,3994080156,pool,Pool 1,3994080156.0,walk,0.0,0.0
1107,1232,4,8,1,random_activity,1,9.941739749940613,0.0,0,0.3602248505291651,73.99051495443602,2.066930175228872,0,9.070536897040972,46.917492,7.419788,5321849017,park,Park 1,5321849017.0,drive,9389.936467512754,18.77987293502551
1108,1233,4,9,1,random_activity,1,8.489720823265193,0.0,0,0.6152580739144352,76.13731428488649,1.9236203339309452,0,7.5011099534634305,46.9780254,7.4653671,3994080156,pool,Pool 1,3994080156.0,drive,9201.197480281015,18.402394960562027
1109,1234,4,10,1,random_activity,1,8.783749178059347,0.0,0,0.7913177676190545,73.75951546284601,2.969688158791013,0,7.069630751021679,46.9550733,7.4874571,430829357,gym,Gym 1,430829357.0,drive,4005.4778910771374,8.010955782154275
1110,1235,4,11,1,random_activity,1,11.915241051798857,0.0,0,0.733153922096943,72.12775863620934,2.5483662199670443,0,11.915241051798857,46.9550733,7.4874571,430829357,gym,Gym 1,430829357.0,bike,0.0,0.0
1111,1236,4,12,0,stay,1,14.627606373960752,0.0,0,0.8552681518236024,56.61517377626346,1.7423924320705162,0,14.627606373960752,46.9550733,7.4874571,430829357,,,,,0.0,0.0
1112,1237,4,13,0,stay,1,14.006852686432156,0.0,0,0.9307844202825516,57.95644857242562,1.5696271624241973,0,14.006852686432156,46.9550733,7.4874571,430829357,,,,,0.0,0.0
1113,1238,4,14,1,random_activity,1,14.536898276104512,0.0,0,0.9050221266943832,54.77356636172011,2.965937161293559,0,14.536898276104512,46.9780254,7.4653671,3994080156,pool,Pool 1,3994080156.0,bike,4006.792056257754,16.027168225031016
1114,1239,4,15,1,random_activity,1,13.214233554609468,0.0,0,0.7712906435458878,56.427324252727175,1.5246504832296472,0,13.214233554609468,46.9550733,7.4874571,430829357,gym,Gym 1,430829357.0,walk,4006.792056257755,50.08490070322194
1115,1240,4,16,1,random_activity,1,11.729975519990834,0.0,0,0.6807461866550146,58.20761270710269,1.9594777566881147,0,11.729975519990834,46.9780254,7.4653671,3994080156,pool,Pool 1,3994080156.0,drive,4066.7742830404877,8.133548566080975
1116,1241,4,17,0,stay,1,11.355400884605016,0.0,0,0.5507588254268292,63.61137479789577,1.5707368924611504,0,11.355400884605016,46.9780254,7.4653671,3994080156,,,,,0.0,0.0
1117,1242,4,18,1,random_activity,1,11.135066322888285,0.0,0,0.41512920161922257,57.057593486850415,1.6196940568669191,0,11.135066322888285,46.9550733,7.4874571,430829357,gym,Gym 1,430829357.0,drive,4005.4778910771374,8.010955782154275
1118,1243,4,19,0,stay,1,9.778842945155175,4.2896851452385265,1,0.04868208631285878,82.25392265682024,2.9052847277435645,0,8.302335194786844,46.9550733,7.4874571,430829357,,,,,0.0,0.0
1119,1244,4,20,1,random_activity,1,9.266561373378224,0.7559950153863226,1,0.0,72.59777059914661,1.8439910378883981,0,8.474025347486444,46.9780254,7.4653671,3994080156,pool,Pool 1,3994080156.0,bike,4006.792056257754,16.027168225031016
1120,1245,4,21,0,stay,1,9.939849711537384,3.3746538288985533,1,0.0,81.72188707514294,2.1597718422415126,0,8.996116693177498,46.9780254,7.4653671,3994080156,,,,,0.0,0.0
1121,1247,4,23,1,random_activity,2,8.567963915031466,3.011131097289088,1,0.0,87.86353701193174,2.917862034283678,0,6.843373481691637,46.917492,7.419788,5321849017,park,Park 1,5321849017.0,walk,9411.153241443715,117.63941551804643
1122,1248,4,0,0,stay,1,6.769718000317969,0.6562350095981956,1,0.0,89.49800162165995,3.348872206082064,0,4.40603837394907,46.917492,7.419788,5321849017,,,,,0.0,0.0
1123,1250,4,2,1,random_activity,2,2.6411992154753587,1.904870286070381,1,0.0,92.43714670678615,2.4315418561691,0,0.17132985909315815,46.9669993,7.3770645,6019904580,gym,Gym 2,6019904580.0,walk,7867.962547174642,98.34953183968302
1124,1251,4,3,1,random_activity,1,0.22926817940552624,1.320060989224082,1,0.0,89.6131665941422,2.971480401310673,0,-3.199743189131,46.917492,7.419788,5321849017,park,Park 1,5321849017.0,bike,7867.962547174642,31.471850188698568
1125,1252,4,4,1,random_activity,1,1.8283050337922795,1.0917619257744313,1,0.0,89.48948746554785,2.4301029836054666,0,-0.7881340807810785,46.917492,7.419788,5321849017,park,Park 1,5321849017.0,drive,0.0,0.0
1126,1253,4,5,1,random_activity,1,3.442591452420047,0.33769709046147983,1,0.0,95.22147598709998,2.062577262188621,0,1.4862836481643091,46.917492,7.419788,5321849017,park,Park 1,5321849017.0,walk,0.0,0.0
1127,1254,4,6,1,random_activity,1,5.554543017017303,1.0508762521254689,1,0.0,91.8502235392568,1.4364385482700737,0,4.662139355115061,46.917492,7.419788,5321849017,park,Park 1,5321849017.0,drive,0.0,0.0
1128,1255,4,7,1,random_activity,1,7.002384251930909,1.8709723610150035,1,0.04050505946849526,89.86570209760241,1.7144221555074792,0,5.987314801119833,46.917492,7.419788,5321849017,park,Park 1,5321849017.0,walk,0.0,0.0
1129,1257,4,9,1,random_activity,2,10.096114010506017,0.0,0,0.17247899508008144,63.70485404346222,1.1843198097705463,0,10.096114010506017,46.9669993,7.3770645,6019904580,gym,Gym 2,6019904580.0,walk,7867.962547174642,98.34953183968302
1130,1258,4,10,0,stay,1,11.44442899116061,0.0,0,0.14381687118612269,68.52844737550109,2.3811718892655844,0,11.44442899116061,46.9669993,7.3770645,6019904580,,,,,0.0,0.0
1131,1259,4,11,1,random_activity,1,11.775476283157655,0.0,0,0.2220105817080568,63.57183471887299,2.115060077264838,0,11.775476283157655,46.9780254,7.4653671,3994080156,pool,Pool 1,3994080156.0,bike,8326.869468290257,33.30747787316103
1132,1260,4,12,1,random_activity,1,15.416683582895914,0.0,0,0.23375411281172,62.17718881061228,1.653622393163046,0,15.416683582895914,46.9780254,7.4653671,3994080156,pool,Pool 1,3994080156.0,walk,0.0,0.0
1133,1261,4,13,1,random_activity,1,14.82462593498179,0.0,0,0.30803795218312824,66.01368108404574,1.931230176503455,0,14.82462593498179,46.9550733,7.4874571,430829357,gym,Gym 1,430829357.0,bike,4006.792056257755,16.02716822503102
1134,1262,4,14,0,stay,1,16.113540729089635,0.0,0,0.28183726512047447,62.84133052297152,1.7444443809655212,0,16.113540729089635,46.9550733,7.4874571,430829357,,,,,0.0,0.0
1135,1263,4,15,0,stay,1,17.70638257825632,0.0,0,0.2772791191081273,57.325118968916705,2.26958603981729,0,17.70638257825632,46.9550733,7.4874571,430829357,,,,,0.0,0.0
1136,1264,4,16,1,random_activity,1,17.034756940970972,0.0,0,0.19260656331439996,60.546506789499944,2.3701416149637557,0,17.034756940970972,46.917492,7.419788,5321849017,park,Park 1,5321849017.0,bike,8390.027889932695,33.56011155973078
1137,1265,4,17,0,stay,1,16.05358162757651,0.0,0,0.10951654600171798,58.516101978398055,3.5325781909449367,0,16.05358162757651,46.917492,7.419788,5321849017,,,,,0.0,0.0
1138,1267,4,19,1,random_activity,2,15.08060273527496,0.0,0,0.10641013550972342,64.82811029889004,2.455514722862137,0,15.08060273527496,46.9669993,7.3770645,6019904580,gym,Gym 2,6019904580.0,walk,7867.962547174642,98.34953183968302
1139,1268,4,20,1,random_activity,1,13.359480803084663,0.0,0,0.0,66.13064285981558,1.7470738024436443,0,13.359480803084663,46.9669993,7.3770645,6019904580,gym,Gym 2,6019904580.0,walk,0.0,0.0
1140,1269,4,21,1,random_activity,1,12.000197675792764,0.0,0,0.0,66.08418115794136,1.374950805639596,0,12.000197675792764,46.9780254,7.4653671,3994080156,pool,Pool 1,3994080156.0,drive,9617.431588453604,19.234863176907208
1141,1270,4,22,1,random_activity,1,8.947596962864694,0.0,0,0.0,69.81966337568676,1.5408669300746625,0,8.404490664128438,46.917492,7.419788,5321849017,park,Park 1,5321849017.0,drive,9389.936467512754,18.77987293502551
1142,1272,4,0,1,random_activity,2,7.027108282189328,0.0,0,0.0,77.1349457242567,2.6911567232987577,0,5.157108823846836,46.9780254,7.4653671,3994080156,pool,Pool 1,3994080156.0,walk,9411.153241443713,117.63941551804642
1143,1273,4,1,1,random_activity,1,7.021398357345224,0.0,0,0.0,78.27469128876092,2.711843417381272,0,5.135178504345844,46.9780254,7.4653671,3994080156,pool,Pool 1,3994080156.0,drive,0.0,0.0
1144,1274,4,2,1,random_activity,1,6.0369990329959435,0.0,0,0.0,73.58867697394793,1.7676058686086433,0,4.816784112417203,46.9780254,7.4653671,3994080156,pool,Pool 1,3994080156.0,walk,0.0,0.0
1145,1275,4,3,1,random_activity,1,5.247586070092024,0.0,0,0.0,80.74899561015536,1.3997593518701472,0,4.363065729799516,46.917492,7.419788,5321849017,park,Park 1,5321849017.0,drive,9389.936467512754,18.77987293502551
1146,1276,4,4,0,stay,1,4.98497854829894,0.0,0,0.0,76.98794894050475,2.56150824847892,0,2.830689852705114,46.917492,7.419788,5321849017,,,,,0.0,0.0
1147,1277,4,5,0,stay,1,3.5118161351257298,0.23507723098179256,1,0.0,94.47124761443973,3.234586021226759,0,0.54130821284909,46.917492,7.419788,5321849017,,,,,0.0,0.0
1148,1278,4,6,1,random_activity,1,6.035987179422223,1.809147211355045,1,0.0,86.27660374253732,2.533092930944698,0,4.100799298544023,46.917492,7.419788,5321849017,park,Park 1,5321849017.0,walk,0.0,0.0
1149,1279,4,7,0,stay,1,4.453865050383179,0.3961319656986491,1,0.0,88.43547941292682,2.8733414384646117,0,1.946351872387145,46.917492,7.419788,5321849017,,,,,0.0,0.0
1150,1280,4,8,1,random_activity,1,5.830557035560815,0.0,0,0.17595429853951344,74.38058063903601,1.3273501446526517,0,5.830557035560815,46.9669993,7.3770645,6019904580,gym,Gym 2,6019904580.0,bike,7867.962547174642,31.471850188698568
1151,1281,4,9,1,random_activity,1,6.918764371540275,0.0,0,0.34469807813863607,75.98116301126811,1.2670086109503091,0,6.918764371540275,46.9780254,7.4653671,3994080156,pool,Pool 1,3994080156.0,bike,8326.869468290257,33.30747787316103
1152,1282,4,10,0,stay,1,8.379883060165044,0.0,0,0.39011934663239634,70.7653175516731,2.436943266931381,0,6.9507559832237735,46.9780254,7.4653671,3994080156,,,,,0.0,0.0
1153,1283,4,11,1,random_activity,1,10.72233146250959,0.0,0,0.4542756988570072,60.89956282314013,0.9312187141158876,0,10.72233146250959,46.9780254,7.4653671,3994080156,pool,Pool 1,3994080156.0,walk,0.0,0.0
1154,1284,4,12,1,random_activity,1,11.834244227624682,0.0,0,0.43471617996429335,60.852922637174096,3.022066063121114,0,11.834244227624682,46.9780254,7.4653671,3994080156,pool,Pool 1,3994080156.0,drive,0.0,0.0
1155,1285,4,13,1,random_activity,1,11.743896245024867,0.1309453516214609,1,0.22846346022972427,78.52825115217243,2.015050441892693,0,11.743896245024867,46.9780254,7.4653671,3994080156,pool,Pool 1,3994080156.0,drive,0.0,0.0
1156,1286,4,14,1,random_activity,1,12.83187708018186,1.821708422376886,1,0.1534286755720303,70.2585260038926,2.3039459427253077,0,12.83187708018186,46.917492,7.419788,5321849017,park,Park 1,5321849017.0,bike,9411.153241443715,37.64461296577486
1157,1287,4,15,0,stay,1,13.050454738936917,0.6361514081797995,1,0.14762541298335896,62.310680161937064,2.148920528042707,0,13.050454738936917,46.917492,7.419788,5321849017,,,,,0.0,0.0
1158,1288,4,16,1,random_activity,1,12.149831553930065,0.5351526709979031,1,0.19369411394925984,68.44977162546758,2.5150894773799615,0,12.149831553930065,46.9780254,7.4653671,3994080156,pool,Pool 1,3994080156.0,drive,9201.197480281015,18.402394960562027
1159,1289,4,17,0,stay,1,10.963178109504005,0.2554647596564301,1,0.08976242155658579,77.74959552207942,0.4520667469580021,0,10.963178109504005,46.9780254,7.4653671,3994080156,,,,,0.0,0.0
1160,1290,4,18,1,random_activity,1,10.076248554324758,3.9957550352683864,1,0.026381906990200016,83.67348788344039,3.4173956843597577,0,10.076248554324758,46.917492,7.419788,5321849017,park,Park 1,5321849017.0,bike,9411.153241443715,37.64461296577486
1161,1291,4,19,0,stay,1,10.716034378341723,5.841051094425539,1,0.09917362234642116,70.83846247020085,1.68164005745543,0,10.716034378341723,46.917492,7.419788,5321849017,,,,,0.0,0.0
1162,1293,4,21,1,random_activity,2,8.573745950079823,1.021727728350109,1,0.0,78.85937577659244,1.0140905330280683,0,8.573745950079823,46.9669993,7.3770645,6019904580,gym,Gym 2,6019904580.0,walk,7867.962547174642,98.34953183968302
1163,1295,4,23,1,random_activity,2,3.6178843820193345,3.9491614286853114,1,0.0,83.09222593422793,2.5457020907628487,0,1.2223150314732973,46.917492,7.419788,5321849017,park,Park 1,5321849017.0,walk,7867.962547174642,98.34953183968302
1164,1296,4,0,1,random_activity,1,4.353347416458351,0.0,0,0.0,76.59453041046903,1.6490198792817632,0,3.016744904656209,46.9780254,7.4653671,3994080156,pool,Pool 1,3994080156.0,bike,9411.153241443713,37.644612965774854
1165,1297,4,1,0,stay,1,3.6050431935399985,0.0,0,0.0,82.01664460317114,2.1632798564366573,0,1.5711213031982278,46.9780254,7.4653671,3994080156,,,,,0.0,0.0
1166,1298,4,2,0,stay,1,3.8424514460930705,0.0,0,0.0,75.30096516941205,2.649493569067885,0,1.3987253412072518,46.9780254,7.4653671,3994080156,,,,,0.0,0.0
1167,1299,4,3,0,stay,1,3.4159465291335724,0.0,0,0.0,73.86172911903756,1.5193087660054196,0,2.1136592058582218,46.9780254,7.4653671,3994080156,,,,,0.0,0.0
1168,1300,4,4,1,random_activity,1,3.5524198813154264,0.0,0,0.0,79.26062011788979,1.4655569790955396,0,2.344514107580922,46.9550733,7.4874571,430829357,gym,Gym 1,430829357.0,bike,4006.792056257755,16.02716822503102
1169,1301,4,5,1,random_activity,1,4.827900462793437,0.0,0,0.0,79.06883024965074,2.2625710098357543,0,2.9093424676015425,46.9780254,7.4653671,3994080156,pool,Pool 1,3994080156.0,drive,4066.7742830404877,8.133548566080975
1170,1302,4,6,1,random_activity,1,4.826793229457423,0.0,0,0.0,78.21958561293569,2.405570426787847,0,2.777787504504706,46.917492,7.419788,5321849017,park,Park 1,5321849017.0,drive,9389.936467512754,18.77987293502551
1171,1304,4,8,1,random_activity,2,6.5907143043189915,0.0,0,0.26440594680016055,67.59080353522823,2.247317578329259,0,4.99501315300021,46.9780254,7.4653671,3994080156,pool,Pool 1,3994080156.0,walk,9411.153241443713,117.63941551804642
1172,1305,4,9,1,random_activity,1,7.957993576902653,0.0,0,0.3153830970238507,71.58888670368302,1.6339598853214672,0,7.171934827638732,46.9550733,7.4874571,430829357,gym,Gym 1,430829357.0,bike,4006.792056257755,16.02716822503102
1173,1306,4,10,0,stay,1,8.69907736187918,0.0,0,0.4788994094710404,62.82371637325415,2.83892332429513,0,7.051029660234892,46.9550733,7.4874571,430829357,,,,,0.0,0.0
1174,1307,4,11,0,stay,1,9.652611801309128,0.0,0,0.5664304396471437,65.01150057849456,1.0889997444747825,0,9.652611801309128,46.9550733,7.4874571,430829357,,,,,0.0,0.0
1175,1308,4,12,1,random_activity,1,11.459814574043154,0.0,0,0.5702977443978287,62.20086377548325,2.4940732413158977,0,11.459814574043154,46.9780254,7.4653671,3994080156,pool,Pool 1,3994080156.0,walk,4006.792056257754,50.084900703221926
1176,1309,4,13,1,random_activity,1,13.999491325736786,0.0,0,0.7027671405731213,51.32692899177469,2.702227549891498,0,13.999491325736786,46.917492,7.419788,5321849017,park,Park 1,5321849017.0,drive,9389.936467512754,18.77987293502551
1177,1310,4,14,0,stay,1,14.608331357760406,0.0,0,0.5980034941541841,57.21097354210743,3.038849875004482,0,14.608331357760406,46.917492,7.419788,5321849017,,,,,0.0,0.0
1178,1311,4,15,1,random_activity,1,14.621195754665946,0.0,0,0.621091170916742,63.16169197922442,2.268888594896904,0,14.621195754665946,46.917492,7.419788,5321849017,park,Park 1,5321849017.0,walk,0.0,0.0
1179,1312,4,16,1,random_activity,1,13.301352438014007,0.0,0,0.527316289029985,61.045704381635176,0.8597988637717704,0,13.301352438014007,46.917492,7.419788,5321849017,park,Park 1,5321849017.0,walk,0.0,0.0
1180,1313,4,17,0,stay,1,12.399353131230821,0.0,0,0.36410174928222566,60.41519758140163,2.0580433868036,0,12.399353131230821,46.917492,7.419788,5321849017,,,,,0.0,0.0
1181,1314,4,18,1,random_activity,1,11.945494690029852,0.0,0,0.2801489883636129,63.1716831014591,1.7798137520753148,0,11.945494690029852,46.917492,7.419788,5321849017,park,Park 1,5321849017.0,walk,0.0,0.0
1182,1315,4,19,1,random_activity,1,11.390402338420225,0.0,0,0.09570894683560571,67.10780037502919,1.5953826358470213,0,11.390402338420225,46.9669993,7.3770645,6019904580,gym,Gym 2,6019904580.0,drive,7424.157049702068,14.848314099404137
1183,1316,4,20,1,random_activity,1,7.769242518496214,0.0,0,0.0,68.16731977323748,1.6408478690404669,0,6.947933712430741,46.917492,7.419788,5321849017,park,Park 1,5321849017.0,drive,7660.039052865574,15.320078105731149
1184,1317,4,21,0,stay,1,3.9132942144170215,0.0,0,0.0,74.91318297294315,1.7861971054910786,0,2.3435522001098423,46.917492,7.419788,5321849017,,,,,0.0,0.0
1185,1318,4,22,1,random_activity,1,3.443208926557263,0.0,0,0.0,70.35832675529461,1.0343060564721103,0,3.443208926557263,46.9780254,7.4653671,3994080156,pool,Pool 1,3994080156.0,bike,9411.153241443713,37.644612965774854
1186,1319,4,23,1,random_activity,1,4.5347215740084525,0.0,0,0.0,74.6251820508027,1.8835510387893788,0,2.951479388556864,46.9780254,7.4653671,3994080156,pool,Pool 1,3994080156.0,drive,0.0,0.0
1187,1320,4,0,1,random_activity,1,3.2182028544089207,0.0,0,0.0,76.22005411873155,2.056308095319951,0,1.2310813630448278,46.917492,7.419788,5321849017,park,Park 1,5321849017.0,bike,9411.153241443715,37.64461296577486
1188,1321,4,1,0,stay,1,1.9594533045793971,0.0,0,0.0,85.03276560835829,1.50099360990427,0,0.47810926655691177,46.917492,7.419788,5321849017,,,,,0.0,0.0
1189,1322,4,2,0,stay,1,2.212009789655454,0.0,0,0.0,81.26767324957154,2.226637629774333,0,-0.12847351158614215,46.917492,7.419788,5321849017,,,,,0.0,0.0
1190,1323,4,3,1,random_activity,1,2.7835819572961578,0.0,0,0.0,83.24003823988572,0.8976471302022075,0,2.7835819572961578,46.9669993,7.3770645,6019904580,gym,Gym 2,6019904580.0,bike,7867.962547174642,31.471850188698568
1191,1324,4,4,1,random_activity,1,2.603669367346449,0.0,0,0.0,83.24872106859415,3.291777801768298,0,-0.5989266995629943,46.9669993,7.3770645,6019904580,gym,Gym 2,6019904580.0,bike,0.0,0.0
1192,1325,4,5,1,random_activity,1,3.0745145607060858,0.0,0,0.0,86.69296252050175,1.5774456750166777,0,1.6437072823157293,46.9669993,7.3770645,6019904580,gym,Gym 2,6019904580.0,bike,0.0,0.0
1193,1326,4,6,1,random_activity,1,7.320987284383898,0.0,0,0.0,75.88064757889015,2.3600357929490396,0,5.760165829004048,46.9669993,7.3770645,6019904580,gym,Gym 2,6019904580.0,walk,0.0,0.0
1194,1327,4,7,0,stay,1,7.577989778526959,0.0,0,0.16999740776955052,81.22321266757301,1.6303804871463605,0,6.739768487300416,46.9669993,7.3770645,6019904580,,,,,0.0,0.0
1195,1328,4,8,1,random_activity,1,9.369965108702905,0.0,0,0.41957034349071526,72.38431227063306,2.3205525861936382,0,8.205750519414963,46.9669993,7.3770645,6019904580,gym,Gym 2,6019904580.0,drive,0.0,0.0
1196,1329,4,9,1,random_activity,1,10.561625223310884,0.0,0,0.5854053053026353,70.62827926772285,3.324318241163127,0,10.561625223310884,46.917492,7.419788,5321849017,park,Park 1,5321849017.0,bike,7867.962547174642,31.471850188698568
1197,1331,4,11,1,random_activity,2,12.160245288870996,0.0,0,0.8644896793056609,61.497872496600294,1.706226517459514,0,12.160245288870996,46.9669993,7.3770645,6019904580,gym,Gym 2,6019904580.0,walk,7867.962547174642,98.34953183968302
1198,1332,4,12,1,random_activity,1,13.763469957019021,0.0,0,0.8505919859121706,63.297384075047255,2.613042971805862,0,13.763469957019021,46.9669993,7.3770645,6019904580,gym,Gym 2,6019904580.0,drive,0.0,0.0
1199,1334,4,14,1,random_activity,2,14.892374791812282,0.0,0,0.9531617679606337,63.07931304732488,3.175523977672195,0,14.892374791812282,46.917492,7.419788,5321849017,park,Park 1,5321849017.0,walk,7867.962547174642,98.34953183968302
1200,1335,4,15,1,random_activity,1,13.1656117227038,0.0,0,0.9223069551529022,55.61050163341607,1.7336789646915296,0,13.1656117227038,46.917492,7.419788,5321849017,park,Park 1,5321849017.0,drive,0.0,0.0
1201,1337,4,17,1,random_activity,2,11.765333797685262,0.0,0,0.6382697349587607,61.23328095379251,2.194736257149217,0,11.765333797685262,46.9780254,7.4653671,3994080156,pool,Pool 1,3994080156.0,walk,9411.153241443713,117.63941551804642
1202,1339,4,19,1,random_activity,2,9.108971066063303,0.0,0,0.16806790856841927,60.00593536483993,2.840239651175661,0,7.540480053740102,46.917492,7.419788,5321849017,park,Park 1,5321849017.0,walk,9411.153241443715,117.63941551804643
1203,1340,4,20,1,random_activity,1,7.821316911183902,0.0,0,0.0,63.974012132846646,2.697341043127145,0,6.098830532732688,46.9780254,7.4653671,3994080156,pool,Pool 1,3994080156.0,drive,9201.197480281015,18.402394960562027
1204,1341,4,21,1,random_activity,1,6.888908282751412,0.0,0,0.0,69.16714099778099,1.775915862615528,0,5.7913221959415235,46.9550733,7.4874571,430829357,gym,Gym 1,430829357.0,walk,4006.792056257755,50.08490070322194
1205,1342,4,22,1,random_activity,1,7.25661831293703,0.0,0,0.0,78.60960193961985,2.765705729165694,0,5.377027081696413,46.917492,7.419788,5321849017,park,Park 1,5321849017.0,bike,8390.027889932695,33.56011155973078
1206,1343,4,23,1,random_activity,1,5.834586132479619,0.0,0,0.0,75.91726858254964,2.3634541855563476,0,4.004168627948578,46.9669993,7.3770645,6019904580,gym,Gym 2,6019904580.0,drive,7424.157049702068,14.848314099404137
1207,1344,4,0,1,random_activity,1,4.483833701442401,0.0,0,0.0,76.8405299498121,2.922454415968258,0,1.944402895588466,46.917492,7.419788,5321849017,park,Park 1,5321849017.0,bike,7867.962547174642,31.471850188698568
1208,1345,4,1,1,random_activity,1,3.7041920882360575,0.0,0,0.0,78.46479600057582,3.536875716521896,0,0.5627495017709765,46.9780254,7.4653671,3994080156,pool,Pool 1,3994080156.0,bike,9411.153241443713,37.644612965774854
1209,1346,4,2,1,random_activity,1,4.13132285695991,0.0,0,0.0,82.47137257035628,1.0342418293671904,0,4.13132285695991,46.9780254,7.4653671,3994080156,pool,Pool 1,3994080156.0,walk,0.0,0.0
1210,1347,4,3,0,stay,1,1.6442850270696348,0.0,0,0.0,74.87792913600957,3.1995769727923324,0,-1.6875354966671177,46.9780254,7.4653671,3994080156,,,,,0.0,0.0
1211,1348,4,4,0,stay,1,0.7105642107161598,0.0,0,0.0,85.23386982272008,2.084236115323679,0,-1.7288828858501404,46.9780254,7.4653671,3994080156,,,,,0.0,0.0
1212,1349,4,5,0,stay,1,0.806881611878123,0.0,0,0.0,82.76716544296976,1.7695308898712856,0,-1.222273774084663,46.9780254,7.4653671,3994080156,,,,,0.0,0.0
1213,1350,4,6,1,random_activity,1,1.8141325712501342,0.0,0,0.0,84.26773540955274,1.404226110140077,0,0.46024754338478463,46.9780254,7.4653671,3994080156,pool,Pool 1,3994080156.0,walk,0.0,0.0
1214,1351,4,7,1,random_activity,1,4.604619247313939,0.0,0,0.1431199952333822,80.78154025391079,2.267746107447158,0,2.641966968314726,46.9550733,7.4874571,430829357,gym,Gym 1,430829357.0,walk,4006.792056257755,50.08490070322194
1215,1353,4,9,1,random_activity,2,6.434058383200884,0.0,0,0.17511280124038409,68.53998484455812,1.5990477046994207,0,5.463563660721075,46.917492,7.419788,5321849017,park,Park 1,5321849017.0,walk,8390.027889932695,104.87534862415869
1216,1354,4,10,1,random_activity,1,8.302578376520557,0.0,0,0.15875883200435498,69.32414151719459,1.5031035480812112,0,7.7095666973089845,46.917492,7.419788,5321849017,park,Park 1,5321849017.0,walk,0.0,0.0
1217,1355,4,11,0,stay,1,10.352225652050386,0.0,0,0.23955549834346174,60.635762809768764,2.297483143304973,0,10.352225652050386,46.917492,7.419788,5321849017,,,,,0.0,0.0
1218,1356,4,12,0,stay,1,12.616851058849083,0.0,0,0.3324309189120481,60.1987061098859,1.6133211199740352,0,12.616851058849083,46.917492,7.419788,5321849017,,,,,0.0,0.0
1219,1357,4,13,0,stay,1,13.039882793659734,0.0,0,0.293409465800712,61.01222696066876,0.16305771408864844,0,13.039882793659734,46.917492,7.419788,5321849017,,,,,0.0,0.0
1220,1358,4,14,0,stay,1,15.504639709494365,0.0,0,0.2478177000854682,56.114701648008946,1.6491350103168594,0,15.504639709494365,46.917492,7.419788,5321849017,,,,,0.0,0.0
1221,1359,4,15,1,random_activity,1,14.72900456770656,0.0,0,0.24182223237153927,63.04661488704127,1.174297081124868,0,14.72900456770656,46.917492,7.419788,5321849017,park,Park 1,5321849017.0,bike,0.0,0.0
1222,1360,4,16,0,stay,1,13.095116411094113,0.0,0,0.18062403663407542,51.55094432294639,2.236503560307675,0,13.095116411094113,46.917492,7.419788,5321849017,,,,,0.0,0.0
1223,1361,4,17,1,random_activity,1,12.595999520057433,0.0,0,0.2423420883845923,59.74351188428261,2.619236903164547,0,12.595999520057433,46.917492,7.419788,5321849017,park,Park 1,5321849017.0,drive,0.0,0.0
1224,1362,4,18,0,stay,1,11.02620637184206,0.0,0,0.0841898118216029,67.44116623303711,3.3054148736948488,0,11.02620637184206,46.917492,7.419788,5321849017,,,,,0.0,0.0
1225,1363,4,19,1,random_activity,1,10.06485719224105,2.120263300929693,1,0.0,74.45369877786153,2.8517659107317095,0,10.06485719224105,46.917492,7.419788,5321849017,park,Park 1,5321849017.0,bike,0.0,0.0
1226,1364,4,20,0,stay,1,7.7634289619183665,2.2316635144613883,1,0.0,83.8826004066738,1.9490623677418921,0,6.6338020112215546,46.917492,7.419788,5321849017,,,,,0.0,0.0
1227,1365,4,21,0,stay,1,7.060570260606576,0.037840995818497154,1,0.0,82.05855447694087,2.273570255303213,0,5.524851884055203,46.917492,7.419788,5321849017,,,,,0.0,0.0
1228,1366,4,22,1,random_activity,1,5.309397430347721,1.4350177676592952,1,0.0,84.1326734088435,2.8832993743704685,0,2.9631749082165806,46.917492,7.419788,5321849017,park,Park 1,5321849017.0,bike,0.0,0.0
1229,1367,4,23,0,stay,1,4.245757761483875,0.1669685208946275,1,0.0,85.88599487446018,3.4833820645009457,0,1.2570907276856975,46.917492,7.419788,5321849017,,,,,0.0,0.0
1230,1368,4,0,1,random_activity,1,6.723237030721531,0.0,0,0.0,78.40966465516192,1.2371257893306133,0,6.723237030721531,46.9669993,7.3770645,6019904580,gym,Gym 2,6019904580.0,drive,7424.157049702068,14.848314099404137
1231,1369,4,1,1,random_activity,1,3.5785393958473,1.0349988270480195,1,0.0,92.56880356405952,4.220175371538184,0,-0.01840249086802359,46.9780254,7.4653671,3994080156,pool,Pool 1,3994080156.0,bike,8326.869468290257,33.30747787316103
1232,1370,4,2,1,random_activity,1,3.342474003736609,0.0,0,0.0,79.49389159079286,0.8601233696085995,0,3.342474003736609,46.917492,7.419788,5321849017,park,Park 1,5321849017.0,bike,9411.153241443715,37.64461296577486
1233,1371,4,3,0,stay,1,2.0342514001101435,0.0,0,0.0,84.6718944234171,1.638282257956116,0,0.36841644829878184,46.917492,7.419788,5321849017,,,,,0.0,0.0
1234,1372,4,4,0,stay,1,3.986654441507845,0.0,0,0.0,84.61605983903175,1.404473244116263,0,2.925523832568347,46.917492,7.419788,5321849017,,,,,0.0,0.0
1235,1374,4,6,1,random_activity,2,3.980171103866521,0.0,0,0.0,80.23685803141211,2.787811251836864,0,1.4478221158690887,46.9780254,7.4653671,3994080156,pool,Pool 1,3994080156.0,walk,9411.153241443713,117.63941551804642
1236,1375,4,7,0,stay,1,5.745154036617204,0.0,0,0.15452245198112563,78.8126161144313,1.3530633724656786,0,4.991354500016409,46.9780254,7.4653671,3994080156,,,,,0.0,0.0
1237,1376,4,8,0,stay,1,4.432566908492404,0.0,0,0.31806223115445253,80.38229961299261,1.2709909695449855,0,4.432566908492404,46.9780254,7.4653671,3994080156,,,,,0.0,0.0
1238,1377,4,9,0,stay,1,7.335165220255036,3.007427785269602,1,0.109121655446113,80.2372538398068,2.493428015666808,0,5.671664321993168,46.9780254,7.4653671,3994080156,,,,,0.0,0.0
1239,1378,4,10,1,random_activity,1,9.231005616090092,6.191261491919402,1,0.21508145724899624,72.54284421121463,3.45333714849971,0,7.33139039139779,46.9550733,7.4874571,430829357,gym,Gym 1,430829357.0,drive,4005.4778910771374,8.010955782154275
1240,1379,4,11,0,stay,1,10.65497397994162,1.6404024002322561,1,0.12873014576768865,78.67930214649536,2.347550148434399,0,10.65497397994162,46.9550733,7.4874571,430829357,,,,,0.0,0.0
1241,1380,4,12,1,random_activity,1,12.449610080877347,1.8329185746269445,1,0.26871993851736653,65.50313700769478,3.496154123014984,0,12.449610080877347,46.9550733,7.4874571,430829357,gym,Gym 1,430829357.0,drive,0.0,0.0
1242,1381,4,13,0,stay,1,13.257749350826494,0.526660776404222,1,0.24070914005334365,66.35266128965817,3.322083489120939,0,13.257749350826494,46.9550733,7.4874571,430829357,,,,,0.0,0.0
1243,1382,4,14,0,stay,1,13.693816067200029,0.850085275385946,1,0.23679311448884652,69.21830163622049,1.870787908800736,0,13.693816067200029,46.9550733,7.4874571,430829357,,,,,0.0,0.0
1244,1383,4,15,1,random_activity,1,13.834308197100434,1.2259949539566282,1,0.25240538436538035,65.84842723755679,2.1709326141837617,0,13.834308197100434,46.9780254,7.4653671,3994080156,pool,Pool 1,3994080156.0,drive,4066.7742830404877,8.133548566080975
1245,1384,4,16,1,random_activity,1,15.269032311557265,0.0,0,0.5527557668689926,52.60646690950562,3.3167629867128507,0,15.269032311557265,46.9780254,7.4653671,3994080156,pool,Pool 1,3994080156.0,bike,0.0,0.0
1246,1385,4,17,1,random_activity,1,13.1264282346207,0.0,0,0.4567129372273425,59.04808943973034,2.096656965269873,0,13.1264282346207,46.9780254,7.4653671,3994080156,pool,Pool 1,3994080156.0,walk,0.0,0.0
1247,1386,4,18,0,stay,1,14.042821505113958,0.0,0,0.2611903008233437,60.45443035404796,1.0422928815333605,0,14.042821505113958,46.9780254,7.4653671,3994080156,,,,,0.0,0.0
1248,1387,4,19,1,random_activity,1,13.49589686245539,0.0,0,0.17733207813770296,66.26792800625039,1.6829313342383971,0,13.49589686245539,46.917492,7.419788,5321849017,park,Park 1,5321849017.0,drive,9389.936467512754,18.77987293502551
1249,1388,4,20,1,random_activity,1,10.656868664474349,0.0,0,0.0,65.88801766795225,0.07085599604159576,0,10.656868664474349,46.917492,7.419788,5321849017,park,Park 1,5321849017.0,walk,0.0,0.0
1250,1389,4,21,1,random_activity,1,8.08392150171085,0.0,0,0.0,71.02099140104401,1.717632869945947,0,7.229520200003511,46.917492,7.419788,5321849017,park,Park 1,5321849017.0,walk,0.0,0.0
1251,1390,4,22,1,random_activity,1,6.841936993239674,0.0,0,0.0,66.66560490497496,2.9923221304775565,0,4.723544778703912,46.917492,7.419788,5321849017,park,Park 1,5321849017.0,drive,0.0,0.0
1252,1391,4,23,1,random_activity,1,5.691717725385865,0.0,0,0.0,82.92906994820919,1.475636700393068,0,4.766939072815922,46.9669993,7.3770645,6019904580,gym,Gym 2,6019904580.0,bike,7867.962547174642,31.471850188698568
1253,1392,4,0,1,random_activity,1,3.9468381667356756,0.0,0,0.0,76.5251605883998,2.97213282695253,0,1.2620916371828745,46.917492,7.419788,5321849017,park,Park 1,5321849017.0,drive,7660.039052865574,15.320078105731149
1254,1393,4,1,1,random_activity,1,4.097365877870303,0.0,0,0.0,82.85229813124703,2.028207089016537,0,2.286767583455133,46.917492,7.419788,5321849017,park,Park 1,5321849017.0,drive,0.0,0.0
1255,1395,4,3,1,random_activity,2,1.9458994187429477,0.0,0,0.0,80.5779969393514,2.5793393254239914,0,-0.7927180872012151,46.9669993,7.3770645,6019904580,gym,Gym 2,6019904580.0,walk,7867.962547174642,98.34953183968302
1256,1396,4,4,0,stay,1,1.0473758691163084,0.0,0,0.0,83.76905380285434,3.415229052291909,0,-2.5779421327402336,46.9669993,7.3770645,6019904580,,,,,0.0,0.0
1257,1397,4,5,1,random_activity,1,2.0380253534106303,0.0,0,0.0,80.31325522447354,2.3677959255142342,0,-0.47831039082231386,46.9669993,7.3770645,6019904580,gym,Gym 2,6019904580.0,drive,0.0,0.0
1258,1398,4,6,0,stay,1,1.8541601167868977,0.0,0,0.0,85.65255601237708,3.7416156990106355,0,-1.8325916204685062,46.9669993,7.3770645,6019904580,,,,,0.0,0.0
1259,1399,4,7,1,random_activity,1,4.334941241983975,0.0,0,0.027023286565236948,78.6424386400083,3.3737721086072434,0,1.4392290637061498,46.9669993,7.3770645,6019904580,gym,Gym 2,6019904580.0,bike,0.0,0.0
1260,1400,4,8,1,random_activity,1,7.661542160533497,0.0,0,0.12358163185505025,75.93001122190691,3.4837702325993893,0,5.4078879219135665,46.917492,7.419788,5321849017,park,Park 1,5321849017.0,drive,7660.039052865574,15.320078105731149
1261,1401,4,9,1,random_activity,1,9.280146293343273,0.0,0,0.1913354249102941,70.4170704084281,1.417446258978524,0,8.918612694063413,46.9669993,7.3770645,6019904580,gym,Gym 2,6019904580.0,bike,7867.962547174642,31.471850188698568
1262,1402,4,10,0,stay,1,10.573441387812933,0.0,0,0.2395731513930489,64.40972595703695,1.8058403030029382,0,10.573441387812933,46.9669993,7.3770645,6019904580,,,,,0.0,0.0
1263,1403,4,11,1,random_activity,1,10.457617333538957,0.0,0,0.25909261620351964,59.84489099996663,1.6954063163384476,0,10.457617333538957,46.917492,7.419788,5321849017,park,Park 1,5321849017.0,bike,7867.962547174642,31.471850188698568
1264,1404,4,12,0,stay,1,12.129422881732937,0.0,0,0.32023735469362413,60.66166471538738,3.0890745300887525,0,12.129422881732937,46.917492,7.419788,5321849017,,,,,0.0,0.0
1265,1405,4,13,0,stay,1,11.306499445123672,0.0,0,0.3190835148271265,54.94640964338351,1.4648084577344647,0,11.306499445123672,46.917492,7.419788,5321849017,,,,,0.0,0.0
1266,1406,4,14,1,random_activity,1,12.544697236342683,0.0,0,0.25766758778808596,62.49744683153633,1.4202871718912924,0,12.544697236342683,46.917492,7.419788,5321849017,park,Park 1,5321849017.0,bike,0.0,0.0
1267,1407,4,15,1,random_activity,1,12.348203342427425,0.0,0,0.3421187492067255,58.01772713614366,0.9275954750568789,0,12.348203342427425,46.917492,7.419788,5321849017,park,Park 1,5321849017.0,bike,0.0,0.0
1268,1408,4,16,1,random_activity,1,13.57914217685248,0.0,0,0.279322385715699,61.63257442637558,2.271887911115834,0,13.57914217685248,46.917492,7.419788,5321849017,park,Park 1,5321849017.0,walk,0.0,0.0
1269,1409,4,17,0,stay,1,13.732404663565225,0.0,0,0.19862347931307114,59.707260071239816,2.7742270596050913,0,13.732404663565225,46.917492,7.419788,5321849017,,,,,0.0,0.0
1270,1410,4,18,0,stay,1,13.141815969476529,0.0,0,0.19384805927621057,64.88400302850825,1.7207321744424253,0,13.141815969476529,46.917492,7.419788,5321849017,,,,,0.0,0.0
1271,1411,4,19,1,random_activity,1,12.311644024174255,0.0,0,0.0,68.02500118729834,1.3185532055400229,0,12.311644024174255,46.917492,7.419788,5321849017,park,Park 1,5321849017.0,bike,0.0,0.0
1272,1413,4,21,1,random_activity,2,9.653186573277383,0.0,0,0.0,70.07133878772194,2.544315925953852,0,8.382265897061032,46.9780254,7.4653671,3994080156,pool,Pool 1,3994080156.0,walk,9411.153241443713,117.63941551804642
1273,1414,4,22,1,random_activity,1,9.607540188594696,0.0,0,0.0,67.89093209020301,3.203930240557659,0,7.923494579412467,46.917492,7.419788,5321849017,park,Park 1,5321849017.0,drive,9389.936467512754,18.77987293502551
1274,1415,4,23,0,stay,1,8.378122253185092,0.0,0,0.0,76.075781898636,2.362867473218914,0,7.004765808540638,46.917492,7.419788,5321849017,,,,,0.0,0.0
1275,1416,4,0,0,stay,1,8.149734760564568,0.0,0,0.0,70.63892719466915,3.404836435126362,0,6.0457872514865665,46.917492,7.419788,5321849017,,,,,0.0,0.0
1276,1418,4,2,1,random_activity,2,5.189077569498492,0.0,0,0.0,82.48249575690778,2.0526547416718266,0,3.5351852998088993,46.9780254,7.4653671,3994080156,pool,Pool 1,3994080156.0,walk,9411.153241443713,117.63941551804642
1277,1419,4,3,1,random_activity,1,3.6815465132481053,0.0,0,0.0,80.404000136781,3.079300348668139,0,0.8613973025179276,46.917492,7.419788,5321849017,park,Park 1,5321849017.0,drive,9389.936467512754,18.77987293502551
1278,1420,4,4,1,random_activity,1,4.443282203768894,0.0,0,0.0,85.32145336437897,2.4656519313414904,0,2.271182361215646,46.9669993,7.3770645,6019904580,gym,Gym 2,6019904580.0,bike,7867.962547174642,31.471850188698568
1279,1422,4,6,1,random_activity,2,6.380943420883749,0.0,0,0.0,74.67836239969353,6.717473673565187,0,2.3849186107392404,46.917492,7.419788,5321849017,park,Park 1,5321849017.0,walk,7867.962547174642,98.34953183968302
1280,1423,4,7,1,random_activity,1,7.2245461250527665,0.0,0,0.15805012999497953,70.23215254630489,3.0977335338953873,0,5.1139868806764115,46.917492,7.419788,5321849017,park,Park 1,5321849017.0,drive,0.0,0.0
1281,1424,4,8,1,random_activity,1,6.610140803874938,0.0,0,0.21568078111628616,70.2062493099636,2.9205493473867725,0,4.494746018551534,46.9780254,7.4653671,3994080156,pool,Pool 1,3994080156.0,bike,9411.153241443713,37.644612965774854
1282,1425,4,9,1,random_activity,1,7.730496945888094,0.0,0,0.24428046432488995,72.92992043466192,2.681735399744226,0,6.0017040298238795,46.917492,7.419788,5321849017,park,Park 1,5321849017.0,drive,9389.936467512754,18.77987293502551
1283,1426,4,10,1,random_activity,1,10.188561523426975,0.0,0,0.3634114579898561,64.03588951520469,2.8379645865889658,0,10.188561523426975,46.9669993,7.3770645,6019904580,gym,Gym 2,6019904580.0,drive,7424.157049702068,14.848314099404137
1284,1427,4,11,1,random_activity,1,12.818204993963851,0.0,0,0.4632427792019308,60.44298165672025,2.7880716114128603,0,12.818204993963851,46.9780254,7.4653671,3994080156,pool,Pool 1,3994080156.0,drive,9617.431588453604,19.234863176907208
1285,1428,4,12,1,random_activity,1,12.760593193064217,0.0,0,0.47167938054739866,64.79127757586939,2.6194792913793257,0,12.760593193064217,46.9550733,7.4874571,430829357,gym,Gym 1,430829357.0,bike,4006.792056257755,16.02716822503102
1286,1429,4,13,1,random_activity,1,14.232050761981736,0.0,0,0.5001857076903509,54.784097686264346,2.481662072744169,0,14.232050761981736,46.9550733,7.4874571,430829357,gym,Gym 1,430829357.0,bike,0.0,0.0
1287,1430,4,14,0,stay,1,14.639359888472857,0.0,0,0.4358996246739599,60.458005764888334,2.4551093042533805,0,14.639359888472857,46.9550733,7.4874571,430829357,,,,,0.0,0.0
1288,1431,4,15,1,random_activity,1,15.85206499238496,0.0,0,0.42394380818235156,50.91556229373958,1.2851089132804732,0,15.85206499238496,46.9780254,7.4653671,3994080156,pool,Pool 1,3994080156.0,drive,4066.7742830404877,8.133548566080975
1289,1432,4,16,0,stay,1,15.874310769733428,0.0,0,0.34470434544844125,53.52339044967894,1.6404264397157298,0,15.874310769733428,46.9780254,7.4653671,3994080156,,,,,0.0,0.0
1290,1433,4,17,0,stay,1,17.167988487358258,0.0,0,0.31981810795035986,52.722754970971714,2.0747689743217865,0,17.167988487358258,46.9780254,7.4653671,3994080156,,,,,0.0,0.0
1291,1434,4,18,0,stay,1,14.857868600516301,0.0,0,0.15743955443647908,62.76927238077902,1.8389492356230048,0,14.857868600516301,46.9780254,7.4653671,3994080156,,,,,0.0,0.0
1292,1435,4,19,0,stay,1,12.603405620979377,0.0,0,0.07950780184928997,64.7669429983078,1.9436118452613849,0,12.603405620979377,46.9780254,7.4653671,3994080156,,,,,0.0,0.0
1293,1436,4,20,1,random_activity,1,11.634824855171757,0.0,0,0.0,73.38077150733064,1.9998975774042096,0,11.634824855171757,46.9550733,7.4874571,430829357,gym,Gym 1,430829357.0,walk,4006.792056257755,50.08490070322194
1294,1437,4,21,1,random_activity,1,10.144880212608092,0.0,0,0.0,71.55962736099929,2.580648439223816,0,10.144880212608092,46.9780254,7.4653671,3994080156,pool,Pool 1,3994080156.0,bike,4006.792056257754,16.027168225031016
1295,1438,4,22,1,random_activity,1,7.838402367726328,0.0,0,0.0,68.63438603083738,2.2308464091162143,0,6.474664760556826,46.9780254,7.4653671,3994080156,pool,Pool 1,3994080156.0,walk,0.0,0.0
1296,1439,4,23,1,random_activity,1,4.751896927625321,0.0,0,0.0,81.66761390610947,2.4978298944005317,0,2.60845077539991,46.9780254,7.4653671,3994080156,pool,Pool 1,3994080156.0,bike,0.0,0.0
1297,1440,4,23,1,random_activity,1,4.751896927625321,0.0,0,0.0,81.66761390610947,2.4978298944005317,0,2.60845077539991,46.9550733,7.4874571,430829357,gym,Gym 1,430829357.0,walk,4006.792056257755,50.08490070322194
