step,t,month,hour,action,action_name,delta_hours,temp,precip_mm,wet,sun_frac,humidity,wind,snow_cover_flag,feels_like,lat,lon,current_node,poi_category,poi_name,target_node,mode,distance_m,travel_time_min
0,1,10,1,0,stay,1,6.563073363575091,0.0,0,0.0,91.78149788206571,1.1188562413706558,0,6.563073363575091,46.9589241,7.4925108,11621893932,,,,,0.0,0.0
1,2,10,2,1,random_activity,1,6.05316535938964,0.0,0,0.0,96.75569498189164,2.2196142595292523,0,4.388206351469211,46.878604,7.4926271,13193385739,pool,Pool 1,13193385739.0,drive,14044.629119845637,28.089258239691272
2,3,10,3,1,random_activity,1,4.253611332284873,0.0,0,0.0,94.23427030715568,0.9437988312313089,0,4.253611332284873,46.878604,7.4926271,13193385739,pool,Pool 1,13193385739.0,drive,0.0,0.0
3,4,10,4,0,stay,1,4.625655569274115,0.0,0,0.0,92.08970786227366,1.2904551057051001,0,4.625655569274115,46.878604,7.4926271,13193385739,,,,,0.0,0.0
4,5,10,5,1,random_activity,1,3.4103824967124012,0.0,0,0.0,97.63897272319566,0.6830482659225119,0,3.4103824967124012,46.9363222,7.4681231,9455383242,gym,Gym 1,9455383242.0,drive,11635.896545603482,23.271793091206963
5,7,10,7,1,random_activity,2,6.696717876360063,0.0,0,0.0,93.59852817638289,0.11132947192797804,0,6.696717876360063,46.878604,7.4926271,13193385739,pool,Pool 1,13193385739.0,walk,8962.966612622162,112.03708265777702
6,11,10,11,1,random_activity,4,10.686775848329546,0.0,0,0.3760837666603977,81.86553931735983,1.895315438768388,0,10.686775848329546,46.9027976,7.342526,3361001766,park,Park 1,3361001766.0,walk,15087.363220614176,188.59204025767718
7,12,10,12,1,random_activity,1,10.721541079562211,0.0,0,0.4873311713273136,76.40441686309096,1.6053890661428334,0,10.721541079562211,46.9027976,7.342526,3361001766,park,Park 1,3361001766.0,bike,0.0,0.0
8,13,10,13,1,random_activity,1,11.538428101124344,0.0,0,0.525392447912994,70.21762536656433,2.2998783541020305,0,11.538428101124344,46.9027976,7.342526,3361001766,park,Park 1,3361001766.0,walk,0.0,0.0
9,14,10,14,0,stay,1,12.299375040557232,0.0,0,0.4598767362286741,69.93397678148905,0.2036147646215023,0,12.299375040557232,46.9027976,7.342526,3361001766,,,,,0.0,0.0
10,15,10,15,1,random_activity,1,12.061917908316792,0.0,0,0.38541706328198627,69.80132567152933,2.3493771076389938,0,12.061917908316792,46.9027976,7.342526,3361001766,park,Park 1,3361001766.0,walk,0.0,0.0
11,16,10,16,1,random_activity,1,12.580924856669297,0.0,0,0.290022617594752,77.93591633331901,2.4188135687010104,0,12.580924856669297,46.9363222,7.4681231,9455383242,gym,Gym 1,9455383242.0,bike,12575.320799828736,50.301283199314945
12,17,10,17,1,random_activity,1,10.7575657070489,0.0,0,0.13396144686427908,82.0697491510149,0.18575296047698897,0,10.7575657070489,46.9363222,7.4681231,9455383242,gym,Gym 1,9455383242.0,bike,0.0,0.0
13,18,10,18,1,random_activity,1,9.681367198678574,1.060727352956315,1,0.050733125653373116,84.34751245076461,1.1175948242177638,0,9.681367198678574,46.878604,7.4926271,13193385739,pool,Pool 1,13193385739.0,bike,8962.966612622162,35.85186645048865
14,19,10,19,1,random_activity,1,7.901490560222355,5.406639117691983,1,0.0,87.14575191748958,0.8461469707497565,0,7.901490560222355,46.9363222,7.4681231,9455383242,gym,Gym 1,9455383242.0,drive,11635.896545603482,23.271793091206963
15,22,10,22,1,random_activity,3,4.941049078148165,3.3167960963590364,1,0.0,94.45024502651174,4.273871748754223,0,1.6331699875253767,46.9027976,7.342526,3361001766,park,Park 1,3361001766.0,walk,12575.320799828734,157.19150999785919
16,23,10,23,1,random_activity,1,3.2487828629862525,0.3695160515711174,1,0.0,100.0,2.0985918883084627,0,1.221501640944697,46.9363222,7.4681231,9455383242,gym,Gym 1,9455383242.0,drive,13100.897090182036,26.20179418036407
17,24,10,0,0,stay,1,2.7575904568076344,0.8027454963970303,1,0.0,100.0,0.831325658358549,0,2.7575904568076344,46.9363222,7.4681231,9455383242,,,,,0.0,0.0
18,25,10,1,1,random_activity,1,2.660896110664374,3.68979035604467,1,0.0,100.0,2.776050829093903,0,-0.11791624820049486,46.878604,7.4926271,13193385739,pool,Pool 1,13193385739.0,drive,11843.45562545482,23.686911250909642
19,26,10,2,1,random_activity,1,4.661179196062874,4.668950016237113,1,0.0,100.0,2.5843441738444635,0,2.4271267356824486,46.878604,7.4926271,13193385739,pool,Pool 1,13193385739.0,bike,0.0,0.0
20,27,10,3,1,random_activity,1,6.46875570661307,0.0,0,0.0,94.13726132279905,1.3148012488644116,0,6.46875570661307,46.9363222,7.4681231,9455383242,gym,Gym 1,9455383242.0,bike,8962.96661262216,35.85186645048864
21,28,10,4,0,stay,1,7.793452744038676,0.0,0,0.0,93.15219051166275,2.320670380927335,0,6.348705814237302,46.9363222,7.4681231,9455383242,,,,,0.0,0.0
22,29,10,5,1,random_activity,1,7.089390700782682,0.0,0,0.0,90.25145783141095,1.868881391407541,0,5.928444759280301,46.9363222,7.4681231,9455383242,gym,Gym 1,9455383242.0,drive,0.0,0.0
23,30,10,6,1,random_activity,1,8.344751830345214,0.0,0,0.0,90.07227520150187,0.959758210410731,0,8.344751830345214,46.878604,7.4926271,13193385739,pool,Pool 1,13193385739.0,bike,8962.966612622162,35.85186645048865
24,31,10,7,1,random_activity,1,9.266399852191691,0.0,0,0.0,85.60396326284558,0.8844140393324236,0,9.266399852191691,46.9027976,7.342526,3361001766,park,Park 1,3361001766.0,drive,16686.416243763804,33.37283248752761
25,32,10,8,1,random_activity,1,11.35226643973387,0.0,0,0.1799668347457774,88.26754347894696,1.1718598877120092,0,11.35226643973387,46.878604,7.4926271,13193385739,pool,Pool 1,13193385739.0,drive,16642.985193898883,33.28597038779777
26,34,10,10,1,random_activity,2,14.09780743714235,0.0,0,0.5075724842304405,77.0553773425268,1.66622196825479,0,14.09780743714235,46.9363222,7.4681231,9455383242,gym,Gym 1,9455383242.0,walk,8962.96661262216,112.037082657777
27,35,10,11,0,stay,1,13.52283380044588,0.0,0,0.7061872298198798,73.06748273580214,1.3223841723135177,0,13.52283380044588,46.9363222,7.4681231,9455383242,,,,,0.0,0.0
28,36,10,12,0,stay,1,14.98241709443178,0.0,0,0.8292456713682572,67.63663256373273,0.5837585927520486,0,14.98241709443178,46.9363222,7.4681231,9455383242,,,,,0.0,0.0
29,37,10,13,1,random_activity,1,14.515251389040579,0.0,0,0.7784683235718347,69.92306859228479,1.6510487843512907,0,14.515251389040579,46.9363222,7.4681231,9455383242,gym,Gym 1,9455383242.0,bike,0.0,0.0
30,38,10,14,1,random_activity,1,14.131575036206023,0.0,0,0.734868991885293,69.37323823142964,0.886226677792635,0,14.131575036206023,46.878604,7.4926271,13193385739,pool,Pool 1,13193385739.0,drive,11843.45562545482,23.686911250909642
31,39,10,15,0,stay,1,14.765294720943134,0.0,0,0.6665878761772145,69.76286371501008,2.4951877372953435,0,14.765294720943134,46.878604,7.4926271,13193385739,,,,,0.0,0.0
32,40,10,16,1,random_activity,1,14.964140668544868,0.0,0,0.48044289156331593,74.55789711717973,2.499703099084134,0,14.964140668544868,46.9363222,7.4681231,9455383242,gym,Gym 1,9455383242.0,bike,8962.96661262216,35.85186645048864
33,41,10,17,1,random_activity,1,14.701594309265305,0.0,0,0.2705142947877994,73.70363138412245,1.4045707695158742,0,14.701594309265305,46.9363222,7.4681231,9455383242,gym,Gym 1,9455383242.0,bike,0.0,0.0
34,42,10,18,1,random_activity,1,12.16739187848391,0.0,0,0.0,72.35864382034079,2.695447883491765,0,12.16739187848391,46.9363222,7.4681231,9455383242,gym,Gym 1,9455383242.0,bike,0.0,0.0
35,45,10,21,1,random_activity,3,8.758397741675541,0.0,0,0.0,85.73491487728971,2.1809399836351657,0,7.594896964377382,46.9027976,7.342526,3361001766,park,Park 1,3361001766.0,walk,12575.320799828734,157.19150999785919
36,46,10,22,1,random_activity,1,6.760193151666408,0.0,0,0.0,84.68854118578497,2.230973735474085,0,5.2083197732332325,46.9027976,7.342526,3361001766,park,Park 1,3361001766.0,bike,0.0,0.0
37,47,10,23,1,random_activity,1,5.359462126246995,0.0,0,0.0,92.22924464282274,1.4574563586476132,0,4.412412366016384,46.9363222,7.4681231,9455383242,gym,Gym 1,9455383242.0,bike,12575.320799828736,50.301283199314945
38,50,10,2,1,random_activity,3,3.0594660526388995,0.0,0,0.0,95.48312892916901,1.7263332368300754,0,1.431684170912071,46.9027976,7.342526,3361001766,park,Park 1,3361001766.0,walk,12575.320799828734,157.19150999785919
39,51,10,3,1,random_activity,1,2.4699920426227644,0.0,0,0.0,91.11459610693386,2.303785699423446,0,0.09528620396321703,46.9027976,7.342526,3361001766,park,Park 1,3361001766.0,walk,0.0,0.0
40,52,10,4,0,stay,1,1.7017411640569953,1.42905113006479,1,0.0,100.0,1.614839646064222,0,0.01948353627297826,46.9027976,7.342526,3361001766,,,,,0.0,0.0
41,53,10,5,1,random_activity,1,6.244283139790738,0.0,0,0.0,98.624341511824,5.982346989243586,0,2.4817296519648715,46.9363222,7.4681231,9455383242,gym,Gym 1,9455383242.0,bike,12575.320799828736,50.301283199314945
42,54,10,6,1,random_activity,1,7.107854180509976,0.0,0,0.0,89.7004047851221,2.6220834895935186,0,5.304323605177643,46.9027976,7.342526,3361001766,park,Park 1,3361001766.0,bike,12575.320799828734,50.30128319931494
43,55,10,7,1,random_activity,1,7.165030961271581,0.0,0,0.0,84.56949616423415,2.2818531282040775,0,5.640760146464163,46.878604,7.4926271,13193385739,pool,Pool 1,13193385739.0,drive,16642.985193898883,33.28597038779777
44,56,10,8,1,random_activity,1,7.969829968296879,0.0,0,0.16443183056880825,86.44587297922625,1.738521224186361,0,7.076856973004746,46.9363222,7.4681231,9455383242,gym,Gym 1,9455383242.0,bike,8962.96661262216,35.85186645048864
45,57,10,9,1,random_activity,1,9.275622834351463,0.0,0,0.3918840942439732,83.69775448921285,1.1476210382887748,0,9.275622834351463,46.9363222,7.4681231,9455383242,gym,Gym 1,9455383242.0,walk,0.0,0.0
46,58,10,10,1,random_activity,1,10.786383582397256,0.0,0,0.523408459681402,82.92394334065898,2.068217260117317,0,10.786383582397256,46.9363222,7.4681231,9455383242,gym,Gym 1,9455383242.0,drive,0.0,0.0
47,59,10,11,1,random_activity,1,12.016136319894045,0.0,0,0.6715639256878447,74.46313682779076,2.137943554573364,0,12.016136319894045,46.878604,7.4926271,13193385739,pool,Pool 1,13193385739.0,bike,8962.966612622162,35.85186645048865
48,61,10,13,1,random_activity,2,11.873604848697614,0.0,0,0.886973599437871,75.76459096894054,2.251502132945994,0,11.873604848697614,46.9363222,7.4681231,9455383242,gym,Gym 1,9455383242.0,walk,8962.96661262216,112.037082657777
49,63,10,15,1,random_activity,2,12.484457372568409,0.0,0,0.7199297157899794,76.5547665263606,2.4095836595404863,0,12.484457372568409,46.878604,7.4926271,13193385739,pool,Pool 1,13193385739.0,walk,8962.966612622162,112.03708265777702
50,65,10,17,1,random_activity,2,12.994486612319514,0.0,0,0.25499416483291065,70.94053042794579,3.2498840410459806,0,12.994486612319514,46.9027976,7.342526,3361001766,park,Park 1,3361001766.0,bike,15087.363220614176,60.3494528824567
51,66,10,18,1,random_activity,1,11.899381468245862,0.0,0,0.021481950797976622,83.57506651023837,0.5762295773390769,0,11.899381468245862,46.878604,7.4926271,13193385739,pool,Pool 1,13193385739.0,drive,16642.985193898883,33.28597038779777
52,67,10,19,1,random_activity,1,10.359822711419136,0.0,0,0.0,89.15794781876593,2.0760089722384194,0,10.359822711419136,46.9363222,7.4681231,9455383242,gym,Gym 1,9455383242.0,bike,8962.96661262216,35.85186645048864
53,68,10,20,1,random_activity,1,9.554918733426987,0.0,0,0.0,89.59822535532206,0.013185403138729956,0,9.554918733426987,46.9363222,7.4681231,9455383242,gym,Gym 1,9455383242.0,bike,0.0,0.0
54,69,10,21,0,stay,1,9.513777536569934,0.0,0,0.0,82.52372860315077,1.1107645365450116,0,9.513777536569934,46.9363222,7.4681231,9455383242,,,,,0.0,0.0
55,70,10,22,0,stay,1,7.392940501026009,0.0,0,0.0,90.1824479516455,1.3115708017073253,0,7.392940501026009,46.9363222,7.4681231,9455383242,,,,,0.0,0.0
56,71,10,23,1,random_activity,1,8.7783598285625,0.0,0,0.0,96.76884432346286,1.3049933780034295,0,8.7783598285625,46.878604,7.4926271,13193385739,pool,Pool 1,13193385739.0,bike,8962.966612622162,35.85186645048865
57,72,10,0,1,random_activity,1,7.557882774252182,0.0,0,0.0,92.79797517543956,5.1485564356442275,0,4.473077896065539,46.9363222,7.4681231,9455383242,gym,Gym 1,9455383242.0,bike,8962.96661262216,35.85186645048864
58,73,10,1,1,random_activity,1,6.950729417334115,0.0,0,0.0,89.57941065957188,0.6297759948808083,0,6.950729417334115,46.9027976,7.342526,3361001766,park,Park 1,3361001766.0,drive,13384.255902818171,26.768511805636344
59,74,10,2,1,random_activity,1,4.266444942965813,0.0,0,0.0,94.42692211550442,0.8057668622665023,0,4.266444942965813,46.9363222,7.4681231,9455383242,gym,Gym 1,9455383242.0,bike,12575.320799828736,50.301283199314945
60,75,10,3,0,stay,1,5.000756848907507,0.0,0,0.0,96.26121887304966,2.6748792029475394,0,2.756342749675669,46.9363222,7.4681231,9455383242,,,,,0.0,0.0
61,76,10,4,1,random_activity,1,6.17439710330467,0.0,0,0.0,100.0,1.7517017463678175,0,4.9926901545569455,46.878604,7.4926271,13193385739,pool,Pool 1,13193385739.0,drive,11843.45562545482,23.686911250909642
62,78,10,6,1,random_activity,2,7.637253953286754,0.0,0,0.0,89.9486527508586,3.796906705544002,0,5.205108945781912,46.9027976,7.342526,3361001766,park,Park 1,3361001766.0,bike,15087.363220614176,60.3494528824567
63,82,10,10,1,random_activity,4,9.550323266385861,0.0,0,0.35452038276706993,78.30797117919401,1.6523788558890509,0,8.981095049777833,46.878604,7.4926271,13193385739,pool,Pool 1,13193385739.0,walk,15087.363220614172,188.59204025767716
64,83,10,11,1,random_activity,1,11.496203101129124,0.0,0,0.47013337182415443,80.59241910325419,2.3471034077011925,0,11.496203101129124,46.878604,7.4926271,13193385739,pool,Pool 1,13193385739.0,drive,0.0,0.0
65,84,10,12,1,random_activity,1,14.311569944853018,0.0,0,0.48464762680880247,73.45132713482256,3.251692184445813,0,14.311569944853018,46.878604,7.4926271,13193385739,pool,Pool 1,13193385739.0,bike,0.0,0.0
66,85,10,13,1,random_activity,1,14.697843908806673,0.0,0,0.59355092657003,65.7652583254073,1.761780706038334,0,14.697843908806673,46.878604,7.4926271,13193385739,pool,Pool 1,13193385739.0,walk,0.0,0.0
67,86,10,14,0,stay,1,13.15032312755888,0.0,0,0.46417351522847905,73.37408046659246,1.0173399933032279,0,13.15032312755888,46.878604,7.4926271,13193385739,,,,,0.0,0.0
68,90,10,18,1,random_activity,4,13.505983671139163,0.0,0,0.05000211720978186,76.17628049873473,2.3242386793088476,0,13.505983671139163,46.9027976,7.342526,3361001766,park,Park 1,3361001766.0,walk,15087.363220614176,188.59204025767718
69,91,10,19,1,random_activity,1,11.15573543248213,0.0,0,0.0,79.27182643753702,0.9358049969262177,0,11.15573543248213,46.9363222,7.4681231,9455383242,gym,Gym 1,9455383242.0,drive,13100.897090182036,26.20179418036407
70,92,10,20,1,random_activity,1,9.65964484737345,0.0,0,0.0,86.22832830075386,0.8448888991455208,0,9.65964484737345,46.9363222,7.4681231,9455383242,gym,Gym 1,9455383242.0,walk,0.0,0.0
71,93,10,21,1,random_activity,1,8.671675722288207,0.0,0,0.0,85.3840755245672,3.278886137439275,0,6.7501192806416235,46.9027976,7.342526,3361001766,park,Park 1,3361001766.0,bike,12575.320799828734,50.30128319931494
72,94,10,22,0,stay,1,7.051981951647759,0.0,0,0.0,87.94483689186278,1.5048707056369832,0,6.2811034256914295,46.9027976,7.342526,3361001766,,,,,0.0,0.0
73,95,10,23,1,random_activity,1,6.294342573841173,0.0,0,0.0,85.30277757552122,2.417806139040501,0,4.500932772448654,46.878604,7.4926271,13193385739,pool,Pool 1,13193385739.0,drive,16642.985193898883,33.28597038779777
74,96,10,0,0,stay,1,5.731777996157144,0.0,0,0.0,94.92062707524292,0.8293449625385729,0,5.731777996157144,46.878604,7.4926271,13193385739,,,,,0.0,0.0
75,97,10,1,0,stay,1,6.047853623685521,0.0,0,0.0,85.26406325068884,1.829061588339586,0,4.763204987229146,46.878604,7.4926271,13193385739,,,,,0.0,0.0
76,99,10,3,1,random_activity,2,3.530078597129841,0.0,0,0.0,84.6929278761304,1.398690277306143,0,2.4158633596883465,46.9363222,7.4681231,9455383242,gym,Gym 1,9455383242.0,walk,8962.96661262216,112.037082657777
77,100,10,4,0,stay,1,4.46905164239445,0.0,0,0.0,100.0,1.2439334605902732,0,4.46905164239445,46.9363222,7.4681231,9455383242,,,,,0.0,0.0
78,101,10,5,1,random_activity,1,5.894506467166313,0.0,0,0.0,95.20647248884407,1.6725446666848234,0,4.759205190076735,46.9363222,7.4681231,9455383242,gym,Gym 1,9455383242.0,walk,0.0,0.0
79,102,10,6,1,random_activity,1,7.230413470248295,0.0,0,0.0,97.58572633077564,3.0287401618281975,0,5.166016787455996,46.9027976,7.342526,3361001766,park,Park 1,3361001766.0,bike,12575.320799828734,50.30128319931494
80,103,10,7,0,stay,1,8.174475646424334,0.0,0,0.0,93.18225207698455,1.075438490534467,0,8.174475646424334,46.9027976,7.342526,3361001766,,,,,0.0,0.0
81,104,10,8,1,random_activity,1,8.583903698500421,0.0,0,0.1233594998467292,92.34980155635981,1.162818157707354,0,8.583903698500421,46.9363222,7.4681231,9455383242,gym,Gym 1,9455383242.0,bike,12575.320799828736,50.301283199314945
82,105,10,9,1,random_activity,1,10.29091951428288,0.0,0,0.12380391081079606,83.7741184115086,1.6335262016391356,0,10.29091951428288,46.878604,7.4926271,13193385739,pool,Pool 1,13193385739.0,drive,11843.45562545482,23.686911250909642
83,106,10,10,0,stay,1,11.168963914457619,0.0,0,0.2175290438130988,84.34585886293263,0.8910749469338477,0,11.168963914457619,46.878604,7.4926271,13193385739,,,,,0.0,0.0
84,107,10,11,1,random_activity,1,11.600322163022899,3.7956717419090285,1,0.05014221657551295,89.99271146531,1.5704379686666212,0,11.600322163022899,46.878604,7.4926271,13193385739,pool,Pool 1,13193385739.0,drive,0.0,0.0
85,108,10,12,0,stay,1,10.411436685665029,2.031418965167425,1,0.00027634291941512623,86.92822106626758,1.3684486176047446,0,10.411436685665029,46.878604,7.4926271,13193385739,,,,,0.0,0.0
86,112,10,16,1,random_activity,4,14.864805174113032,0.0,0,0.06663763880551077,73.10525722704539,2.564635420687538,0,14.864805174113032,46.9027976,7.342526,3361001766,park,Park 1,3361001766.0,walk,15087.363220614176,188.59204025767718
87,113,10,17,0,stay,1,13.21918110966257,0.0,0,0.08104963355588131,81.4915655935593,1.0694310409748682,0,13.21918110966257,46.9027976,7.342526,3361001766,,,,,0.0,0.0
88,114,10,18,1,random_activity,1,11.496794529285637,0.0,0,0.048637995465475044,75.04718718834182,1.48782797857144,0,11.496794529285637,46.9363222,7.4681231,9455383242,gym,Gym 1,9455383242.0,bike,12575.320799828736,50.301283199314945
89,115,10,19,1,random_activity,1,9.650777859259208,0.0,0,0.0,80.15594319496273,1.9043408960846253,0,8.866146743902432,46.878604,7.4926271,13193385739,pool,Pool 1,13193385739.0,drive,11843.45562545482,23.686911250909642
90,119,10,23,1,random_activity,4,5.2463764768091785,0.0,0,0.0,94.81237851544229,2.0123870173369554,0,3.6425219352726597,46.9027976,7.342526,3361001766,park,Park 1,3361001766.0,walk,15087.363220614176,188.59204025767718
91,120,10,0,1,random_activity,1,3.9185721052919296,0.0,0,0.0,90.54738605364649,1.2097670430806222,0,3.9185721052919296,46.9363222,7.4681231,9455383242,gym,Gym 1,9455383242.0,drive,13100.897090182036,26.20179418036407
92,121,10,1,1,random_activity,1,3.891965842784662,0.0,0,0.0,97.91319249286276,2.4317767602283045,0,1.6495959376086549,46.9027976,7.342526,3361001766,park,Park 1,3361001766.0,bike,12575.320799828734,50.30128319931494
93,122,10,2,1,random_activity,1,4.312506804416793,0.0,0,0.0,100.0,1.2892884601154173,0,4.312506804416793,46.9363222,7.4681231,9455383242,gym,Gym 1,9455383242.0,bike,12575.320799828736,50.301283199314945
94,123,10,3,0,stay,1,5.1135000311270105,0.0,0,0.0,94.63743010330319,1.2931221238019588,0,5.1135000311270105,46.9363222,7.4681231,9455383242,,,,,0.0,0.0
95,124,10,4,1,random_activity,1,6.649305798164609,0.0,0,0.0,93.95199241526075,0.0,0,6.649305798164609,46.9363222,7.4681231,9455383242,gym,Gym 1,9455383242.0,walk,0.0,0.0
96,127,10,7,1,random_activity,3,10.00920382285974,0.0,0,0.0,83.92663413277809,2.7164298601550882,0,10.00920382285974,46.9027976,7.342526,3361001766,park,Park 1,3361001766.0,walk,12575.320799828734,157.19150999785919
97,128,10,8,0,stay,1,12.321300117960345,0.0,0,0.19642869486080608,83.47037040755433,2.1469589504955975,0,12.321300117960345,46.9027976,7.342526,3361001766,,,,,0.0,0.0
98,132,10,12,1,random_activity,4,15.86821666935812,0.0,0,0.6184251147320385,77.57297259756601,1.065614444525488,0,15.86821666935812,46.878604,7.4926271,13193385739,pool,Pool 1,13193385739.0,walk,15087.363220614172,188.59204025767716
99,133,10,13,1,random_activity,1,14.96204850251709,0.0,0,0.6992621192506419,69.89018090109076,0.38021084403890937,0,14.96204850251709,46.9027976,7.342526,3361001766,park,Park 1,3361001766.0,drive,16686.416243763804,33.37283248752761
100,134,10,14,1,random_activity,1,17.102843659974234,0.0,0,0.6257265944892644,77.84071514031723,0.4242973162235175,0,17.102843659974234,46.9027976,7.342526,3361001766,park,Park 1,3361001766.0,drive,0.0,0.0
101,135,10,15,0,stay,1,17.534721959363452,0.0,0,0.5213934664656574,71.76206798471742,0.7804278673995295,0,17.534721959363452,46.9027976,7.342526,3361001766,,,,,0.0,0.0
102,138,10,18,1,random_activity,3,15.467103469635546,0.0,0,0.0724380366478555,78.50205166383844,1.357632270331403,0,15.467103469635546,46.9363222,7.4681231,9455383242,gym,Gym 1,9455383242.0,walk,12575.320799828736,157.1915099978592
103,139,10,19,0,stay,1,13.317692009115955,0.0,0,0.0,78.15885545653383,0.9168759001361967,0,13.317692009115955,46.9363222,7.4681231,9455383242,,,,,0.0,0.0
104,140,10,20,0,stay,1,10.738098198908924,0.0,0,0.0,83.29970596304975,1.2468475382602051,0,10.738098198908924,46.9363222,7.4681231,9455383242,,,,,0.0,0.0
105,141,10,21,0,stay,1,8.826595872110182,0.0,0,0.0,84.62335325869101,3.27168590945921,0,6.94160509676111,46.9363222,7.4681231,9455383242,,,,,0.0,0.0
106,142,10,22,1,random_activity,1,7.310865553461394,0.0,0,0.0,92.00982613900727,1.7104985132186858,0,6.346707017907312,46.878604,7.4926271,13193385739,pool,Pool 1,13193385739.0,drive,11843.45562545482,23.686911250909642
107,143,10,23,1,random_activity,1,4.294352844995428,0.0,0,0.0,89.40494918362442,2.548620712372583,0,2.022210203802742,46.9363222,7.4681231,9455383242,gym,Gym 1,9455383242.0,drive,11635.896545603482,23.271793091206963
108,144,10,0,0,stay,1,4.759999131750889,0.0,0,0.0,100.0,2.4569554932245143,0,2.653552101927181,46.9363222,7.4681231,9455383242,,,,,0.0,0.0
109,145,10,1,1,random_activity,1,3.6084784319922134,0.0,0,0.0,92.06618185295217,1.9666469139481397,0,1.7838748434980662,46.9027976,7.342526,3361001766,park,Park 1,3361001766.0,bike,12575.320799828734,50.30128319931494
110,146,10,2,0,stay,1,4.494215644165189,0.0,0,0.0,100.0,1.8605568737811504,0,2.9300616339671373,46.9027976,7.342526,3361001766,,,,,0.0,0.0
111,147,10,3,1,random_activity,1,5.348134488129411,0.0,0,0.0,95.26493386830019,1.7377447956035308,0,4.055549222980363,46.9363222,7.4681231,9455383242,gym,Gym 1,9455383242.0,drive,13100.897090182036,26.20179418036407
112,148,10,4,1,random_activity,1,5.216940306383077,0.0,0,0.0,91.19957526608069,0.2379296625680718,0,5.216940306383077,46.878604,7.4926271,13193385739,pool,Pool 1,13193385739.0,bike,8962.966612622162,35.85186645048865
113,149,10,5,0,stay,1,6.4984673448388195,0.0,0,0.0,94.01036034776509,1.2185126888082238,0,6.4984673448388195,46.878604,7.4926271,13193385739,,,,,0.0,0.0
114,150,10,6,0,stay,1,5.427318630739022,0.0,0,0.0,93.0404954156626,1.585204162045205,0,4.3270864579130865,46.878604,7.4926271,13193385739,,,,,0.0,0.0
115,151,10,7,0,stay,1,6.115893227110639,0.0,0,0.0,85.68581760043163,1.987710362420164,0,4.6800105515500094,46.878604,7.4926271,13193385739,,,,,0.0,0.0
116,152,10,8,1,random_activity,1,8.541696482550028,0.0,0,0.15428521779529084,93.19370450019566,0.4917081435065558,0,8.541696482550028,46.9363222,7.4681231,9455383242,gym,Gym 1,9455383242.0,bike,8962.96661262216,35.85186645048864
117,153,10,9,0,stay,1,10.978343141882497,0.0,0,0.42238429399289973,85.68677356139074,2.5195080336218303,0,10.978343141882497,46.9363222,7.4681231,9455383242,,,,,0.0,0.0
118,154,10,10,1,random_activity,1,12.756648714030767,0.0,0,0.5552688335893753,81.01020116828309,0.8156186798093565,0,12.756648714030767,46.878604,7.4926271,13193385739,pool,Pool 1,13193385739.0,bike,8962.966612622162,35.85186645048865
119,155,10,11,1,random_activity,1,12.495873582721554,0.0,0,0.7612947887116435,85.20721259061318,1.6811665844026953,0,12.495873582721554,46.9363222,7.4681231,9455383242,gym,Gym 1,9455383242.0,bike,8962.96661262216,35.85186645048864
120,156,10,12,0,stay,1,12.535188543988411,1.6725027599004303,1,0.25519421766433703,77.4912081224321,2.7659832124018786,0,12.535188543988411,46.9363222,7.4681231,9455383242,,,,,0.0,0.0
121,157,10,13,0,stay,1,12.67573323818575,1.869754650425682,1,0.2751881590837568,79.16707652052888,2.164803045475374,0,12.67573323818575,46.9363222,7.4681231,9455383242,,,,,0.0,0.0
122,158,10,14,1,random_activity,1,12.821558274340926,0.5753120367019315,1,0.2391987906463363,77.7075801425388,1.798129056642026,0,12.821558274340926,46.9363222,7.4681231,9455383242,gym,Gym 1,9455383242.0,bike,0.0,0.0
123,159,10,15,1,random_activity,1,14.210324193096055,0.0,0,0.6838290360117821,72.7401015020267,0.5958551060495059,0,14.210324193096055,46.878604,7.4926271,13193385739,pool,Pool 1,13193385739.0,drive,11843.45562545482,23.686911250909642
124,163,10,19,1,random_activity,4,11.698017078627503,0.0,0,0.0,80.7949705084067,6.932071086101043,0,11.698017078627503,46.9027976,7.342526,3361001766,park,Park 1,3361001766.0,walk,15087.363220614176,188.59204025767718
125,164,10,20,0,stay,1,10.518505504443965,0.0,0,0.0,85.93490167019038,1.7672973683668372,0,10.518505504443965,46.9027976,7.342526,3361001766,,,,,0.0,0.0
126,165,10,21,0,stay,1,9.634398605973754,0.0,0,0.0,78.58007878869019,2.17282113718822,0,8.62816979188844,46.9027976,7.342526,3361001766,,,,,0.0,0.0
127,166,10,22,1,random_activity,1,8.05409166800013,0.0,0,0.0,81.93217063567644,0.0,0,8.05409166800013,46.9363222,7.4681231,9455383242,gym,Gym 1,9455383242.0,bike,12575.320799828736,50.301283199314945
128,167,10,23,1,random_activity,1,8.532957208296178,0.0,0,0.0,83.08899519895125,1.0042708648568175,0,8.532957208296178,46.9363222,7.4681231,9455383242,gym,Gym 1,9455383242.0,drive,0.0,0.0
129,168,10,0,1,random_activity,1,7.396309572690902,0.0,0,0.0,91.02202772430792,1.6831502044511943,0,6.474133446732411,46.9027976,7.342526,3361001766,park,Park 1,3361001766.0,drive,13384.255902818171,26.768511805636344
130,169,10,1,1,random_activity,1,8.511572559626421,0.0,0,0.0,94.37251516162681,1.0157000327573922,0,8.511572559626421,46.9363222,7.4681231,9455383242,gym,Gym 1,9455383242.0,drive,13100.897090182036,26.20179418036407
131,170,10,2,1,random_activity,1,5.726014715018217,0.0,0,0.0,91.63911205100499,1.5982603665329145,0,4.6533048092604625,46.9363222,7.4681231,9455383242,gym,Gym 1,9455383242.0,walk,0.0,0.0
132,171,10,3,1,random_activity,1,6.340937935029919,0.0,0,0.0,97.77030598295177,1.4058967335186998,0,5.5956163336757605,46.9363222,7.4681231,9455383242,gym,Gym 1,9455383242.0,drive,0.0,0.0
133,172,10,4,0,stay,1,8.977673969952345,0.0,0,0.0,91.73524073391046,1.061962282419548,0,8.977673969952345,46.9363222,7.4681231,9455383242,,,,,0.0,0.0
134,173,10,5,0,stay,1,8.840049878365544,0.0,0,0.0,90.9906211807038,1.0924755002617583,0,8.840049878365544,46.9363222,7.4681231,9455383242,,,,,0.0,0.0
135,175,10,7,1,random_activity,2,9.739725292645359,0.0,0,0.0,85.8958859624501,1.9894151183417261,0,8.897725927666468,46.878604,7.4926271,13193385739,pool,Pool 1,13193385739.0,walk,8962.966612622162,112.03708265777702
136,176,10,8,0,stay,1,8.847060482908692,0.0,0,0.050029240433114394,85.54787039834369,2.152705857508236,0,7.721600177008219,46.878604,7.4926271,13193385739,,,,,0.0,0.0
137,177,10,9,0,stay,1,9.910372345714219,0.0,0,0.16562401939775592,71.4505213358918,0.9722178038276968,0,9.910372345714219,46.878604,7.4926271,13193385739,,,,,0.0,0.0
138,178,10,10,0,stay,1,11.680342826337341,0.0,0,0.26281726379415277,84.57174205969153,2.5198786132741176,0,11.680342826337341,46.878604,7.4926271,13193385739,,,,,0.0,0.0
139,179,10,11,1,random_activity,1,10.44957327062623,0.0,0,0.3507171143283045,82.99908117051633,1.9526912397602785,0,10.44957327062623,46.9363222,7.4681231,9455383242,gym,Gym 1,9455383242.0,drive,11635.896545603482,23.271793091206963
140,180,10,12,0,stay,1,12.220699574737356,0.0,0,0.4055025763749867,73.76938018067553,1.3243479754625347,0,12.220699574737356,46.9363222,7.4681231,9455383242,,,,,0.0,0.0
141,183,10,15,1,random_activity,3,13.02126528778016,0.0,0,0.28254189730243223,74.4505341111019,0.834345141316868,0,13.02126528778016,46.9027976,7.342526,3361001766,park,Park 1,3361001766.0,walk,12575.320799828734,157.19150999785919
142,184,10,16,0,stay,1,13.895342652796815,0.0,0,0.1913628680487077,75.46057475898179,0.9473633215999216,0,13.895342652796815,46.9027976,7.342526,3361001766,,,,,0.0,0.0
143,185,10,17,1,random_activity,1,13.901142943454719,0.0,0,0.08397586896130965,78.4027489114401,1.0572605007272786,0,13.901142943454719,46.9363222,7.4681231,9455383242,gym,Gym 1,9455383242.0,drive,13100.897090182036,26.20179418036407
144,186,10,18,1,random_activity,1,14.630122704974866,0.0,0,0.025846933724970423,70.80652716561073,2.665765751778305,0,14.630122704974866,46.878604,7.4926271,13193385739,pool,Pool 1,13193385739.0,drive,11843.45562545482,23.686911250909642
145,187,10,19,1,random_activity,1,14.90216161390775,0.0,0,0.0,80.66437537993617,3.010807659229494,0,14.90216161390775,46.9363222,7.4681231,9455383242,gym,Gym 1,9455383242.0,drive,11635.896545603482,23.271793091206963
146,188,10,20,1,random_activity,1,14.05154844405725,0.0,0,0.0,80.03091687046067,0.8776220536841214,0,14.05154844405725,46.9027976,7.342526,3361001766,park,Park 1,3361001766.0,bike,12575.320799828734,50.30128319931494
147,189,10,21,0,stay,1,12.017096769899355,0.0,0,0.0,85.53611812946815,2.2765956393201687,0,12.017096769899355,46.9027976,7.342526,3361001766,,,,,0.0,0.0
148,190,10,22,1,random_activity,1,9.271969519047662,0.0,0,0.0,83.42013212000168,1.300395092521945,0,9.271969519047662,46.9363222,7.4681231,9455383242,gym,Gym 1,9455383242.0,drive,13100.897090182036,26.20179418036407
149,191,10,23,0,stay,1,6.643062192784871,0.0,0,0.0,96.3410960055138,1.7876075577446002,0,5.495133830695309,46.9363222,7.4681231,9455383242,,,,,0.0,0.0
150,192,10,0,1,random_activity,1,5.941162424018852,0.0,0,0.0,94.01916039456643,1.187407296860092,0,5.941162424018852,46.9363222,7.4681231,9455383242,gym,Gym 1,9455383242.0,drive,0.0,0.0
151,193,10,1,0,stay,1,5.448235273984629,0.0,0,0.0,93.32815102613799,1.2829867502248096,0,5.448235273984629,46.9363222,7.4681231,9455383242,,,,,0.0,0.0
152,194,10,2,0,stay,1,5.88836510820392,0.0,0,0.0,97.8912690516677,1.4970899985241457,0,4.963650592030287,46.9363222,7.4681231,9455383242,,,,,0.0,0.0
153,195,10,3,1,random_activity,1,6.134392748509036,0.0,0,0.0,88.61762846072628,2.0496473875944674,0,4.641320606116849,46.9363222,7.4681231,9455383242,gym,Gym 1,9455383242.0,bike,0.0,0.0
154,196,10,4,1,random_activity,1,7.0699561627388245,0.0,0,0.0,90.00373946219705,1.5873322601724231,0,6.2054338230958965,46.9363222,7.4681231,9455383242,gym,Gym 1,9455383242.0,drive,0.0,0.0
155,198,10,6,1,random_activity,2,7.939559319210481,0.0,0,0.0,88.02635797641301,1.4236484552578847,0,7.38867141632552,46.878604,7.4926271,13193385739,pool,Pool 1,13193385739.0,walk,8962.966612622162,112.03708265777702
156,199,10,7,1,random_activity,1,9.310161981163134,0.0,0,0.0,84.81629752245068,2.3989629246742514,0,8.077852181293608,46.878604,7.4926271,13193385739,pool,Pool 1,13193385739.0,walk,0.0,0.0
157,200,10,8,1,random_activity,1,9.92698903035609,0.0,0,0.09269570856869784,91.1485101788955,1.9588181505394466,0,9.14098117641993,46.878604,7.4926271,13193385739,pool,Pool 1,13193385739.0,bike,0.0,0.0
158,204,10,12,1,random_activity,4,15.283336958104462,0.0,0,0.6116517546616738,76.3742016198742,0.9346702641964999,0,15.283336958104462,46.9027976,7.342526,3361001766,park,Park 1,3361001766.0,walk,15087.363220614176,188.59204025767718
159,205,10,13,0,stay,1,15.526692668181303,0.0,0,0.6579933469815323,78.16010573538173,2.0752079889058646,0,15.526692668181303,46.9027976,7.342526,3361001766,,,,,0.0,0.0
160,206,10,14,1,random_activity,1,15.292982165244352,0.0,0,0.6145502875273021,72.10741839433494,2.032419363012419,0,15.292982165244352,46.878604,7.4926271,13193385739,pool,Pool 1,13193385739.0,drive,16642.985193898883,33.28597038779777
161,207,10,15,1,random_activity,1,13.893153631294947,0.0,0,0.48157920067505383,71.65406404373334,1.4254955528658564,0,13.893153631294947,46.878604,7.4926271,13193385739,pool,Pool 1,13193385739.0,bike,0.0,0.0
162,208,10,16,1,random_activity,1,13.60951777232366,0.0,0,0.44738540561041346,66.1800981332431,0.7652743201594664,0,13.60951777232366,46.9363222,7.4681231,9455383242,gym,Gym 1,9455383242.0,bike,8962.96661262216,35.85186645048864
163,209,10,17,1,random_activity,1,13.402871410805883,0.0,0,0.23575763671848396,73.42511862748884,1.250493261544768,0,13.402871410805883,46.9363222,7.4681231,9455383242,gym,Gym 1,9455383242.0,walk,0.0,0.0
164,210,10,18,0,stay,1,12.698126863052098,0.0,0,0.0,80.64033322363684,1.6643965633410456,0,12.698126863052098,46.9363222,7.4681231,9455383242,,,,,0.0,0.0
165,211,10,19,0,stay,1,11.994048179228667,0.0,0,0.0,88.85506261539675,2.057787482201738,0,11.994048179228667,46.9363222,7.4681231,9455383242,,,,,0.0,0.0
166,212,10,20,1,random_activity,1,9.938130342900521,0.0,0,0.0,88.22349471345032,2.6408272697175867,0,8.657019867021923,46.9027976,7.342526,3361001766,park,Park 1,3361001766.0,drive,13384.255902818171,26.768511805636344
167,213,10,21,1,random_activity,1,10.52390388080128,0.0,0,0.0,79.47122605770929,1.968866036012426,0,10.52390388080128,46.9027976,7.342526,3361001766,park,Park 1,3361001766.0,bike,0.0,0.0
168,216,10,0,1,random_activity,3,7.308514570021187,0.0,0,0.0,94.47736593568008,2.3905211305938625,0,5.720945243790641,46.9363222,7.4681231,9455383242,gym,Gym 1,9455383242.0,walk,12575.320799828736,157.1915099978592
169,217,10,1,0,stay,1,5.956031856559013,0.0,0,0.0,85.99111001039667,2.4338486239206505,0,4.087727195112514,46.9363222,7.4681231,9455383242,,,,,0.0,0.0
170,220,10,4,1,random_activity,3,4.817945359484115,0.0,0,0.0,93.09835491831521,2.0176893685400343,0,3.1377870514888744,46.9027976,7.342526,3361001766,park,Park 1,3361001766.0,walk,12575.320799828734,157.19150999785919
171,221,10,5,1,random_activity,1,3.17849789250202,0.0,0,0.0,100.0,0.7241848368507124,0,3.17849789250202,46.878604,7.4926271,13193385739,pool,Pool 1,13193385739.0,drive,16642.985193898883,33.28597038779777
172,222,10,6,1,random_activity,1,5.973984176836774,0.0,0,0.0,88.63647967883483,1.3029562029190798,0,5.973984176836774,46.9363222,7.4681231,9455383242,gym,Gym 1,9455383242.0,bike,8962.96661262216,35.85186645048864
173,223,10,7,1,random_activity,1,6.049826125678708,0.0,0,0.0,93.84179748575204,2.291538528441524,0,4.320331261423698,46.9363222,7.4681231,9455383242,gym,Gym 1,9455383242.0,bike,0.0,0.0
174,224,10,8,0,stay,1,6.981525850291256,0.0,0,0.14514187880587895,88.81784592934902,1.4107265541585297,0,6.316577311364798,46.9363222,7.4681231,9455383242,,,,,0.0,0.0
175,226,10,10,1,random_activity,2,11.397141645604743,0.0,0,0.5928362312503777,86.97564975050547,0.5294488107239297,0,11.397141645604743,46.878604,7.4926271,13193385739,pool,Pool 1,13193385739.0,walk,8962.966612622162,112.03708265777702
176,227,10,11,1,random_activity,1,12.802208713785284,0.0,0,0.6750065974852973,75.35064338158324,1.8160906289554086,0,12.802208713785284,46.878604,7.4926271,13193385739,pool,Pool 1,13193385739.0,drive,0.0,0.0
177,228,10,12,0,stay,1,14.249298453933317,0.0,0,0.7768695185962005,67.14317040933936,1.2518838719196383,0,14.249298453933317,46.878604,7.4926271,13193385739,,,,,0.0,0.0
178,230,10,14,1,random_activity,2,14.63437094684254,0.0,0,0.7467890210955649,74.46183598749352,1.9464357650200292,0,14.63437094684254,46.9027976,7.342526,3361001766,park,Park 1,3361001766.0,bike,15087.363220614176,60.3494528824567
179,232,10,16,1,random_activity,2,14.321898301636743,0.0,0,0.45346322869552835,73.59493780628105,0.4575509639395319,0,14.321898301636743,46.878604,7.4926271,13193385739,pool,Pool 1,13193385739.0,bike,15087.363220614172,60.34945288245669
180,233,10,17,1,random_activity,1,13.835013058065877,0.0,0,0.2255631722172758,77.62286179380186,1.168460382418103,0,13.835013058065877,46.878604,7.4926271,13193385739,pool,Pool 1,13193385739.0,walk,0.0,0.0
181,234,10,18,1,random_activity,1,12.167816277549457,0.0,0,0.06558288293732037,71.8664616111085,2.5139501281784438,0,12.167816277549457,46.878604,7.4926271,13193385739,pool,Pool 1,13193385739.0,walk,0.0,0.0
182,236,10,20,1,random_activity,2,11.44234221688777,0.0,0,0.0,79.7396217071847,0.6591134739316165,0,11.44234221688777,46.9363222,7.4681231,9455383242,gym,Gym 1,9455383242.0,walk,8962.96661262216,112.037082657777
183,237,10,21,1,random_activity,1,9.196518783908049,0.0,0,0.0,81.16674683514891,1.460778652982473,0,8.775251102348328,46.878604,7.4926271,13193385739,pool,Pool 1,13193385739.0,bike,8962.966612622162,35.85186645048865
184,238,10,22,1,random_activity,1,8.673736489184869,0.0,0,0.0,90.04746229776704,2.4014532273523734,0,7.324470435778881,46.9363222,7.4681231,9455383242,gym,Gym 1,9455383242.0,drive,11635.896545603482,23.271793091206963
185,239,10,23,0,stay,1,7.299148347270762,0.0,0,0.0,100.0,2.6524755538207145,0,5.509357799436307,46.9363222,7.4681231,9455383242,,,,,0.0,0.0
186,240,10,0,0,stay,1,6.758812059669379,0.0,0,0.0,93.08431364128795,1.1385134119234415,0,6.758812059669379,46.9363222,7.4681231,9455383242,,,,,0.0,0.0
187,241,10,1,1,random_activity,1,5.835139831519903,0.0,0,0.0,95.38811982397017,1.2281359246859769,0,5.835139831519903,46.9363222,7.4681231,9455383242,gym,Gym 1,9455383242.0,walk,0.0,0.0
188,243,10,3,1,random_activity,2,4.636120610839394,0.0,0,0.0,94.79110537535071,2.419073567060475,0,2.540528302821193,46.878604,7.4926271,13193385739,pool,Pool 1,13193385739.0,walk,8962.966612622162,112.03708265777702
189,247,10,7,1,random_activity,4,6.702464475331776,0.0,0,0.0,94.93806487513628,1.996482409041625,0,5.354531193312305,46.9027976,7.342526,3361001766,park,Park 1,3361001766.0,walk,15087.363220614176,188.59204025767718
190,248,10,8,0,stay,1,8.56491779912725,0.0,0,0.17011571933400582,83.13984913378502,1.5100705909093923,0,8.001046559607298,46.9027976,7.342526,3361001766,,,,,0.0,0.0
191,249,10,9,1,random_activity,1,8.567677506777683,0.0,0,0.47491510327471337,87.35507098125358,1.8607222658080729,0,7.649262396385434,46.9027976,7.342526,3361001766,park,Park 1,3361001766.0,bike,0.0,0.0
192,250,10,10,1,random_activity,1,9.217480935620703,0.0,0,0.7384962704295363,79.28434135896894,1.3750730217285072,0,8.895924907123261,46.9027976,7.342526,3361001766,park,Park 1,3361001766.0,bike,0.0,0.0
193,251,10,11,0,stay,1,10.507753232422566,0.0,0,0.8378756090349632,75.53903659436163,0.9678055334492452,0,10.507753232422566,46.9027976,7.342526,3361001766,,,,,0.0,0.0
194,252,10,12,1,random_activity,1,10.479025509513834,0.0,0,0.9040554701067645,80.2819639406453,0.9242651438881613,0,10.479025509513834,46.9363222,7.4681231,9455383242,gym,Gym 1,9455383242.0,bike,12575.320799828736,50.301283199314945
195,254,10,14,1,random_activity,2,13.503339678827905,0.0,0,0.9664117807820074,73.75779657818912,3.322149533646527,0,13.503339678827905,46.878604,7.4926271,13193385739,pool,Pool 1,13193385739.0,walk,8962.966612622162,112.03708265777702
196,255,10,15,1,random_activity,1,13.884447002462327,0.0,0,0.7323785614167402,71.05114502090801,2.863658860705716,0,13.884447002462327,46.9027976,7.342526,3361001766,park,Park 1,3361001766.0,drive,16686.416243763804,33.37283248752761
197,256,10,16,1,random_activity,1,13.31753146310168,0.0,0,0.5286972577795886,79.77068373015109,0.4764904932078353,0,13.31753146310168,46.9027976,7.342526,3361001766,park,Park 1,3361001766.0,bike,0.0,0.0
198,257,10,17,1,random_activity,1,13.1118181018452,0.0,0,0.2554985605534775,77.27521606947518,2.4897959509590484,0,13.1118181018452,46.878604,7.4926271,13193385739,pool,Pool 1,13193385739.0,drive,16642.985193898883,33.28597038779777
199,259,10,19,1,random_activity,2,10.242799436995359,0.0,0,0.0,78.99434681669743,1.6816594976812316,0,10.242799436995359,46.9363222,7.4681231,9455383242,gym,Gym 1,9455383242.0,walk,8962.96661262216,112.037082657777
200,260,10,20,0,stay,1,9.716574542201267,0.0,0,0.0,78.9368782311517,2.3226294277660195,0,8.612506214775498,46.9363222,7.4681231,9455383242,,,,,0.0,0.0
201,261,10,21,0,stay,1,7.567074350953769,0.0,0,0.0,87.98869874807738,2.3292420720323914,0,6.075125247087618,46.9363222,7.4681231,9455383242,,,,,0.0,0.0
202,262,10,22,1,random_activity,1,7.658751183805765,0.0,0,0.0,88.17113237779898,1.0603366907186516,0,7.658751183805765,46.9363222,7.4681231,9455383242,gym,Gym 1,9455383242.0,drive,0.0,0.0
203,263,10,23,1,random_activity,1,7.676000907687485,0.0,0,0.0,88.9349845952563,2.5041834166318853,0,6.0671779925773945,46.878604,7.4926271,13193385739,pool,Pool 1,13193385739.0,bike,8962.966612622162,35.85186645048865
204,264,10,0,0,stay,1,6.443629689964947,0.0,0,0.0,93.6525999661644,2.5140721995420123,0,4.599280212958764,46.878604,7.4926271,13193385739,,,,,0.0,0.0
205,266,10,2,1,random_activity,2,3.670462057706091,0.0,0,0.0,91.08161721445948,1.847506486640794,0,1.9908120104462372,46.9027976,7.342526,3361001766,park,Park 1,3361001766.0,bike,15087.363220614176,60.3494528824567
206,267,10,3,0,stay,1,4.034592349444992,0.0,0,0.0,91.62484069531396,2.5257179619455687,0,1.7341485025212302,46.9027976,7.342526,3361001766,,,,,0.0,0.0
207,268,10,4,0,stay,1,3.1438636908608895,0.3151893117793277,1,0.0,100.0,1.98148545856753,0,1.22671466018399,46.9027976,7.342526,3361001766,,,,,0.0,0.0
208,269,10,5,0,stay,1,3.165562838637337,2.1045241051862575,1,0.0,100.0,2.7919273434484206,0,0.4713551606923063,46.9027976,7.342526,3361001766,,,,,0.0,0.0
209,270,10,6,1,random_activity,1,4.256582105547969,0.0,0,0.0,88.82574421733591,3.526864423844784,0,1.2414318072950121,46.9363222,7.4681231,9455383242,gym,Gym 1,9455383242.0,bike,12575.320799828736,50.301283199314945
210,271,10,7,1,random_activity,1,4.633430707149523,0.0,0,0.0,93.03495754398638,2.043040953158782,0,2.896556815625936,46.878604,7.4926271,13193385739,pool,Pool 1,13193385739.0,bike,8962.966612622162,35.85186645048865
211,275,10,11,1,random_activity,4,9.201759701533039,0.0,0,0.5184846289105489,84.37163607665079,0.6886816271032189,0,9.201759701533039,46.9027976,7.342526,3361001766,park,Park 1,3361001766.0,walk,15087.363220614176,188.59204025767718
212,276,10,12,0,stay,1,11.877687487419816,0.0,0,0.5568897232795765,77.3562536945544,1.2568116712587205,0,11.877687487419816,46.9027976,7.342526,3361001766,,,,,0.0,0.0
213,279,10,15,1,random_activity,3,13.379365055524977,0.0,0,0.4303257373555478,72.11235805011142,1.4494025554560444,0,13.379365055524977,46.9363222,7.4681231,9455383242,gym,Gym 1,9455383242.0,walk,12575.320799828736,157.1915099978592
214,280,10,16,1,random_activity,1,12.650504765387064,0.0,0,0.39706256131254103,77.21652430142186,2.9995580095217917,0,12.650504765387064,46.9027976,7.342526,3361001766,park,Park 1,3361001766.0,bike,12575.320799828734,50.30128319931494
215,281,10,17,1,random_activity,1,12.762540120181743,0.0,0,0.20457328441876263,77.51776596647099,1.5149890447288819,0,12.762540120181743,46.9027976,7.342526,3361001766,park,Park 1,3361001766.0,walk,0.0,0.0
216,282,10,18,1,random_activity,1,12.296996182568755,0.0,0,0.07265893915433376,78.85835136869116,2.196405383938176,0,12.296996182568755,46.9027976,7.342526,3361001766,park,Park 1,3361001766.0,walk,0.0,0.0
217,283,10,19,0,stay,1,12.18167009445365,0.0,0,0.0,81.37144112041574,1.1721142792254555,0,12.18167009445365,46.9027976,7.342526,3361001766,,,,,0.0,0.0
218,284,10,20,0,stay,1,11.714091399510338,0.0,0,0.0,79.13438094786184,1.683761386148735,0,11.714091399510338,46.9027976,7.342526,3361001766,,,,,0.0,0.0
219,285,10,21,0,stay,1,10.534691307511132,0.0,0,0.0,88.87931173230238,1.7239554936876262,0,10.534691307511132,46.9027976,7.342526,3361001766,,,,,0.0,0.0
220,286,10,22,1,random_activity,1,10.327473869305235,0.0,0,0.0,82.98883336121041,1.223374958792422,0,10.327473869305235,46.9363222,7.4681231,9455383242,gym,Gym 1,9455383242.0,bike,12575.320799828736,50.301283199314945
221,287,10,23,0,stay,1,7.261974335010736,0.0,0,0.0,90.38626569384243,0.8397983724156105,0,7.261974335010736,46.9363222,7.4681231,9455383242,,,,,0.0,0.0
222,288,10,0,1,random_activity,1,7.552284785116413,0.0,0,0.0,89.57075502051622,1.8192686547825523,0,6.513692423512351,46.878604,7.4926271,13193385739,pool,Pool 1,13193385739.0,bike,8962.966612622162,35.85186645048865
223,289,10,1,1,random_activity,1,5.477000987526396,0.0,0,0.0,92.08495746391057,1.586684320068206,0,4.382157458396851,46.878604,7.4926271,13193385739,pool,Pool 1,13193385739.0,drive,0.0,0.0
224,290,10,2,0,stay,1,4.494633893469232,0.0,0,0.0,86.28909041737498,0.9684312969437775,0,4.494633893469232,46.878604,7.4926271,13193385739,,,,,0.0,0.0
225,291,10,3,0,stay,1,3.094058898310279,0.0,0,0.0,89.76279316038914,1.2853472025251622,0,3.094058898310279,46.878604,7.4926271,13193385739,,,,,0.0,0.0
226,292,10,4,0,stay,1,2.89059773223234,0.0,0,0.0,92.39877551653376,1.8348955600895078,0,1.1029167915926763,46.878604,7.4926271,13193385739,,,,,0.0,0.0
227,293,10,5,1,random_activity,1,3.5228513753581847,0.0,0,0.0,83.3814708253929,1.2273881252841776,0,3.5228513753581847,46.878604,7.4926271,13193385739,pool,Pool 1,13193385739.0,bike,0.0,0.0
228,295,10,7,1,random_activity,2,5.468570880017841,0.0,0,0.0,88.05677991906835,1.1087610583238685,0,5.468570880017841,46.9363222,7.4681231,9455383242,gym,Gym 1,9455383242.0,walk,8962.96661262216,112.037082657777
229,296,10,8,0,stay,1,8.189471931115836,0.0,0,0.10982461604037937,90.5667246318405,1.8771071423893793,0,7.195636810551757,46.9363222,7.4681231,9455383242,,,,,0.0,0.0
230,297,10,9,1,random_activity,1,7.615334331541137,0.0,0,0.26409416573998945,81.99875733149692,2.0546146415483606,0,6.365044400560041,46.878604,7.4926271,13193385739,pool,Pool 1,13193385739.0,drive,11843.45562545482,23.686911250909642
231,298,10,10,1,random_activity,1,8.403794875321958,0.0,0,0.32823680879512174,81.32034094358265,1.8139657784655436,0,7.5036466491774645,46.9363222,7.4681231,9455383242,gym,Gym 1,9455383242.0,bike,8962.96661262216,35.85186645048864
232,299,10,11,1,random_activity,1,10.522293581001593,0.0,0,0.460138271314848,79.04792129926983,0.2829338078848289,0,10.522293581001593,46.878604,7.4926271,13193385739,pool,Pool 1,13193385739.0,drive,11843.45562545482,23.686911250909642
233,300,10,12,0,stay,1,10.425521776233644,0.0,0,0.5018740454777736,79.65230333176419,1.2033728752542117,0,10.425521776233644,46.878604,7.4926271,13193385739,,,,,0.0,0.0
234,301,10,13,0,stay,1,11.100940040908982,0.0,0,0.525897827808526,71.16829205966631,2.253088843720221,0,11.100940040908982,46.878604,7.4926271,13193385739,,,,,0.0,0.0
235,302,10,14,0,stay,1,12.476497897145006,0.0,0,0.441588848932046,74.88910025999918,1.6184992994703529,0,12.476497897145006,46.878604,7.4926271,13193385739,,,,,0.0,0.0
236,303,10,15,0,stay,1,12.259279715878534,0.0,0,0.41678974858607376,68.98585889558508,0.9104669216484194,0,12.259279715878534,46.878604,7.4926271,13193385739,,,,,0.0,0.0
237,304,10,16,1,random_activity,1,12.206838011278743,0.0,0,0.2796153309027554,63.15720942299104,1.9129659179860052,0,12.206838011278743,46.878604,7.4926271,13193385739,pool,Pool 1,13193385739.0,drive,0.0,0.0
238,305,10,17,1,random_activity,1,12.672964757547959,0.0,0,0.1834502120975226,69.07717353783096,0.7523207222765006,0,12.672964757547959,46.9363222,7.4681231,9455383242,gym,Gym 1,9455383242.0,bike,8962.96661262216,35.85186645048864
239,306,10,18,1,random_activity,1,11.427858612225046,0.0,0,0.04320542139517615,75.76421274178156,1.6797792430597536,0,11.427858612225046,46.878604,7.4926271,13193385739,pool,Pool 1,13193385739.0,drive,11843.45562545482,23.686911250909642
240,310,10,22,1,random_activity,4,8.618418193981963,0.0,0,0.0,82.14716987575356,1.3908366596535462,0,8.198328822354991,46.9027976,7.342526,3361001766,park,Park 1,3361001766.0,walk,15087.363220614176,188.59204025767718
241,313,10,1,1,random_activity,3,5.949982403624571,0.0,0,0.0,93.61709361606628,1.6547949034098155,0,4.843443945882839,46.9363222,7.4681231,9455383242,gym,Gym 1,9455383242.0,walk,12575.320799828736,157.1915099978592
242,314,10,2,1,random_activity,1,4.789511335318894,0.0,0,0.0,98.75672564966096,1.4805795658508882,0,3.732701163133759,46.9363222,7.4681231,9455383242,gym,Gym 1,9455383242.0,bike,0.0,0.0
243,315,10,3,0,stay,1,5.6305793525543075,0.0,0,0.0,98.7192986383411,2.25590403496444,0,3.8590309704062125,46.9363222,7.4681231,9455383242,,,,,0.0,0.0
244,316,10,4,1,random_activity,1,5.719251036025699,0.0,0,0.0,92.8155559158081,3.769642205979256,0,2.8743799342778846,46.878604,7.4926271,13193385739,pool,Pool 1,13193385739.0,bike,8962.966612622162,35.85186645048865
245,318,10,6,1,random_activity,2,6.632278693003452,0.0,0,0.0,94.22614086868306,1.5353970622076005,0,5.765537613446854,46.9027976,7.342526,3361001766,park,Park 1,3361001766.0,bike,15087.363220614176,60.3494528824567
246,319,10,7,0,stay,1,8.146334694921718,0.0,0,0.0,86.8682569465117,2.424268672060885,0,6.684244716941174,46.9027976,7.342526,3361001766,,,,,0.0,0.0
247,320,10,8,1,random_activity,1,9.805778973811742,0.0,0,0.1861018383041234,87.44424136986677,2.635482526630316,0,8.503060805587847,46.9363222,7.4681231,9455383242,gym,Gym 1,9455383242.0,bike,12575.320799828736,50.301283199314945
248,321,10,9,1,random_activity,1,12.094742143437694,0.0,0,0.28269346635205755,86.80111263166843,0.6174883028017275,0,12.094742143437694,46.878604,7.4926271,13193385739,pool,Pool 1,13193385739.0,drive,11843.45562545482,23.686911250909642
249,325,10,13,1,random_activity,4,13.417314766245173,0.0,0,0.4904573017747193,85.75529434742984,1.108026330280759,0,13.417314766245173,46.9027976,7.342526,3361001766,park,Park 1,3361001766.0,walk,15087.363220614176,188.59204025767718
250,326,10,14,1,random_activity,1,13.395696016820155,0.0,0,0.5235177556050029,80.01193020568995,3.359055799989917,0,13.395696016820155,46.9027976,7.342526,3361001766,park,Park 1,3361001766.0,bike,0.0,0.0
251,327,10,15,0,stay,1,14.677222720155969,0.0,0,0.45917415466525774,76.36260197567321,1.5027281243288724,0,14.677222720155969,46.9027976,7.342526,3361001766,,,,,0.0,0.0
252,328,10,16,1,random_activity,1,14.525093554622547,0.0,0,0.26401109657427557,75.56465742768188,2.2971696565440305,0,14.525093554622547,46.878604,7.4926271,13193385739,pool,Pool 1,13193385739.0,drive,16642.985193898883,33.28597038779777
253,329,10,17,1,random_activity,1,12.623311347680662,0.0,0,0.15351566878730688,68.70912480099388,0.0,0,12.623311347680662,46.878604,7.4926271,13193385739,pool,Pool 1,13193385739.0,drive,0.0,0.0
254,330,10,18,0,stay,1,11.901078225691304,0.0,0,0.0,84.79987064368788,2.925669496438731,0,11.901078225691304,46.878604,7.4926271,13193385739,,,,,0.0,0.0
255,334,10,22,1,random_activity,4,8.920614299599112,0.0,0,0.0,90.84918676432743,0.8475210775464275,0,8.920614299599112,46.9027976,7.342526,3361001766,park,Park 1,3361001766.0,walk,15087.363220614176,188.59204025767718
256,335,10,23,1,random_activity,1,8.499930780361062,0.0,0,0.0,89.99201132199926,1.2586485332637714,0,8.499930780361062,46.9027976,7.342526,3361001766,park,Park 1,3361001766.0,drive,0.0,0.0
257,336,10,0,1,random_activity,1,9.494251864911103,0.0,0,0.0,87.20914259337663,3.0430485071631868,0,7.8789904842825695,46.9027976,7.342526,3361001766,park,Park 1,3361001766.0,walk,0.0,0.0
258,340,10,4,1,random_activity,4,7.962168138638958,0.0,0,0.0,93.0987554218791,1.7246276430754057,0,7.082146519167946,46.878604,7.4926271,13193385739,pool,Pool 1,13193385739.0,walk,15087.363220614172,188.59204025767716
259,341,10,5,0,stay,1,7.744122653046874,0.0,0,0.0,97.41492984363836,1.29707466581654,0,7.744122653046874,46.878604,7.4926271,13193385739,,,,,0.0,0.0
260,342,10,6,0,stay,1,5.647447482449316,0.0,0,0.0,84.62505098718626,3.5261007836265867,0,2.9337915092366313,46.878604,7.4926271,13193385739,,,,,0.0,0.0
261,344,10,8,1,random_activity,2,7.68052284414006,0.0,0,0.09872698577296203,93.79529938061285,0.0,0,7.68052284414006,46.9363222,7.4681231,9455383242,gym,Gym 1,9455383242.0,walk,8962.96661262216,112.037082657777
262,347,10,11,1,random_activity,3,9.6825794172767,0.0,0,0.44853520482914866,78.28342604415705,1.4115874882703872,0,9.382122759687313,46.9027976,7.342526,3361001766,park,Park 1,3361001766.0,walk,12575.320799828734,157.19150999785919
263,348,10,12,1,random_activity,1,13.619512460271189,0.0,0,0.5334004172921664,69.53094679764575,2.0451576667467806,0,13.619512460271189,46.9363222,7.4681231,9455383242,gym,Gym 1,9455383242.0,bike,12575.320799828736,50.301283199314945
264,349,10,13,1,random_activity,1,14.747845612673927,0.0,0,0.5596314548119193,72.08126728135457,2.8182256134969554,0,14.747845612673927,46.9363222,7.4681231,9455383242,gym,Gym 1,9455383242.0,walk,0.0,0.0
265,350,10,14,0,stay,1,15.192775159645315,0.0,0,0.47338670246095355,73.70331321608862,2.5083086256226235,0,15.192775159645315,46.9363222,7.4681231,9455383242,,,,,0.0,0.0
266,351,10,15,0,stay,1,13.843579389702752,0.0,0,0.41695799978067033,68.41113121632397,2.302062900402449,0,13.843579389702752,46.9363222,7.4681231,9455383242,,,,,0.0,0.0
267,353,10,17,1,random_activity,2,12.041760404823187,0.0,0,0.24523686428179814,67.73584672582696,1.701863877876527,0,12.041760404823187,46.878604,7.4926271,13193385739,pool,Pool 1,13193385739.0,walk,8962.966612622162,112.03708265777702
268,354,10,18,0,stay,1,11.841577532168493,0.0,0,0.036238431285340246,79.49521325891764,1.4772545001972832,0,11.841577532168493,46.878604,7.4926271,13193385739,,,,,0.0,0.0
269,355,10,19,1,random_activity,1,10.792605784717038,0.0,0,0.0,79.31137177616918,1.7425990181744857,0,10.792605784717038,46.9363222,7.4681231,9455383242,gym,Gym 1,9455383242.0,bike,8962.96661262216,35.85186645048864
270,356,10,20,1,random_activity,1,10.914036552904646,0.0,0,0.0,80.56087116336843,3.248871910094089,0,10.914036552904646,46.9363222,7.4681231,9455383242,gym,Gym 1,9455383242.0,walk,0.0,0.0
271,358,10,22,1,random_activity,2,8.880624027756275,0.0,0,0.0,83.4086993843851,1.5343805102342325,0,8.334929068398738,46.878604,7.4926271,13193385739,pool,Pool 1,13193385739.0,walk,8962.966612622162,112.03708265777702
272,359,10,23,1,random_activity,1,6.795883473782248,0.0,0,0.0,94.11807022198224,1.2388332258538683,0,6.795883473782248,46.9363222,7.4681231,9455383242,gym,Gym 1,9455383242.0,bike,8962.96661262216,35.85186645048864
273,360,10,0,0,stay,1,4.949455129997803,0.0,0,0.0,89.29150058085702,0.6285204750848372,0,4.949455129997803,46.9363222,7.4681231,9455383242,,,,,0.0,0.0
274,361,10,1,0,stay,1,5.71480241072344,0.0,0,0.0,93.10297614144751,0.47732064734221114,0,5.71480241072344,46.9363222,7.4681231,9455383242,,,,,0.0,0.0
275,362,10,2,1,random_activity,1,3.498276814996493,0.0,0,0.0,97.90280826616271,1.2392351849653958,0,3.498276814996493,46.878604,7.4926271,13193385739,pool,Pool 1,13193385739.0,bike,8962.966612622162,35.85186645048865
276,363,10,3,1,random_activity,1,3.035815509629531,0.0,0,0.0,94.73575417218014,2.028573475279955,0,1.048568454632167,46.9363222,7.4681231,9455383242,gym,Gym 1,9455383242.0,drive,11635.896545603482,23.271793091206963
277,364,10,4,1,random_activity,1,3.6297830727729528,0.0,0,0.0,96.54075268450224,2.4491374922856335,0,1.3236852421718008,46.9027976,7.342526,3361001766,park,Park 1,3361001766.0,bike,12575.320799828734,50.30128319931494
278,365,10,5,0,stay,1,5.708193103732598,0.0,0,0.0,93.53756612638084,2.306479127299321,0,3.9050385450074523,46.9027976,7.342526,3361001766,,,,,0.0,0.0
279,367,10,7,1,random_activity,2,7.088978532224839,0.0,0,0.0,85.50151336260821,1.0834371880047624,0,7.088978532224839,46.878604,7.4926271,13193385739,pool,Pool 1,13193385739.0,bike,15087.363220614172,60.34945288245669
280,368,10,8,1,random_activity,1,7.476389484016289,0.0,0,0.12233646171218741,91.6839111323134,1.8387844487287388,0,6.406520195431591,46.878604,7.4926271,13193385739,pool,Pool 1,13193385739.0,walk,0.0,0.0
281,372,10,12,1,random_activity,4,9.262237816215313,0.0,0,0.6732916190366562,77.52661760639508,1.6882282868062348,0,8.615038094845625,46.9027976,7.342526,3361001766,park,Park 1,3361001766.0,walk,15087.363220614176,188.59204025767718
282,373,10,13,0,stay,1,10.305222090687826,0.0,0,0.7035514933408457,77.75370528217849,1.767514179347634,0,10.305222090687826,46.9027976,7.342526,3361001766,,,,,0.0,0.0
283,374,10,14,1,random_activity,1,11.70156021168422,0.0,0,0.5978106133996617,71.36435195013826,2.303194827569495,0,11.70156021168422,46.878604,7.4926271,13193385739,pool,Pool 1,13193385739.0,drive,16642.985193898883,33.28597038779777
284,375,10,15,0,stay,1,12.84211248768838,0.0,0,0.5276882131417873,76.46091302198798,1.8966925834875006,0,12.84211248768838,46.878604,7.4926271,13193385739,,,,,0.0,0.0
285,376,10,16,0,stay,1,11.432727111437226,0.0,0,0.3872111346960156,70.40998659846989,0.6603549278817374,0,11.432727111437226,46.878604,7.4926271,13193385739,,,,,0.0,0.0
286,377,10,17,0,stay,1,11.839211067848412,0.0,0,0.23812441040862567,69.45703774097574,1.0365125473989272,0,11.839211067848412,46.878604,7.4926271,13193385739,,,,,0.0,0.0
287,378,10,18,1,random_activity,1,11.288116985150584,0.0,0,0.0,77.5455084179414,2.687275151681149,0,11.288116985150584,46.878604,7.4926271,13193385739,pool,Pool 1,13193385739.0,walk,0.0,0.0
288,382,10,22,1,random_activity,4,5.686248155706643,0.0,0,0.0,89.92488574348135,0.0,0,5.686248155706643,46.9027976,7.342526,3361001766,park,Park 1,3361001766.0,walk,15087.363220614176,188.59204025767718
289,383,10,23,1,random_activity,1,1.7129504277316574,0.0,0,0.0,87.96266202792074,1.0755785419570865,0,1.7129504277316574,46.9027976,7.342526,3361001766,park,Park 1,3361001766.0,bike,0.0,0.0
290,384,10,0,1,random_activity,1,0.11620889796292211,0.0,0,0.0,93.96785507880612,2.0350221841473397,0,-2.363716341049251,46.9027976,7.342526,3361001766,park,Park 1,3361001766.0,walk,0.0,0.0
291,386,10,2,1,random_activity,2,0.9263152704806537,0.0,0,0.0,98.82642084255536,1.298351280116884,0,0.9263152704806537,46.878604,7.4926271,13193385739,pool,Pool 1,13193385739.0,bike,15087.363220614172,60.34945288245669
292,387,10,3,1,random_activity,1,1.9948201894867799,0.0,0,0.0,88.8444265560532,2.3228541986430877,0,-0.4836775722119096,46.9363222,7.4681231,9455383242,gym,Gym 1,9455383242.0,drive,11635.896545603482,23.271793091206963
293,388,10,4,1,random_activity,1,2.5768486000456754,0.0,0,0.0,98.94906056421166,4.944357383871626,0,-1.6644026632521107,46.9027976,7.342526,3361001766,park,Park 1,3361001766.0,drive,13384.255902818171,26.768511805636344
294,392,10,8,1,random_activity,4,7.470465772093366,0.0,0,0.14897480954876097,84.34181935008779,1.402994496790101,0,6.881248319806612,46.878604,7.4926271,13193385739,pool,Pool 1,13193385739.0,walk,15087.363220614172,188.59204025767716
295,393,10,9,1,random_activity,1,9.826066952562776,0.0,0,0.25442903327409105,87.37062655189591,1.9890113829592824,0,8.998589895391373,46.878604,7.4926271,13193385739,pool,Pool 1,13193385739.0,walk,0.0,0.0
296,394,10,10,1,random_activity,1,11.082904095322544,0.0,0,0.4057193290764507,86.65580861484285,1.093908127033429,0,11.082904095322544,46.9363222,7.4681231,9455383242,gym,Gym 1,9455383242.0,bike,8962.96661262216,35.85186645048864
297,395,10,11,1,random_activity,1,12.059140299272277,0.0,0,0.5443188417847798,71.31624633469784,1.223523791652214,0,12.059140299272277,46.9363222,7.4681231,9455383242,gym,Gym 1,9455383242.0,bike,0.0,0.0
298,396,10,12,0,stay,1,11.797982068505242,0.0,0,0.5673707385699611,72.41104130863214,1.5431644020642918,0,11.797982068505242,46.9363222,7.4681231,9455383242,,,,,0.0,0.0
299,397,10,13,1,random_activity,1,11.97054495415732,0.0,0,0.6127063238684188,81.19269712254604,5.741698156770504,0,11.97054495415732,46.9363222,7.4681231,9455383242,gym,Gym 1,9455383242.0,drive,0.0,0.0
300,398,10,14,1,random_activity,1,12.77200488533888,0.0,0,0.5487319943557981,83.10791068760479,2.2854657023846303,0,12.77200488533888,46.878604,7.4926271,13193385739,pool,Pool 1,13193385739.0,drive,11843.45562545482,23.686911250909642
301,399,10,15,1,random_activity,1,14.268142103684077,0.0,0,0.49054360166651734,72.64044545650357,0.0,0,14.268142103684077,46.9363222,7.4681231,9455383242,gym,Gym 1,9455383242.0,drive,11635.896545603482,23.271793091206963
302,402,10,18,1,random_activity,3,13.771492972345179,0.0,0,0.04914214625715297,79.49341283884236,2.5104077257774438,0,13.771492972345179,46.9027976,7.342526,3361001766,park,Park 1,3361001766.0,walk,12575.320799828734,157.19150999785919
303,403,10,19,1,random_activity,1,13.838986402220133,0.0,0,0.0,75.16886003548241,2.216573539316638,0,13.838986402220133,46.9363222,7.4681231,9455383242,gym,Gym 1,9455383242.0,drive,13100.897090182036,26.20179418036407
304,404,10,20,0,stay,1,12.945350435271195,0.0,0,0.0,80.6515013452254,0.6259196030775769,0,12.945350435271195,46.9363222,7.4681231,9455383242,,,,,0.0,0.0
305,405,10,21,0,stay,1,12.419278874365274,0.0,0,0.0,81.10175758349153,2.6585761074016725,0,12.419278874365274,46.9363222,7.4681231,9455383242,,,,,0.0,0.0
306,406,10,22,1,random_activity,1,11.551184088494132,0.0,0,0.0,85.64238127978184,1.9615648070126097,0,11.551184088494132,46.9027976,7.342526,3361001766,park,Park 1,3361001766.0,bike,12575.320799828734,50.30128319931494
307,407,10,23,1,random_activity,1,9.91566359949323,0.0,0,0.0,78.16635056875585,2.6629019021245237,0,8.616089462725366,46.9027976,7.342526,3361001766,park,Park 1,3361001766.0,walk,0.0,0.0
308,408,10,0,0,stay,1,10.120000996972237,0.0,0,0.0,83.35161877514165,2.8879539384525215,0,10.120000996972237,46.9027976,7.342526,3361001766,,,,,0.0,0.0
309,409,10,1,1,random_activity,1,8.472745555650487,0.0,0,0.0,92.23270348114237,3.143885286944446,0,6.589177611483087,46.9027976,7.342526,3361001766,park,Park 1,3361001766.0,drive,0.0,0.0
310,410,10,2,0,stay,1,6.389958246495839,0.0,0,0.0,96.02594021015194,1.224138197240371,0,6.389958246495839,46.9027976,7.342526,3361001766,,,,,0.0,0.0
311,412,10,4,1,random_activity,2,5.769890546035952,0.0,0,0.0,87.9029365882466,1.408016786638579,0,4.944631973561167,46.878604,7.4926271,13193385739,pool,Pool 1,13193385739.0,bike,15087.363220614172,60.34945288245669
312,413,10,5,0,stay,1,6.259540522310626,0.0,0,0.0,90.43282384869053,0.7227238801206366,0,6.259540522310626,46.878604,7.4926271,13193385739,,,,,0.0,0.0
313,414,10,6,1,random_activity,1,7.15801746592413,0.0,0,0.0,91.33392994755815,1.1834736185398618,0,7.15801746592413,46.9363222,7.4681231,9455383242,gym,Gym 1,9455383242.0,bike,8962.96661262216,35.85186645048864
314,415,10,7,0,stay,1,6.010325313286318,2.1574385948318833,1,0.0,100.0,2.6720012470119294,0,3.9606378641626034,46.9363222,7.4681231,9455383242,,,,,0.0,0.0
315,418,10,10,1,random_activity,3,8.684089388583052,0.32553440446181786,1,0.22168908433052723,96.30152802989528,1.5355014096236275,0,8.109220400931823,46.9027976,7.342526,3361001766,park,Park 1,3361001766.0,walk,12575.320799828734,157.19150999785919
316,419,10,11,0,stay,1,10.7409984402847,2.528801642400093,1,0.2309204676489111,92.22166669079563,1.2166227581181186,0,10.7409984402847,46.9027976,7.342526,3361001766,,,,,0.0,0.0
317,420,10,12,0,stay,1,11.830903567162698,3.328836671291564,1,0.3053795184693443,88.02956555619924,2.1282453919926114,0,11.830903567162698,46.9027976,7.342526,3361001766,,,,,0.0,0.0
318,421,10,13,1,random_activity,1,11.713194555492196,0.331835210930283,1,0.3775774740776552,78.67276115140545,1.183341608700995,0,11.713194555492196,46.9027976,7.342526,3361001766,park,Park 1,3361001766.0,bike,0.0,0.0
319,422,10,14,0,stay,1,12.020501624366064,2.389938519418474,1,0.32552719964085153,95.26667406923957,2.528654796406778,0,12.020501624366064,46.9027976,7.342526,3361001766,,,,,0.0,0.0
320,423,10,15,1,random_activity,1,12.493257115424926,0.0,0,0.7794459777940744,74.62660690780432,0.2299490667582862,0,12.493257115424926,46.9027976,7.342526,3361001766,park,Park 1,3361001766.0,walk,0.0,0.0
321,426,10,18,1,random_activity,3,8.736127827524204,0.0,0,0.05455346615691273,77.74581939622304,0.9285823110702798,0,8.736127827524204,46.9363222,7.4681231,9455383242,gym,Gym 1,9455383242.0,walk,12575.320799828736,157.1915099978592
322,427,10,19,1,random_activity,1,11.066907107364692,0.0,0,0.0,85.27777212019865,1.405837213974524,0,11.066907107364692,46.9363222,7.4681231,9455383242,gym,Gym 1,9455383242.0,walk,0.0,0.0
323,428,10,20,0,stay,1,10.47355909887208,0.0,0,0.0,82.26102923644456,2.4651568249030262,0,10.47355909887208,46.9363222,7.4681231,9455383242,,,,,0.0,0.0
324,429,10,21,1,random_activity,1,8.141701480811452,0.0,0,0.0,88.50894247428559,0.8446244842131101,0,8.141701480811452,46.9363222,7.4681231,9455383242,gym,Gym 1,9455383242.0,walk,0.0,0.0
325,430,10,22,1,random_activity,1,6.243131188239403,0.0,0,0.0,90.87693482134623,0.7345184979113967,0,6.243131188239403,46.9027976,7.342526,3361001766,park,Park 1,3361001766.0,drive,13384.255902818171,26.768511805636344
326,434,10,2,1,random_activity,4,3.275660552574332,0.0,0,0.0,100.0,1.884296293086279,0,1.4905847507281242,46.878604,7.4926271,13193385739,pool,Pool 1,13193385739.0,walk,15087.363220614172,188.59204025767716
327,435,10,3,1,random_activity,1,2.3975043457292333,3.3027153311242285,1,0.0,100.0,0.7673525810022329,0,2.3975043457292333,46.9027976,7.342526,3361001766,park,Park 1,3361001766.0,drive,16686.416243763804,33.37283248752761
328,436,10,4,1,random_activity,1,3.3150587879580775,0.38298600162944846,1,0.0,100.0,1.597033851451123,0,1.8928005176916765,46.9363222,7.4681231,9455383242,gym,Gym 1,9455383242.0,drive,13100.897090182036,26.20179418036407
329,437,10,5,1,random_activity,1,4.608701561631028,0.988322041683733,1,0.0,97.89953778831693,2.769720144479321,0,2.212935284710314,46.878604,7.4926271,13193385739,pool,Pool 1,13193385739.0,bike,8962.966612622162,35.85186645048865
330,438,10,6,1,random_activity,1,3.9894731818083575,0.9627407174155446,1,0.0,100.0,2.48448252781651,0,1.7172887018201521,46.9363222,7.4681231,9455383242,gym,Gym 1,9455383242.0,bike,8962.96661262216,35.85186645048864
331,439,10,7,1,random_activity,1,5.431592866860141,0.25443600786604953,1,0.0,100.0,0.9044242818335343,0,5.431592866860141,46.9027976,7.342526,3361001766,park,Park 1,3361001766.0,bike,12575.320799828734,50.30128319931494
332,440,10,8,0,stay,1,8.570888741360186,4.838395929124498,1,0.06902651828232781,98.21552303784618,3.0527616121664978,0,6.762644678731825,46.9027976,7.342526,3361001766,,,,,0.0,0.0
333,441,10,9,1,random_activity,1,7.621690188297421,1.9523158056386285,1,0.12297461795371502,98.88322222502524,2.221085768939964,0,6.228326872641779,46.9363222,7.4681231,9455383242,gym,Gym 1,9455383242.0,bike,12575.320799828736,50.301283199314945
334,442,10,10,1,random_activity,1,8.826528746740237,1.3841433486954826,1,0.20454789955165908,95.59137430398476,3.315248030540682,0,6.916798515873342,46.9027976,7.342526,3361001766,park,Park 1,3361001766.0,bike,12575.320799828734,50.30128319931494
335,444,10,12,1,random_activity,2,11.59446669878089,0.24027355449385196,1,0.3545220055387737,91.24186714457929,2.22750993273087,0,11.59446669878089,46.878604,7.4926271,13193385739,pool,Pool 1,13193385739.0,bike,15087.363220614172,60.34945288245669
336,445,10,13,1,random_activity,1,10.817820094128642,1.9827454598491994,1,0.2876501072976356,85.8476999735917,1.1706228738491404,0,10.817820094128642,46.9027976,7.342526,3361001766,park,Park 1,3361001766.0,drive,16686.416243763804,33.37283248752761
337,449,10,17,1,random_activity,4,11.411766404294676,1.1280123389342454,1,0.08568359780102638,91.85992521205937,2.8101939142451133,0,11.411766404294676,46.878604,7.4926271,13193385739,pool,Pool 1,13193385739.0,walk,15087.363220614172,188.59204025767716
338,450,10,18,0,stay,1,11.418679275375474,0.0,0,0.02846947026732192,80.0000350283445,0.6830205956637458,0,11.418679275375474,46.878604,7.4926271,13193385739,,,,,0.0,0.0
339,452,10,20,1,random_activity,2,9.302898119085693,0.0,0,0.0,82.01212062344484,1.2343996137548472,0,9.302898119085693,46.9027976,7.342526,3361001766,park,Park 1,3361001766.0,bike,15087.363220614176,60.3494528824567
340,454,10,22,1,random_activity,2,6.885953524578728,0.0,0,0.0,89.99831543000016,1.9726046028307598,0,5.591000335602831,46.878604,7.4926271,13193385739,pool,Pool 1,13193385739.0,bike,15087.363220614172,60.34945288245669
341,455,10,23,1,random_activity,1,5.7177386964030354,0.0,0,0.0,90.53139118023054,3.0139223525925045,0,3.358076980778656,46.9363222,7.4681231,9455383242,gym,Gym 1,9455383242.0,bike,8962.96661262216,35.85186645048864
342,458,10,2,1,random_activity,3,3.5969576726010533,0.0,0,0.0,93.51404140092554,2.510035153600982,0,1.2294334766549833,46.9027976,7.342526,3361001766,park,Park 1,3361001766.0,walk,12575.320799828734,157.19150999785919
343,459,10,3,0,stay,1,3.987473188131334,0.0,0,0.0,95.52033803141065,2.4606326692901015,0,1.7363411731024787,46.9027976,7.342526,3361001766,,,,,0.0,0.0
344,460,10,4,1,random_activity,1,6.445152541101157,0.0,0,0.0,96.2972155045678,1.086295292408282,0,6.445152541101157,46.9027976,7.342526,3361001766,park,Park 1,3361001766.0,bike,0.0,0.0
345,461,10,5,1,random_activity,1,7.098237355490127,0.0,0,0.0,91.91758199688643,1.3379203271578952,0,7.098237355490127,46.9363222,7.4681231,9455383242,gym,Gym 1,9455383242.0,drive,13100.897090182036,26.20179418036407
346,463,10,7,1,random_activity,2,8.59892786838639,0.0,0,0.0,84.22393488829319,2.0460744670968865,0,7.520350247070565,46.878604,7.4926271,13193385739,pool,Pool 1,13193385739.0,walk,8962.966612622162,112.03708265777702
347,464,10,8,0,stay,1,9.899633278881485,0.0,0,0.21037089047900526,89.36124017735249,1.1762768313698881,0,9.899633278881485,46.878604,7.4926271,13193385739,,,,,0.0,0.0
348,465,10,9,0,stay,1,9.645288230250403,0.0,0,0.43480634583665756,86.06539967866603,0.9013918863386572,0,9.645288230250403,46.878604,7.4926271,13193385739,,,,,0.0,0.0
349,466,10,10,0,stay,1,9.42305197316427,0.0,0,0.5609736247646488,86.81963259008585,3.048587927034042,0,7.790112777045711,46.878604,7.4926271,13193385739,,,,,0.0,0.0
350,467,10,11,0,stay,1,10.637378652476727,0.0,0,0.7673216561675107,80.92240330882389,1.6228270229225736,0,10.637378652476727,46.878604,7.4926271,13193385739,,,,,0.0,0.0
351,468,10,12,1,random_activity,1,11.410918053710839,0.0,0,0.8425540096065576,83.34944054012138,1.3004257069032066,0,11.410918053710839,46.9363222,7.4681231,9455383242,gym,Gym 1,9455383242.0,bike,8962.96661262216,35.85186645048864
352,469,10,13,0,stay,1,13.463643059157514,0.0,0,0.8835979662198821,78.97932114888762,1.205350226580033,0,13.463643059157514,46.9363222,7.4681231,9455383242,,,,,0.0,0.0
353,470,10,14,1,random_activity,1,15.413515730500214,0.0,0,0.7828816592904891,67.66465243137368,2.9624776637455437,0,15.413515730500214,46.9363222,7.4681231,9455383242,gym,Gym 1,9455383242.0,walk,0.0,0.0
354,472,10,16,1,random_activity,2,15.659086229213774,0.0,0,0.5720810193219964,65.68461663161017,1.1010472855090028,0,15.659086229213774,46.878604,7.4926271,13193385739,pool,Pool 1,13193385739.0,walk,8962.966612622162,112.03708265777702
355,473,10,17,1,random_activity,1,13.73691138827063,0.0,0,0.33849511056532045,75.52722122502682,0.9013541146594374,0,13.73691138827063,46.9363222,7.4681231,9455383242,gym,Gym 1,9455383242.0,bike,8962.96661262216,35.85186645048864
356,474,10,18,1,random_activity,1,11.085154463911117,0.0,0,0.015207515966724039,84.49231447316689,1.5434748466748216,0,11.085154463911117,46.9363222,7.4681231,9455383242,gym,Gym 1,9455383242.0,bike,0.0,0.0
357,476,10,20,1,random_activity,2,9.857212055841554,0.0,0,0.0,85.51813827383134,1.196160974341442,0,9.857212055841554,46.878604,7.4926271,13193385739,pool,Pool 1,13193385739.0,walk,8962.966612622162,112.03708265777702
358,478,10,22,1,random_activity,2,8.634469753100824,0.0,0,0.0,88.3054217500787,0.5877831613819828,0,8.634469753100824,46.9027976,7.342526,3361001766,park,Park 1,3361001766.0,bike,15087.363220614176,60.3494528824567
359,479,10,23,1,random_activity,1,6.370703755958948,0.0,0,0.0,89.8467960616958,1.966546904183948,0,4.997400999466588,46.9363222,7.4681231,9455383242,gym,Gym 1,9455383242.0,bike,12575.320799828736,50.301283199314945
360,480,10,0,1,random_activity,1,7.064091069625471,0.5571841086350079,1,0.0,100.0,2.444629254001407,0,5.3890403760473875,46.9363222,7.4681231,9455383242,gym,Gym 1,9455383242.0,drive,0.0,0.0
361,481,10,1,0,stay,1,5.5616557184494075,8.24936488247239,1,0.0,100.0,2.2212964072184054,0,3.8096552580442573,46.9363222,7.4681231,9455383242,,,,,0.0,0.0
362,484,10,4,1,random_activity,3,4.325816270711959,2.578056148911253,1,0.0,100.0,2.1736339039309645,0,2.4053904248041587,46.9027976,7.342526,3361001766,park,Park 1,3361001766.0,walk,12575.320799828734,157.19150999785919
363,488,10,8,1,random_activity,4,7.424653992641802,3.1738269565475137,1,0.026060387706287838,100.0,1.1816570772263042,0,7.424653992641802,46.878604,7.4926271,13193385739,pool,Pool 1,13193385739.0,walk,15087.363220614172,188.59204025767716
364,490,10,10,1,random_activity,2,8.524672239620662,3.894371601673845,1,0.22882616450073906,85.75039490632929,1.8351951409508382,0,7.62333779599709,46.9363222,7.4681231,9455383242,gym,Gym 1,9455383242.0,walk,8962.96661262216,112.037082657777
365,491,10,11,1,random_activity,1,11.417506453034857,0.8391612947945192,1,0.1864959079415488,89.56848612728459,1.678544586888838,0,11.417506453034857,46.9027976,7.342526,3361001766,park,Park 1,3361001766.0,bike,12575.320799828734,50.30128319931494
366,492,10,12,0,stay,1,11.88318790761446,4.153429328303564,1,0.30600901581838014,84.61937482090678,2.0835418384602504,0,11.88318790761446,46.9027976,7.342526,3361001766,,,,,0.0,0.0
367,493,10,13,0,stay,1,13.669836396413537,5.174980379862424,1,0.27585828276522417,87.6060613927909,3.7383525982892762,0,13.669836396413537,46.9027976,7.342526,3361001766,,,,,0.0,0.0
368,494,10,14,1,random_activity,1,13.436822805196476,0.28635233134847343,1,0.2488321555609882,90.2948597063004,2.7786564469636508,0,13.436822805196476,46.9027976,7.342526,3361001766,park,Park 1,3361001766.0,bike,0.0,0.0
369,496,10,16,1,random_activity,2,12.544373825485769,0.9490838691038203,1,0.1766884264398898,80.63801275212656,2.7513292643541227,0,12.544373825485769,46.878604,7.4926271,13193385739,pool,Pool 1,13193385739.0,bike,15087.363220614172,60.34945288245669
370,497,10,17,1,random_activity,1,13.766089200438861,0.11743555702824322,1,0.09051865580958837,85.15168877523914,0.9938333398354889,0,13.766089200438861,46.9027976,7.342526,3361001766,park,Park 1,3361001766.0,drive,16686.416243763804,33.37283248752761
371,498,10,18,0,stay,1,12.658275489576702,0.33286002479304255,1,0.02244408484906316,87.09849050339413,0.8533231312432864,0,12.658275489576702,46.9027976,7.342526,3361001766,,,,,0.0,0.0
372,499,10,19,1,random_activity,1,11.81617101802105,2.4139867085564495,1,0.0,88.68913492635345,2.3937686024040215,0,11.81617101802105,46.9363222,7.4681231,9455383242,gym,Gym 1,9455383242.0,bike,12575.320799828736,50.301283199314945
373,500,10,20,1,random_activity,1,10.03795193200137,0.0,0,0.0,86.28979027064999,2.3924808327298237,0,10.03795193200137,46.9363222,7.4681231,9455383242,gym,Gym 1,9455383242.0,drive,0.0,0.0
374,501,10,21,1,random_activity,1,7.760206076142601,0.0,0,0.0,84.93891346733132,1.0215871118993736,0,7.760206076142601,46.9363222,7.4681231,9455383242,gym,Gym 1,9455383242.0,walk,0.0,0.0
375,502,10,22,1,random_activity,1,7.168432032492577,0.0,0,0.0,82.7559553124345,1.0770833523228658,0,7.168432032492577,46.9363222,7.4681231,9455383242,gym,Gym 1,9455383242.0,bike,0.0,0.0
376,503,10,23,1,random_activity,1,4.644200601412177,0.0,0,0.0,93.10337467270571,1.0841730497402506,0,4.644200601412177,46.9027976,7.342526,3361001766,park,Park 1,3361001766.0,drive,13384.255902818171,26.768511805636344
377,504,10,0,1,random_activity,1,4.297686840162846,0.0,0,0.0,95.12462428185414,1.6116195223593028,0,2.9998928697944254,46.9027976,7.342526,3361001766,park,Park 1,3361001766.0,bike,0.0,0.0
378,505,10,1,1,random_activity,1,3.7577045269055396,0.0,0,0.0,97.5451841957395,1.9843598772765965,0,1.938088787347508,46.9027976,7.342526,3361001766,park,Park 1,3361001766.0,drive,0.0,0.0
379,509,10,5,1,random_activity,4,2.9099544575318244,0.0,0,0.0,96.12935351153678,0.010622206873968754,0,2.9099544575318244,46.878604,7.4926271,13193385739,pool,Pool 1,13193385739.0,walk,15087.363220614172,188.59204025767716
380,511,10,7,1,random_activity,2,7.285809515000885,0.0,0,0.0,84.88521219876745,1.382821311376682,0,6.697113526657187,46.9027976,7.342526,3361001766,park,Park 1,3361001766.0,bike,15087.363220614176,60.3494528824567
381,512,10,8,1,random_activity,1,8.825952951956744,0.0,0,0.03345441214768474,90.63733767468834,1.649469067334654,0,8.152134234035147,46.9027976,7.342526,3361001766,park,Park 1,3361001766.0,bike,0.0,0.0
382,513,10,9,1,random_activity,1,9.895377861995795,0.0,0,0.2319926694626271,88.89949926997515,2.285670464860926,0,8.849924572837153,46.9027976,7.342526,3361001766,park,Park 1,3361001766.0,bike,0.0,0.0
383,516,10,12,1,random_activity,3,12.833680931681652,0.0,0,0.6257971606802842,78.33138630904539,2.1852038409672723,0,12.833680931681652,46.9363222,7.4681231,9455383242,gym,Gym 1,9455383242.0,walk,12575.320799828736,157.1915099978592
384,517,10,13,1,random_activity,1,13.423754523066664,0.0,0,0.5775324686602197,74.56641798708965,0.18586171923144001,0,13.423754523066664,46.9363222,7.4681231,9455383242,gym,Gym 1,9455383242.0,walk,0.0,0.0
385,518,10,14,0,stay,1,13.931518007800916,0.0,0,0.5476281645285698,76.42438461423808,1.7579275183717378,0,13.931518007800916,46.9363222,7.4681231,9455383242,,,,,0.0,0.0
386,519,10,15,1,random_activity,1,13.2564116703367,0.0,0,0.39758502977126386,69.29619578401002,0.8537448593226737,0,13.2564116703367,46.9027976,7.342526,3361001766,park,Park 1,3361001766.0,bike,12575.320799828734,50.30128319931494
387,520,10,16,1,random_activity,1,12.558707151341185,0.0,0,0.3476152832059906,71.9162081022952,2.619878691723474,0,12.558707151341185,46.9027976,7.342526,3361001766,park,Park 1,3361001766.0,walk,0.0,0.0
388,521,10,17,0,stay,1,12.345908110492983,0.0,0,0.21138147923600056,78.6524547064332,1.8558178967288277,0,12.345908110492983,46.9027976,7.342526,3361001766,,,,,0.0,0.0
389,522,10,18,1,random_activity,1,12.52468767027345,0.0,0,0.017209296792774303,77.25518544919456,1.4875396288510048,0,12.52468767027345,46.9363222,7.4681231,9455383242,gym,Gym 1,9455383242.0,drive,13100.897090182036,26.20179418036407
390,523,10,19,1,random_activity,1,11.22841190320745,0.0,0,0.0,82.44743488771311,1.9732045370729652,0,11.22841190320745,46.9027976,7.342526,3361001766,park,Park 1,3361001766.0,drive,13384.255902818171,26.768511805636344
391,524,10,20,1,random_activity,1,9.275062418270219,0.0,0,0.0,79.63877696285893,1.514553758731785,0,8.80648408065346,46.9027976,7.342526,3361001766,park,Park 1,3361001766.0,drive,0.0,0.0
392,525,10,21,1,random_activity,1,7.897057185289599,0.0,0,0.0,81.68845280888748,0.8698487172268208,0,7.897057185289599,46.9363222,7.4681231,9455383242,gym,Gym 1,9455383242.0,drive,13100.897090182036,26.20179418036407
393,526,10,22,1,random_activity,1,7.379132061547994,0.0,0,0.0,85.81236388720033,0.5371880900569954,0,7.379132061547994,46.878604,7.4926271,13193385739,pool,Pool 1,13193385739.0,drive,11843.45562545482,23.686911250909642
394,527,10,23,1,random_activity,1,8.750180208279232,0.0,0,0.0,88.65566764668812,1.4766860800654849,0,8.249380736685332,46.878604,7.4926271,13193385739,pool,Pool 1,13193385739.0,bike,0.0,0.0
395,528,10,0,1,random_activity,1,8.915359573930187,0.0,0,0.0,96.13900385897605,0.869369686194307,0,8.915359573930187,46.9363222,7.4681231,9455383242,gym,Gym 1,9455383242.0,bike,8962.96661262216,35.85186645048864
396,529,10,1,1,random_activity,1,7.224922925332936,0.0,0,0.0,86.58438761565986,0.6695431795353036,0,7.224922925332936,46.878604,7.4926271,13193385739,pool,Pool 1,13193385739.0,bike,8962.966612622162,35.85186645048865
397,530,10,2,1,random_activity,1,5.675740096392522,0.0,0,0.0,96.6162191565495,1.2012799841052624,0,5.675740096392522,46.9363222,7.4681231,9455383242,gym,Gym 1,9455383242.0,drive,11635.896545603482,23.271793091206963
398,531,10,3,1,random_activity,1,6.192613837807228,0.0,0,0.0,96.98617529060546,1.8511501754907522,0,4.907550519103828,46.9027976,7.342526,3361001766,park,Park 1,3361001766.0,bike,12575.320799828734,50.30128319931494
399,532,10,4,0,stay,1,5.721731289764696,0.0,0,0.0,95.77836068565887,1.9794751887848756,0,4.229373968639531,46.9027976,7.342526,3361001766,,,,,0.0,0.0
400,533,10,5,1,random_activity,1,7.146155130666445,0.0,0,0.0,94.7835505516699,2.427149523598146,0,5.499948429380655,46.9027976,7.342526,3361001766,park,Park 1,3361001766.0,drive,0.0,0.0
401,534,10,6,1,random_activity,1,6.704622975897609,0.0,0,0.0,85.95124119225527,1.2547704843781744,0,6.704622975897609,46.9363222,7.4681231,9455383242,gym,Gym 1,9455383242.0,drive,13100.897090182036,26.20179418036407
402,537,10,9,1,random_activity,3,9.718499158455918,0.0,0,0.4941807812366194,86.35505652896308,2.3135417411929953,0,8.621390031095595,46.9027976,7.342526,3361001766,park,Park 1,3361001766.0,walk,12575.320799828734,157.19150999785919
403,541,10,13,1,random_activity,4,13.404638674886748,0.0,0,0.9610903840408797,77.92228322584474,1.0571129708814886,0,13.404638674886748,46.878604,7.4926271,13193385739,pool,Pool 1,13193385739.0,walk,15087.363220614172,188.59204025767716
404,542,10,14,1,random_activity,1,13.922893496778082,0.0,0,0.8707793301225478,78.58208256977424,1.5918985589595875,0,13.922893496778082,46.9027976,7.342526,3361001766,park,Park 1,3361001766.0,drive,16686.416243763804,33.37283248752761
405,543,10,15,0,stay,1,12.810462140157556,0.0,0,0.7915508971169775,74.8097573169918,1.540514617303917,0,12.810462140157556,46.9027976,7.342526,3361001766,,,,,0.0,0.0
406,544,10,16,0,stay,1,12.439510678590329,0.0,0,0.5799424143196966,72.60809453569837,1.3587515684145401,0,12.439510678590329,46.9027976,7.342526,3361001766,,,,,0.0,0.0
407,545,10,17,0,stay,1,13.334201742728197,0.0,0,0.3653954221466307,74.65715011844361,2.809505430563092,0,13.334201742728197,46.9027976,7.342526,3361001766,,,,,0.0,0.0
408,546,10,18,0,stay,1,10.196067215874562,0.0,0,0.12374990198821284,80.38169921390515,1.5375427846586711,0,10.196067215874562,46.9027976,7.342526,3361001766,,,,,0.0,0.0
409,547,10,19,0,stay,1,10.627602060634032,0.0,0,0.0,80.4784052153077,1.1568438555437575,0,10.627602060634032,46.9027976,7.342526,3361001766,,,,,0.0,0.0
410,548,10,20,0,stay,1,11.40369083120011,0.0,0,0.0,81.32548235432945,0.8912775145240258,0,11.40369083120011,46.9027976,7.342526,3361001766,,,,,0.0,0.0
411,550,10,22,1,random_activity,2,8.777296053715292,0.0,0,0.0,86.70655761127637,2.166272599293913,0,7.628885067989341,46.878604,7.4926271,13193385739,pool,Pool 1,13193385739.0,bike,15087.363220614172,60.34945288245669
412,551,10,23,0,stay,1,7.638917206471404,0.0,0,0.0,92.15828837400635,1.9951943152570037,0,6.446355106789735,46.878604,7.4926271,13193385739,,,,,0.0,0.0
413,552,10,0,0,stay,1,7.056438019011147,0.0,0,0.0,78.71456623712218,3.043039267260303,0,4.94741422254277,46.878604,7.4926271,13193385739,,,,,0.0,0.0
414,553,10,1,1,random_activity,1,7.380828263575851,0.0,0,0.0,92.93695403792897,0.636127051526783,0,7.380828263575851,46.9363222,7.4681231,9455383242,gym,Gym 1,9455383242.0,bike,8962.96661262216,35.85186645048864
415,556,10,4,1,random_activity,3,7.227844938838566,0.0,0,0.0,92.79927073115769,2.078416751171148,0,5.891191601671339,46.9027976,7.342526,3361001766,park,Park 1,3361001766.0,walk,12575.320799828734,157.19150999785919
416,557,10,5,1,random_activity,1,7.668344830169973,0.0,0,0.0,88.12221893735006,2.1012113603219973,0,6.385701972036336,46.9363222,7.4681231,9455383242,gym,Gym 1,9455383242.0,bike,12575.320799828736,50.301283199314945
417,559,10,7,1,random_activity,2,9.406294566978067,0.0,0,0.0,87.6014182170767,1.3520811459895459,0,9.13646087054023,46.878604,7.4926271,13193385739,pool,Pool 1,13193385739.0,walk,8962.966612622162,112.03708265777702
418,563,10,11,1,random_activity,4,13.103024288926314,0.0,0,0.3003137960521717,85.07355878992429,1.4302789260137951,0,13.103024288926314,46.9027976,7.342526,3361001766,park,Park 1,3361001766.0,walk,15087.363220614176,188.59204025767718
419,564,10,12,1,random_activity,1,13.575440946976356,0.0,0,0.3730486691307492,77.57912918817387,2.8639595326596528,0,13.575440946976356,46.9363222,7.4681231,9455383242,gym,Gym 1,9455383242.0,drive,13100.897090182036,26.20179418036407
420,565,10,13,1,random_activity,1,13.02730125692311,0.0,0,0.31736464011118065,71.57124738715116,2.352108109358033,0,13.02730125692311,46.9363222,7.4681231,9455383242,gym,Gym 1,9455383242.0,drive,0.0,0.0
421,566,10,14,1,random_activity,1,12.790938353545357,0.0,0,0.27177644025295045,77.57985986080331,1.407895124689777,0,12.790938353545357,46.9027976,7.342526,3361001766,park,Park 1,3361001766.0,bike,12575.320799828734,50.30128319931494
422,567,10,15,1,random_activity,1,12.261193753881818,0.0,0,0.29948439915819397,65.7467721173086,0.8462160525245969,0,12.261193753881818,46.9363222,7.4681231,9455383242,gym,Gym 1,9455383242.0,drive,13100.897090182036,26.20179418036407
423,568,10,16,1,random_activity,1,12.481422553349686,0.0,0,0.2892758704695617,68.871728180942,3.006707613097638,0,12.481422553349686,46.9363222,7.4681231,9455383242,gym,Gym 1,9455383242.0,drive,0.0,0.0
424,570,10,18,1,random_activity,2,12.05816939319796,0.0,0,0.036035134655558056,81.84969314592512,0.8097236979841343,0,12.05816939319796,46.878604,7.4926271,13193385739,pool,Pool 1,13193385739.0,walk,8962.966612622162,112.03708265777702
425,571,10,19,1,random_activity,1,12.202471355410452,0.0,0,0.0,71.45894420804727,1.6880833291060588,0,12.202471355410452,46.9363222,7.4681231,9455383242,gym,Gym 1,9455383242.0,bike,8962.96661262216,35.85186645048864
426,572,10,20,1,random_activity,1,10.872681982038452,0.0,0,0.0,81.66261581710819,2.241165726022395,0,10.872681982038452,46.878604,7.4926271,13193385739,pool,Pool 1,13193385739.0,bike,8962.966612622162,35.85186645048865
427,576,10,0,1,random_activity,4,4.978219076365528,0.0,0,0.0,89.55086336779364,2.001987640735931,0,3.3407077463215353,46.9027976,7.342526,3361001766,park,Park 1,3361001766.0,walk,15087.363220614176,188.59204025767718
428,580,10,4,1,random_activity,4,3.941829675288757,0.0,0,0.0,87.52477735282957,0.8142231920308143,0,3.941829675288757,46.878604,7.4926271,13193385739,pool,Pool 1,13193385739.0,walk,15087.363220614172,188.59204025767716
429,581,10,5,0,stay,1,3.726513070203561,0.0,0,0.0,100.0,0.7516109707887907,0,3.726513070203561,46.878604,7.4926271,13193385739,,,,,0.0,0.0
430,585,10,9,1,random_activity,4,7.530981814777719,0.0,0,0.43853296893002314,79.65482501154106,1.3731443344531438,0,6.987219196366807,46.9027976,7.342526,3361001766,park,Park 1,3361001766.0,walk,15087.363220614176,188.59204025767718
431,586,10,10,0,stay,1,11.064270171599077,0.0,0,0.6408499467404382,81.12197280311499,1.7736804960065276,0,11.064270171599077,46.9027976,7.342526,3361001766,,,,,0.0,0.0
432,587,10,11,1,random_activity,1,11.25604144020608,0.0,0,0.8775336858107571,72.72796409965015,0.0,0,11.25604144020608,46.9027976,7.342526,3361001766,park,Park 1,3361001766.0,bike,0.0,0.0
433,588,10,12,1,random_activity,1,11.980348160698044,0.0,0,0.8970854137560991,81.57367643125167,0.6624746823990979,0,11.980348160698044,46.9027976,7.342526,3361001766,park,Park 1,3361001766.0,walk,0.0,0.0
434,591,10,15,1,random_activity,3,12.464524504024482,0.0,0,0.6950294302889338,74.15318689762695,2.1542700740014116,0,12.464524504024482,46.9363222,7.4681231,9455383242,gym,Gym 1,9455383242.0,walk,12575.320799828736,157.1915099978592
435,592,10,16,1,random_activity,1,12.172255282601535,0.0,0,0.578826667856758,77.54386937507601,2.9891333693178894,0,12.172255282601535,46.9027976,7.342526,3361001766,park,Park 1,3361001766.0,drive,13384.255902818171,26.768511805636344
436,593,10,17,1,random_activity,1,11.564458817496556,0.0,0,0.3250495109725977,71.42327120694529,0.0,0,11.564458817496556,46.9027976,7.342526,3361001766,park,Park 1,3361001766.0,drive,0.0,0.0
437,594,10,18,0,stay,1,9.498657444393128,0.0,0,0.02024382279106332,78.1882881010987,0.41222896192225056,0,9.498657444393128,46.9027976,7.342526,3361001766,,,,,0.0,0.0
438,595,10,19,0,stay,1,8.706852879507139,0.0,0,0.0,84.58509350139768,1.7727755306994872,0,7.893290507915154,46.9027976,7.342526,3361001766,,,,,0.0,0.0
439,596,10,20,1,random_activity,1,8.814916682904773,0.0,0,0.0,76.79051623489028,1.8773773385700405,0,7.920483001595563,46.9027976,7.342526,3361001766,park,Park 1,3361001766.0,walk,0.0,0.0
440,600,10,0,1,random_activity,4,4.857252924691503,0.0,0,0.0,94.93020122020131,3.3364565645379107,0,2.0974053312978964,46.878604,7.4926271,13193385739,pool,Pool 1,13193385739.0,walk,15087.363220614172,188.59204025767716
441,604,10,4,1,random_activity,4,3.935113510441601,0.0,0,0.0,94.98493534824618,2.0051496615201105,0,2.1222047162039774,46.9027976,7.342526,3361001766,park,Park 1,3361001766.0,walk,15087.363220614176,188.59204025767718
442,605,10,5,0,stay,1,5.663481544560333,0.0,0,0.0,92.03230856123233,0.6653372877254484,0,5.663481544560333,46.9027976,7.342526,3361001766,,,,,0.0,0.0
443,606,10,6,1,random_activity,1,7.586780668232375,0.0,0,0.0,86.28322575635026,0.7456192789131516,0,7.586780668232375,46.9363222,7.4681231,9455383242,gym,Gym 1,9455383242.0,drive,13100.897090182036,26.20179418036407
444,608,10,8,1,random_activity,2,8.686887106341437,0.0,0,0.15507473855751125,94.6643705741495,0.8136387045139124,0,8.686887106341437,46.878604,7.4926271,13193385739,pool,Pool 1,13193385739.0,walk,8962.966612622162,112.03708265777702
445,609,10,9,1,random_activity,1,8.720485081961854,0.0,0,0.31929150702062314,90.74633153240782,2.762903864665142,0,7.126339306100931,46.878604,7.4926271,13193385739,pool,Pool 1,13193385739.0,drive,0.0,0.0
446,610,10,10,1,random_activity,1,10.05371862405258,0.0,0,0.5607030838991195,79.65957616860507,0.6706600794152826,0,10.05371862405258,46.9027976,7.342526,3361001766,park,Park 1,3361001766.0,drive,16686.416243763804,33.37283248752761
447,614,10,14,1,random_activity,4,12.819826841445142,0.0,0,0.6867182844912213,76.33739970121115,0.6398358403178946,0,12.819826841445142,46.878604,7.4926271,13193385739,pool,Pool 1,13193385739.0,walk,15087.363220614172,188.59204025767716
448,615,10,15,1,random_activity,1,12.58083830613229,0.0,0,0.6610423032810518,75.97719336484907,1.8766359201659626,0,12.58083830613229,46.878604,7.4926271,13193385739,pool,Pool 1,13193385739.0,bike,0.0,0.0
449,616,10,16,1,random_activity,1,12.258411143175062,0.0,0,0.4896463458086888,70.73741239677588,1.7283882142987539,0,12.258411143175062,46.878604,7.4926271,13193385739,pool,Pool 1,13193385739.0,walk,0.0,0.0
450,617,10,17,0,stay,1,9.083157283595243,0.0,0,0.21473099093942305,83.3840120945742,1.4257299815073223,0,8.68549515594414,46.878604,7.4926271,13193385739,,,,,0.0,0.0
451,618,10,18,0,stay,1,10.491521994185018,0.0,0,0.05930611340541478,73.2002386605445,1.1512202291791995,0,10.491521994185018,46.878604,7.4926271,13193385739,,,,,0.0,0.0
452,619,10,19,1,random_activity,1,11.120737423038152,0.0,0,0.0,80.99106938073919,0.9541094901413045,0,11.120737423038152,46.9363222,7.4681231,9455383242,gym,Gym 1,9455383242.0,bike,8962.96661262216,35.85186645048864
453,620,10,20,1,random_activity,1,10.438643781302222,0.0,0,0.0,77.81408025668875,2.221984828527023,0,10.438643781302222,46.9363222,7.4681231,9455383242,gym,Gym 1,9455383242.0,bike,0.0,0.0
454,621,10,21,1,random_activity,1,8.39104767562287,0.0,0,0.0,85.98127960677986,1.111801956826465,0,8.39104767562287,46.9363222,7.4681231,9455383242,gym,Gym 1,9455383242.0,drive,0.0,0.0
455,622,10,22,1,random_activity,1,7.225748068627379,0.0,0,0.0,88.609532152196,0.6140652714086716,0,7.225748068627379,46.9027976,7.342526,3361001766,park,Park 1,3361001766.0,drive,13384.255902818171,26.768511805636344
456,624,10,0,1,random_activity,2,5.777072766483012,0.0,0,0.0,93.37469378734751,0.13227085690678542,0,5.777072766483012,46.878604,7.4926271,13193385739,pool,Pool 1,13193385739.0,bike,15087.363220614172,60.34945288245669
457,625,10,1,1,random_activity,1,6.023746367671585,0.0,0,0.0,98.31881091226957,2.0004741394397985,0,4.56012565460874,46.9363222,7.4681231,9455383242,gym,Gym 1,9455383242.0,drive,11635.896545603482,23.271793091206963
458,626,10,2,1,random_activity,1,6.720835207026834,0.0,0,0.0,97.91534956654313,6.0248953293148695,0,3.070301276739258,46.878604,7.4926271,13193385739,pool,Pool 1,13193385739.0,drive,11843.45562545482,23.686911250909642
459,627,10,3,0,stay,1,6.782769765436653,0.0,0,0.0,98.09870745823874,0.6599892230148993,0,6.782769765436653,46.878604,7.4926271,13193385739,,,,,0.0,0.0
460,631,10,7,1,random_activity,4,6.703766013870919,0.0,0,0.0,88.95215388433206,0.0,0,6.703766013870919,46.9027976,7.342526,3361001766,park,Park 1,3361001766.0,walk,15087.363220614176,188.59204025767718
461,632,10,8,0,stay,1,8.159446767056105,0.0,0,0.15340747155605833,93.02058482546438,2.651839068265925,0,6.533487130447513,46.9027976,7.342526,3361001766,,,,,0.0,0.0
462,633,10,9,1,random_activity,1,9.431436444566181,0.0,0,0.29380492252553325,83.13931697581465,0.1636707098066119,0,9.431436444566181,46.9363222,7.4681231,9455383242,gym,Gym 1,9455383242.0,bike,12575.320799828736,50.301283199314945
463,634,10,10,1,random_activity,1,10.72690059283898,0.0,0,0.43000507214908695,84.17299082754482,1.5561853317310324,0,10.72690059283898,46.878604,7.4926271,13193385739,pool,Pool 1,13193385739.0,bike,8962.966612622162,35.85186645048865
464,636,10,12,1,random_activity,2,13.462407368328591,0.0,0,0.6482310720488024,78.97347142145748,1.5972327964459567,0,13.462407368328591,46.9027976,7.342526,3361001766,park,Park 1,3361001766.0,bike,15087.363220614176,60.3494528824567
465,637,10,13,1,random_activity,1,15.293713258728687,0.0,0,0.6607713714408318,74.76195260967759,1.2846181250933726,0,15.293713258728687,46.878604,7.4926271,13193385739,pool,Pool 1,13193385739.0,drive,16642.985193898883,33.28597038779777
466,638,10,14,1,random_activity,1,16.292868794874355,0.0,0,0.6846368501760846,77.24917683253646,1.2305760090825348,0,16.292868794874355,46.878604,7.4926271,13193385739,pool,Pool 1,13193385739.0,walk,0.0,0.0
467,639,10,15,1,random_activity,1,16.116897377387414,0.0,0,0.41562876551520966,77.43851155319929,1.8544430297300103,0,16.116897377387414,46.878604,7.4926271,13193385739,pool,Pool 1,13193385739.0,walk,0.0,0.0
468,641,10,17,1,random_activity,2,17.067918939541098,0.0,0,0.2076671348216476,67.33387687386822,2.4553355042543163,0,17.067918939541098,46.9027976,7.342526,3361001766,park,Park 1,3361001766.0,bike,15087.363220614176,60.3494528824567
469,642,10,18,1,random_activity,1,15.934132711506193,0.0,0,0.04403047763613214,76.06447920845741,2.0796250553755873,0,15.934132711506193,46.9363222,7.4681231,9455383242,gym,Gym 1,9455383242.0,bike,12575.320799828736,50.301283199314945
470,643,10,19,0,stay,1,14.557403464523583,0.0,0,0.0,69.7893514946729,2.2879174191812006,0,14.557403464523583,46.9363222,7.4681231,9455383242,,,,,0.0,0.0
471,644,10,20,1,random_activity,1,13.123770321196183,0.0,0,0.0,76.44441325793386,3.2454595819304184,0,13.123770321196183,46.9027976,7.342526,3361001766,park,Park 1,3361001766.0,drive,13384.255902818171,26.768511805636344
472,645,10,21,1,random_activity,1,12.637952023539121,0.0,0,0.0,87.18736965067473,2.660667960512952,0,12.637952023539121,46.9027976,7.342526,3361001766,park,Park 1,3361001766.0,walk,0.0,0.0
473,646,10,22,0,stay,1,11.31147858839703,0.0,0,0.0,85.64414385929096,1.2379500775702332,0,11.31147858839703,46.9027976,7.342526,3361001766,,,,,0.0,0.0
474,647,10,23,1,random_activity,1,10.01522994505089,0.0,0,0.0,81.30842953407534,2.172865165915154,0,10.01522994505089,46.9027976,7.342526,3361001766,park,Park 1,3361001766.0,walk,0.0,0.0
475,648,10,0,1,random_activity,1,8.77853272814763,0.0,0,0.0,88.22759202916619,1.208717079420988,0,8.77853272814763,46.9027976,7.342526,3361001766,park,Park 1,3361001766.0,bike,0.0,0.0
476,649,10,1,1,random_activity,1,6.861517297567316,0.0,0,0.0,93.58044897356034,1.646307699525987,0,5.899876440274971,46.9363222,7.4681231,9455383242,gym,Gym 1,9455383242.0,drive,13100.897090182036,26.20179418036407
477,650,10,2,1,random_activity,1,6.439444869207777,0.0,0,0.0,93.64254347320906,0.6081884931641275,0,6.439444869207777,46.9363222,7.4681231,9455383242,gym,Gym 1,9455383242.0,bike,0.0,0.0
478,651,10,3,1,random_activity,1,4.8758514100732615,0.0,0,0.0,96.68787262177753,1.452876254825716,0,3.8682616846478703,46.878604,7.4926271,13193385739,pool,Pool 1,13193385739.0,drive,11843.45562545482,23.686911250909642
479,652,10,4,1,random_activity,1,7.062274158552339,0.0,0,0.0,94.19213628594984,0.823506504294694,0,7.062274158552339,46.9363222,7.4681231,9455383242,gym,Gym 1,9455383242.0,bike,8962.96661262216,35.85186645048864
480,655,10,7,1,random_activity,3,8.269317094464586,0.0,0,0.0,91.29113454000111,1.0179459098775925,0,8.269317094464586,46.9027976,7.342526,3361001766,park,Park 1,3361001766.0,walk,12575.320799828734,157.19150999785919
481,656,10,8,1,random_activity,1,8.564913672567236,0.0,0,0.03489697971732835,77.69962133919313,1.204668326093218,0,8.564913672567236,46.878604,7.4926271,13193385739,pool,Pool 1,13193385739.0,drive,16642.985193898883,33.28597038779777
482,657,10,9,1,random_activity,1,8.990627343238918,0.0,0,0.15646646416897628,89.62480842322832,2.8266951378547676,0,7.4075720720604625,46.9363222,7.4681231,9455383242,gym,Gym 1,9455383242.0,bike,8962.96661262216,35.85186645048864
483,658,10,10,1,random_activity,1,9.696977511987013,0.0,0,0.17824028253510338,88.80859577438834,2.1897207947617376,0,8.68855164667262,46.9363222,7.4681231,9455383242,gym,Gym 1,9455383242.0,walk,0.0,0.0
484,659,10,11,0,stay,1,11.919781906301528,0.0,0,0.28418809528207506,69.10783717944207,2.067716508195266,0,11.919781906301528,46.9363222,7.4681231,9455383242,,,,,0.0,0.0
485,661,10,13,1,random_activity,2,13.663804907862602,0.0,0,0.3727095947492533,79.16618993635898,2.2828418286066334,0,13.663804907862602,46.878604,7.4926271,13193385739,pool,Pool 1,13193385739.0,walk,8962.966612622162,112.03708265777702
486,662,10,14,0,stay,1,13.92622806360919,0.0,0,0.3202739589592417,82.56718108101228,1.8056929755088944,0,13.92622806360919,46.878604,7.4926271,13193385739,,,,,0.0,0.0
487,663,10,15,0,stay,1,15.283311788843237,0.0,0,0.3127958957636642,73.51658762852858,0.0,0,15.283311788843237,46.878604,7.4926271,13193385739,,,,,0.0,0.0
488,664,10,16,1,random_activity,1,14.777921600636885,0.0,0,0.11268177309018558,71.05442098509847,3.204042453100661,0,14.777921600636885,46.9363222,7.4681231,9455383242,gym,Gym 1,9455383242.0,bike,8962.96661262216,35.85186645048864
489,665,10,17,1,random_activity,1,13.971153461810657,0.0,0,0.12526076867430064,84.92077842090777,2.1063095077746574,0,13.971153461810657,46.878604,7.4926271,13193385739,pool,Pool 1,13193385739.0,bike,8962.966612622162,35.85186645048865
490,666,10,18,1,random_activity,1,12.206802736171301,0.0,0,0.0,74.66742656419402,2.0785791705400416,0,12.206802736171301,46.878604,7.4926271,13193385739,pool,Pool 1,13193385739.0,bike,0.0,0.0
491,667,10,19,1,random_activity,1,12.40968158719683,0.0,0,0.0,74.51338862264875,2.9482669759144864,0,12.40968158719683,46.878604,7.4926271,13193385739,pool,Pool 1,13193385739.0,bike,0.0,0.0
492,671,10,23,1,random_activity,4,8.28617633449461,0.0,0,0.0,90.48737909289461,1.3725975457443844,0,7.843581504937368,46.9027976,7.342526,3361001766,park,Park 1,3361001766.0,walk,15087.363220614176,188.59204025767718
493,674,10,2,1,random_activity,3,7.081031626129097,0.0,0,0.0,87.95245017829174,2.0541096447249956,0,5.74189418540944,46.9363222,7.4681231,9455383242,gym,Gym 1,9455383242.0,walk,12575.320799828736,157.1915099978592
494,675,10,3,1,random_activity,1,7.679376360189297,0.0,0,0.0,98.97723532946561,2.0840223650434595,0,6.413704287512536,46.9027976,7.342526,3361001766,park,Park 1,3361001766.0,bike,12575.320799828734,50.30128319931494
495,676,10,4,1,random_activity,1,7.160326782586674,0.0,0,0.0,95.8914084843982,2.0274375423598787,0,5.85897176326576,46.9363222,7.4681231,9455383242,gym,Gym 1,9455383242.0,drive,13100.897090182036,26.20179418036407
496,677,10,5,1,random_activity,1,6.497848781554855,0.0,0,0.0,93.94125017956551,1.9945340572159318,0,5.118106741287522,46.9027976,7.342526,3361001766,park,Park 1,3361001766.0,bike,12575.320799828734,50.30128319931494
497,678,10,6,1,random_activity,1,8.262356721785897,0.0,0,0.0,94.03620115153898,2.221435182517961,0,6.9801846164339665,46.9027976,7.342526,3361001766,park,Park 1,3361001766.0,drive,0.0,0.0
498,679,10,7,1,random_activity,1,10.161905660387582,0.0,0,0.0,84.56295356116372,3.021746368336478,0,10.161905660387582,46.9363222,7.4681231,9455383242,gym,Gym 1,9455383242.0,bike,12575.320799828736,50.301283199314945
499,680,10,8,1,random_activity,1,11.007374283440306,0.0,0,0.025755256722394988,85.28220197473033,0.9654794551203016,0,11.007374283440306,46.9363222,7.4681231,9455383242,gym,Gym 1,9455383242.0,walk,0.0,0.0
500,681,10,9,0,stay,1,11.512522985312945,0.0,0,0.07829707949684224,79.58796092132492,2.2398309049885854,0,11.512522985312945,46.9363222,7.4681231,9455383242,,,,,0.0,0.0
501,682,10,10,1,random_activity,1,11.744688176496709,0.0,0,0.22601290827114218,81.97192390638679,1.8100141657197317,0,11.744688176496709,46.9363222,7.4681231,9455383242,gym,Gym 1,9455383242.0,drive,0.0,0.0
502,683,10,11,1,random_activity,1,15.78753923515907,0.0,0,0.30738810966141755,67.43063717142175,2.6837429378961204,0,15.78753923515907,46.9363222,7.4681231,9455383242,gym,Gym 1,9455383242.0,walk,0.0,0.0
503,684,10,12,0,stay,1,15.451324192026426,0.0,0,0.3647288146438891,69.52623360416636,1.0760370247015667,0,15.451324192026426,46.9363222,7.4681231,9455383242,,,,,0.0,0.0
504,685,10,13,0,stay,1,14.828310208287679,0.0,0,0.324244223649066,79.42380043992934,0.67087702353883,0,14.828310208287679,46.9363222,7.4681231,9455383242,,,,,0.0,0.0
505,686,10,14,1,random_activity,1,15.094749520761498,0.0,0,0.3310953415724528,69.79580399508694,1.8468840649440044,0,15.094749520761498,46.9363222,7.4681231,9455383242,gym,Gym 1,9455383242.0,bike,0.0,0.0
506,687,10,15,1,random_activity,1,16.55241877026446,0.0,0,0.261468830820551,72.36281296860022,0.8981215947558202,0,16.55241877026446,46.9363222,7.4681231,9455383242,gym,Gym 1,9455383242.0,drive,0.0,0.0
507,688,10,16,0,stay,1,16.350737035612664,0.0,0,0.17708659083793094,81.07669899209354,1.8888751260349796,0,16.350737035612664,46.9363222,7.4681231,9455383242,,,,,0.0,0.0
508,689,10,17,1,random_activity,1,16.822090252994414,0.0,0,0.11788390271156382,73.15141779007485,1.2651295151761919,0,16.822090252994414,46.9027976,7.342526,3361001766,park,Park 1,3361001766.0,drive,13384.255902818171,26.768511805636344
509,692,10,20,1,random_activity,3,13.082317781178778,0.0,0,0.0,76.1507312565755,1.0133332220138156,0,13.082317781178778,46.9363222,7.4681231,9455383242,gym,Gym 1,9455383242.0,walk,12575.320799828736,157.1915099978592
510,694,10,22,1,random_activity,2,10.458343542886134,0.0,0,0.0,83.83073981030968,1.6853845307029023,0,10.458343542886134,46.878604,7.4926271,13193385739,pool,Pool 1,13193385739.0,walk,8962.966612622162,112.03708265777702
511,695,10,23,0,stay,1,8.578242614374732,0.0,0,0.0,76.96507490430687,0.7068113984873071,0,8.578242614374732,46.878604,7.4926271,13193385739,,,,,0.0,0.0
512,696,10,0,1,random_activity,1,6.427221024682057,0.0,0,0.0,89.19123267085624,1.4621205895192018,0,5.621626593476662,46.9363222,7.4681231,9455383242,gym,Gym 1,9455383242.0,bike,8962.96661262216,35.85186645048864
513,697,10,1,0,stay,1,5.61731983198911,0.0,0,0.0,96.05100000257896,1.548067408805273,0,4.590338945829152,46.9363222,7.4681231,9455383242,,,,,0.0,0.0
514,698,10,2,0,stay,1,4.498252109627011,0.0,0,0.0,98.91202753430402,0.0,0,4.498252109627011,46.9363222,7.4681231,9455383242,,,,,0.0,0.0
515,701,10,5,1,random_activity,3,5.116032651323978,0.0,0,0.0,97.04967031034367,1.4447566076369853,0,4.152424613233963,46.9027976,7.342526,3361001766,park,Park 1,3361001766.0,walk,12575.320799828734,157.19150999785919
516,705,10,9,1,random_activity,4,8.515805528548302,0.0,0,0.24639693062394238,86.06753880116693,1.0576823882904143,0,8.515805528548302,46.878604,7.4926271,13193385739,pool,Pool 1,13193385739.0,walk,15087.363220614172,188.59204025767716
517,709,10,13,1,random_activity,4,12.41102224996542,0.0,0,0.5696812251239294,77.5831866590743,2.4249777677860367,0,12.41102224996542,46.9027976,7.342526,3361001766,park,Park 1,3361001766.0,walk,15087.363220614176,188.59204025767718
518,710,10,14,1,random_activity,1,12.367785931813422,0.0,0,0.5121192068054454,72.74273942772616,2.6682678869488505,0,12.367785931813422,46.9027976,7.342526,3361001766,park,Park 1,3361001766.0,drive,0.0,0.0
519,711,10,15,1,random_activity,1,13.044725961686606,0.0,0,0.4858598266171076,66.3616936019961,1.1365980321331945,0,13.044725961686606,46.9027976,7.342526,3361001766,park,Park 1,3361001766.0,walk,0.0,0.0
520,712,10,16,1,random_activity,1,13.421808195906134,0.0,0,0.3529408162399218,76.92946352114855,0.7446670899233002,0,13.421808195906134,46.9363222,7.4681231,9455383242,gym,Gym 1,9455383242.0,drive,13100.897090182036,26.20179418036407
521,713,10,17,1,random_activity,1,13.67782611081462,0.0,0,0.17642309294579997,72.44740677990306,0.02168713359349317,0,13.67782611081462,46.9027976,7.342526,3361001766,park,Park 1,3361001766.0,bike,12575.320799828734,50.30128319931494
522,714,10,18,1,random_activity,1,13.37607555805973,0.0,0,0.05849599639629924,78.69262201112727,2.0516386549611947,0,13.37607555805973,46.9027976,7.342526,3361001766,park,Park 1,3361001766.0,drive,0.0,0.0
523,715,10,19,1,random_activity,1,11.845856673415295,0.0,0,0.0,80.69941954940711,0.9270768769288719,0,11.845856673415295,46.9027976,7.342526,3361001766,park,Park 1,3361001766.0,bike,0.0,0.0
524,716,10,20,1,random_activity,1,10.846120548783842,0.0,0,0.0,81.4695829219677,1.129019799811169,0,10.846120548783842,46.9027976,7.342526,3361001766,park,Park 1,3361001766.0,drive,0.0,0.0
525,718,10,22,1,random_activity,2,8.88193657496221,0.0,0,0.0,79.37877613662484,3.067246362529125,0,7.128065398278941,46.878604,7.4926271,13193385739,pool,Pool 1,13193385739.0,bike,15087.363220614172,60.34945288245669
526,719,10,23,1,random_activity,1,6.47468707682113,0.0,0,0.0,94.33856075397696,2.1888730764845614,0,4.910391760064227,46.9027976,7.342526,3361001766,park,Park 1,3361001766.0,drive,16686.416243763804,33.37283248752761
527,720,11,0,0,stay,1,0.8994248531116287,0.0,0,0.0,89.87747647394036,2.3673557238284815,0,-1.8210356955245288,46.9027976,7.342526,3361001766,,,,,0.0,0.0
528,721,11,1,1,random_activity,1,0.41556750706319523,0.0,0,0.0,93.89569116502639,2.8050595075547355,0,-2.8259381432375483,46.9027976,7.342526,3361001766,park,Park 1,3361001766.0,bike,0.0,0.0
529,722,11,2,1,random_activity,1,0.3281119713186338,0.0,0,0.0,91.02491877617224,1.8282001118457016,0,-1.8539407410309414,46.878604,7.4926271,13193385739,pool,Pool 1,13193385739.0,drive,16642.985193898883,33.28597038779777
530,724,11,4,1,random_activity,2,0.4500230174292267,0.0,0,0.0,91.85338837848369,0.4798024725646781,0,0.4500230174292267,46.9027976,7.342526,3361001766,park,Park 1,3361001766.0,bike,15087.363220614176,60.3494528824567
531,725,11,5,1,random_activity,1,-0.06374365176849128,0.0,0,0.0,96.55312468318232,3.3091354434651468,0,-3.8404569468056735,46.878604,7.4926271,13193385739,pool,Pool 1,13193385739.0,drive,16642.985193898883,33.28597038779777
532,726,11,6,1,random_activity,1,1.3281010627926049,0.0,0,0.0,94.94095173435753,1.5778462449449293,0,-0.3557532146409888,46.9363222,7.4681231,9455383242,gym,Gym 1,9455383242.0,bike,8962.96661262216,35.85186645048864
533,727,11,7,0,stay,1,2.520371909772459,0.0,0,0.0,92.82023203421033,1.4355260739464495,0,1.2143123383434369,46.9363222,7.4681231,9455383242,,,,,0.0,0.0
534,728,11,8,0,stay,1,3.6247777119022135,0.0,0,0.02270297089402766,90.33378191888951,1.0552554304036597,0,3.6247777119022135,46.9363222,7.4681231,9455383242,,,,,0.0,0.0
535,729,11,9,1,random_activity,1,4.490932454354213,0.0,0,0.0948556293834453,83.74126125504006,0.9353899949324346,0,4.490932454354213,46.878604,7.4926271,13193385739,pool,Pool 1,13193385739.0,bike,8962.966612622162,35.85186645048865
536,730,11,10,1,random_activity,1,5.695116240897543,0.0,0,0.07364199951998279,86.33188416791256,1.7844529774519524,0,4.403594121372921,46.9363222,7.4681231,9455383242,gym,Gym 1,9455383242.0,drive,11635.896545603482,23.271793091206963
537,731,11,11,1,random_activity,1,5.569782104302658,0.0,0,0.14624281993827332,82.7963528573899,0.9116686502241451,0,5.569782104302658,46.9363222,7.4681231,9455383242,gym,Gym 1,9455383242.0,walk,0.0,0.0
538,732,11,12,1,random_activity,1,4.682255691046352,0.0,0,0.14422634721429728,80.13892817723374,2.383025527512154,0,2.6272921957824815,46.9027976,7.342526,3361001766,park,Park 1,3361001766.0,drive,13384.255902818171,26.768511805636344
539,733,11,13,1,random_activity,1,5.051920162224976,0.0,0,0.10382885960935316,77.48776722586729,2.9212301569994357,0,2.626338578012732,46.9363222,7.4681231,9455383242,gym,Gym 1,9455383242.0,bike,12575.320799828736,50.301283199314945
540,734,11,14,1,random_activity,1,5.1263600749599245,0.0,0,0.1082660374294784,73.65002955005455,1.674065541877877,0,3.874424045867073,46.9363222,7.4681231,9455383242,gym,Gym 1,9455383242.0,bike,0.0,0.0
541,735,11,15,0,stay,1,6.850592407017004,0.0,0,0.09702113337945406,82.12552603863537,2.3802532210939957,0,5.188753970913733,46.9363222,7.4681231,9455383242,,,,,0.0,0.0
542,736,11,16,0,stay,1,7.265106599695305,0.0,0,0.07566576799489319,76.87464270054218,1.6045712631757798,0,6.409501644890349,46.9363222,7.4681231,9455383242,,,,,0.0,0.0
543,737,11,17,0,stay,1,6.837349575059311,0.0,0,0.0,75.76472027887822,0.4441521749137798,0,6.837349575059311,46.9363222,7.4681231,9455383242,,,,,0.0,0.0
544,738,11,18,0,stay,1,6.3592284955781935,0.0,0,0.0,80.21111013365,0.0,0,6.3592284955781935,46.9363222,7.4681231,9455383242,,,,,0.0,0.0
545,739,11,19,0,stay,1,6.072150239786691,0.0,0,0.0,91.79983832822239,1.9437397575743716,0,4.672924375674796,46.9363222,7.4681231,9455383242,,,,,0.0,0.0
546,740,11,20,0,stay,1,5.828526919035713,0.0,0,0.0,83.01432548581154,2.8138958210557856,0,3.6360807079633357,46.9363222,7.4681231,9455383242,,,,,0.0,0.0
547,741,11,21,0,stay,1,5.650533073784409,0.0,0,0.0,91.56898797313606,1.9455661447208386,0,4.180993134578096,46.9363222,7.4681231,9455383242,,,,,0.0,0.0
548,742,11,22,0,stay,1,5.1557102323794375,0.0,0,0.0,85.19837145981396,3.241771503298802,0,2.5226387785301916,46.9363222,7.4681231,9455383242,,,,,0.0,0.0
549,744,11,0,1,random_activity,2,2.2921735338938305,0.0,0,0.0,96.63081552538317,1.9786154164100935,0,0.2386674425688737,46.878604,7.4926271,13193385739,pool,Pool 1,13193385739.0,walk,8962.966612622162,112.03708265777702
550,746,11,2,1,random_activity,2,1.0254794395338391,0.0,0,0.0,94.18377174045219,2.480795622739437,0,-1.7883688074246804,46.9027976,7.342526,3361001766,park,Park 1,3361001766.0,bike,15087.363220614176,60.3494528824567
551,747,11,3,1,random_activity,1,1.9911940540189963,0.0,0,0.0,93.43385079522555,1.8663540123727673,0,0.02302162160503545,46.9027976,7.342526,3361001766,park,Park 1,3361001766.0,bike,0.0,0.0
552,748,11,4,0,stay,1,2.671323974456115,0.0,0,0.0,97.2313463653915,1.4241497387303033,0,1.4029533146677646,46.9027976,7.342526,3361001766,,,,,0.0,0.0
553,751,11,7,1,random_activity,3,4.600128257644963,0.0,0,0.0,88.53794070519473,2.0136422317780123,0,2.8881135491509804,46.9363222,7.4681231,9455383242,gym,Gym 1,9455383242.0,walk,12575.320799828736,157.1915099978592
554,752,11,8,0,stay,1,5.171355019886352,0.0,0,0.12300355048524093,86.24078906129903,3.415037705187827,0,2.426104513478009,46.9363222,7.4681231,9455383242,,,,,0.0,0.0
555,753,11,9,1,random_activity,1,5.018530144822602,0.0,0,0.2443718744136052,85.63113881783241,1.480280816460242,0,3.994014560753314,46.9027976,7.342526,3361001766,park,Park 1,3361001766.0,bike,12575.320799828734,50.30128319931494
556,757,11,13,1,random_activity,4,7.942453538017059,0.0,0,0.3228624024883164,79.91721400968694,0.3418241881021109,0,7.942453538017059,46.878604,7.4926271,13193385739,pool,Pool 1,13193385739.0,walk,15087.363220614172,188.59204025767716
557,761,11,17,1,random_activity,4,7.737182185552309,0.0,0,0.0,79.68778840048908,2.3901778717181656,0,6.227271724627441,46.9027976,7.342526,3361001766,park,Park 1,3361001766.0,walk,15087.363220614176,188.59204025767718
558,762,11,18,1,random_activity,1,7.910474549135729,0.0,0,0.0,74.3555715886497,0.930402995724148,0,7.910474549135729,46.878604,7.4926271,13193385739,pool,Pool 1,13193385739.0,drive,16642.985193898883,33.28597038779777
559,763,11,19,0,stay,1,6.408773174374601,0.0,0,0.0,82.35225892833473,1.1511746229561115,0,6.408773174374601,46.878604,7.4926271,13193385739,,,,,0.0,0.0
560,764,11,20,1,random_activity,1,5.745946303885292,0.0,0,0.0,74.03849370422279,1.3841884993597138,0,4.949578932743914,46.878604,7.4926271,13193385739,pool,Pool 1,13193385739.0,bike,0.0,0.0
561,765,11,21,0,stay,1,4.3906176064991875,0.0,0,0.0,81.55182061305452,1.2962046383948154,0,4.3906176064991875,46.878604,7.4926271,13193385739,,,,,0.0,0.0
562,766,11,22,1,random_activity,1,3.9920564244943226,0.0,0,0.0,85.74392214645074,1.3561012269553236,0,3.0025401209762017,46.9027976,7.342526,3361001766,park,Park 1,3361001766.0,drive,16686.416243763804,33.37283248752761
563,767,11,23,1,random_activity,1,2.916513552231811,0.0,0,0.0,93.97129257393,3.0442854928982976,0,-0.03201341477354921,46.9027976,7.342526,3361001766,park,Park 1,3361001766.0,walk,0.0,0.0
564,768,11,0,1,random_activity,1,2.1395431968204495,0.0,0,0.0,88.58208853312975,0.8482407661524705,0,2.1395431968204495,46.9363222,7.4681231,9455383242,gym,Gym 1,9455383242.0,bike,12575.320799828736,50.301283199314945
565,769,11,1,0,stay,1,2.2247784438500333,0.0,0,0.0,92.84414975298051,1.7820131969323445,0,0.39849783308293735,46.9363222,7.4681231,9455383242,,,,,0.0,0.0
566,770,11,2,1,random_activity,1,2.1450574781424843,0.0,0,0.0,96.94609645567834,1.8463031710017748,0,0.2259436432007394,46.9027976,7.342526,3361001766,park,Park 1,3361001766.0,bike,12575.320799828734,50.30128319931494
567,771,11,3,1,random_activity,1,1.178053077028806,0.0,0,0.0,98.25131900767491,0.0299011883586211,0,1.178053077028806,46.9027976,7.342526,3361001766,park,Park 1,3361001766.0,walk,0.0,0.0
568,775,11,7,1,random_activity,4,2.3930228077741997,0.0,0,0.0,99.68156183303253,1.4194276421050365,0,1.0939683701694334,46.878604,7.4926271,13193385739,pool,Pool 1,13193385739.0,walk,15087.363220614172,188.59204025767716
569,777,11,9,1,random_activity,2,4.400842194885954,0.0,0,0.2777884184218931,87.20035376588544,2.2836324123109066,0,2.3873159952958054,46.9027976,7.342526,3361001766,park,Park 1,3361001766.0,bike,15087.363220614176,60.3494528824567
570,780,11,12,1,random_activity,3,6.0000833016981545,0.0,0,0.4255225756345781,77.62052097496874,2.829405611966846,0,3.8296931826525573,46.9363222,7.4681231,9455383242,gym,Gym 1,9455383242.0,walk,12575.320799828736,157.1915099978592
571,781,11,13,1,random_activity,1,6.323520062947799,0.0,0,0.39283578851407447,75.0690961951696,0.9188845641118399,0,6.323520062947799,46.9363222,7.4681231,9455383242,gym,Gym 1,9455383242.0,drive,0.0,0.0
572,782,11,14,1,random_activity,1,7.068122393359699,0.0,0,0.32661162239662594,69.27372504330167,0.6640805999737011,0,7.068122393359699,46.9363222,7.4681231,9455383242,gym,Gym 1,9455383242.0,drive,0.0,0.0
573,783,11,15,0,stay,1,8.075068738049968,0.0,0,0.22230609148480687,77.44826925702205,1.7748218342330513,0,7.161916493562781,46.9363222,7.4681231,9455383242,,,,,0.0,0.0
574,786,11,18,1,random_activity,3,5.897155787625456,0.0,0,0.0,78.85877323551888,4.24860545404575,0,2.8272130270942046,46.9027976,7.342526,3361001766,park,Park 1,3361001766.0,walk,12575.320799828734,157.19150999785919
575,790,11,22,1,random_activity,4,3.1616121904120313,0.0,0,0.0,85.40143818334506,0.8129424846301107,0,3.1616121904120313,46.878604,7.4926271,13193385739,pool,Pool 1,13193385739.0,walk,15087.363220614172,188.59204025767716
576,791,11,23,1,random_activity,1,3.4513937000147292,0.0,0,0.0,93.78834174396106,2.22027625824972,0,1.3332171796895251,46.878604,7.4926271,13193385739,pool,Pool 1,13193385739.0,drive,0.0,0.0
577,792,11,0,0,stay,1,2.311008907818126,0.0,0,0.0,96.3561330127726,1.262028100965056,0,2.311008907818126,46.878604,7.4926271,13193385739,,,,,0.0,0.0
578,793,11,1,1,random_activity,1,1.6280012425861523,0.0,0,0.0,90.04757373996516,1.1530565264143842,0,1.6280012425861523,46.9363222,7.4681231,9455383242,gym,Gym 1,9455383242.0,bike,8962.96661262216,35.85186645048864
579,794,11,2,1,random_activity,1,1.534898676679153,0.0,0,0.0,97.40113367516814,1.1916524628397498,0,1.534898676679153,46.878604,7.4926271,13193385739,pool,Pool 1,13193385739.0,bike,8962.966612622162,35.85186645048865
580,795,11,3,1,random_activity,1,1.0381017629964704,0.0,0,0.0,91.48108064339708,2.8392428749444414,0,-2.1127497766473744,46.9363222,7.4681231,9455383242,gym,Gym 1,9455383242.0,bike,8962.96661262216,35.85186645048864
581,796,11,4,1,random_activity,1,0.5051835500563717,0.0,0,0.0,100.0,0.2778090415475203,0,0.5051835500563717,46.878604,7.4926271,13193385739,pool,Pool 1,13193385739.0,bike,8962.966612622162,35.85186645048865
582,797,11,5,1,random_activity,1,0.43549706141393496,0.0,0,0.0,100.0,3.227100573440895,0,-3.1695064786116767,46.878604,7.4926271,13193385739,pool,Pool 1,13193385739.0,drive,0.0,0.0
583,798,11,6,0,stay,1,0.3027865043445708,0.0,0,0.0,91.81925049740585,0.6859166575931243,0,0.3027865043445708,46.878604,7.4926271,13193385739,,,,,0.0,0.0
584,799,11,7,0,stay,1,0.37397849940326955,0.0,0,0.0,93.50873102818818,1.9715779545188357,0,-1.9851191683974792,46.878604,7.4926271,13193385739,,,,,0.0,0.0
585,800,11,8,1,random_activity,1,2.750004329076325,0.0,0,0.01659490462661542,93.7256233311084,1.5500543759351673,0,1.3102462723063644,46.878604,7.4926271,13193385739,pool,Pool 1,13193385739.0,bike,0.0,0.0
586,801,11,9,1,random_activity,1,4.017016935186501,0.0,0,0.06863952807037696,89.58231404065339,1.4679723944995948,0,2.870070797475807,46.878604,7.4926271,13193385739,pool,Pool 1,13193385739.0,drive,0.0,0.0
587,803,11,11,1,random_activity,2,6.565448441566504,0.0,0,0.18510777777302365,79.79390829524135,0.5412900407193264,0,6.565448441566504,46.9027976,7.342526,3361001766,park,Park 1,3361001766.0,bike,15087.363220614176,60.3494528824567
588,804,11,12,1,random_activity,1,7.176346616414439,0.0,0,0.18826376389433183,73.98982335752393,2.6110950906975843,0,5.393947406143395,46.9027976,7.342526,3361001766,park,Park 1,3361001766.0,drive,0.0,0.0
589,805,11,13,1,random_activity,1,7.617175411513087,0.0,0,0.1490852323344042,72.71528459781138,1.534801772345249,0,6.891271847556564,46.9027976,7.342526,3361001766,park,Park 1,3361001766.0,walk,0.0,0.0
590,807,11,15,1,random_activity,2,8.090899760391439,0.0,0,0.15730673412566104,72.24584799048596,2.5282104515497155,0,6.5409801177525555,46.878604,7.4926271,13193385739,pool,Pool 1,13193385739.0,bike,15087.363220614172,60.34945288245669
591,808,11,16,1,random_activity,1,8.512073018147154,0.0,0,0.0701072795051425,72.42917807267777,0.7801678397882972,0,8.512073018147154,46.878604,7.4926271,13193385739,pool,Pool 1,13193385739.0,drive,0.0,0.0
592,810,11,18,1,random_activity,2,8.266380280537721,0.0,0,0.0,80.47742731216557,1.4071221465599273,0,7.779561342396875,46.9363222,7.4681231,9455383242,gym,Gym 1,9455383242.0,walk,8962.96661262216,112.037082657777
593,811,11,19,1,random_activity,1,7.295162699489607,0.0,0,0.0,77.17347485985428,2.0012342477505007,0,6.040400706057759,46.9363222,7.4681231,9455383242,gym,Gym 1,9455383242.0,bike,0.0,0.0
594,812,11,20,1,random_activity,1,7.188364851696534,0.0,0,0.0,80.13254840567033,2.2876948013045917,0,5.663330136406862,46.878604,7.4926271,13193385739,pool,Pool 1,13193385739.0,bike,8962.966612622162,35.85186645048865
595,816,11,0,1,random_activity,4,2.9955288871685712,0.0,0,0.0,86.36671208642099,1.1382589748956813,0,2.9955288871685712,46.9027976,7.342526,3361001766,park,Park 1,3361001766.0,walk,15087.363220614176,188.59204025767718
596,817,11,1,1,random_activity,1,2.407525191126015,0.0,0,0.0,98.48886738174559,1.4852051256363512,0,1.012147606510712,46.9027976,7.342526,3361001766,park,Park 1,3361001766.0,drive,0.0,0.0
597,821,11,5,1,random_activity,4,3.189713659539149,0.0,0,0.0,88.962006502228,1.1242467950182635,0,3.189713659539149,46.878604,7.4926271,13193385739,pool,Pool 1,13193385739.0,walk,15087.363220614172,188.59204025767716
598,823,11,7,1,random_activity,2,5.129029673481071,0.0,0,0.0,94.06293885942675,1.0818896945528218,0,5.129029673481071,46.9027976,7.342526,3361001766,park,Park 1,3361001766.0,bike,15087.363220614176,60.3494528824567
599,824,11,8,0,stay,1,6.378452077097105,0.0,0,0.28479167555700535,92.62396709129811,1.5076212177188464,0,5.50946811502503,46.9027976,7.342526,3361001766,,,,,0.0,0.0
600,825,11,9,0,stay,1,6.529538979190003,0.0,0,0.46692573948786026,83.49816467812506,1.637117899635227,0,5.529159166619822,46.9027976,7.342526,3361001766,,,,,0.0,0.0
601,826,11,10,1,random_activity,1,6.221609575951419,0.0,0,0.6050627061595734,82.6983105681346,2.0168385822210997,0,4.7746852905077395,46.9363222,7.4681231,9455383242,gym,Gym 1,9455383242.0,bike,12575.320799828736,50.301283199314945
602,827,11,11,1,random_activity,1,7.388776531696379,0.0,0,0.5878303810723255,78.68597464089447,1.4494256670259613,0,6.731455476697551,46.9027976,7.342526,3361001766,park,Park 1,3361001766.0,drive,13384.255902818171,26.768511805636344
603,830,11,14,1,random_activity,3,8.336218269537174,0.0,0,0.4811450055169423,67.48422557582157,2.2768635823648493,0,7.022486326385346,46.9363222,7.4681231,9455383242,gym,Gym 1,9455383242.0,walk,12575.320799828736,157.1915099978592
604,831,11,15,1,random_activity,1,7.93523178998213,0.0,0,0.24964108563692322,81.4436544785407,1.6751834602696283,0,7.10222431926171,46.878604,7.4926271,13193385739,pool,Pool 1,13193385739.0,drive,11843.45562545482,23.686911250909642
605,832,11,16,1,random_activity,1,6.60313994666512,0.0,0,0.02708606948038607,75.419983443305,0.8881333748888509,0,6.60313994666512,46.878604,7.4926271,13193385739,pool,Pool 1,13193385739.0,walk,0.0,0.0
606,833,11,17,1,random_activity,1,7.458830448014949,0.0,0,0.0,82.44896918755678,1.9263141963821204,0,6.301233844403779,46.9363222,7.4681231,9455383242,gym,Gym 1,9455383242.0,bike,8962.96661262216,35.85186645048864
607,834,11,18,0,stay,1,7.043181928542619,0.0,0,0.0,79.92660092619536,1.1102802421105824,0,7.043181928542619,46.9363222,7.4681231,9455383242,,,,,0.0,0.0
608,835,11,19,1,random_activity,1,7.07546118736653,0.0,0,0.0,74.55604809438897,0.3562142781645994,0,7.07546118736653,46.9027976,7.342526,3361001766,park,Park 1,3361001766.0,drive,13384.255902818171,26.768511805636344
609,836,11,20,1,random_activity,1,6.936964671010359,0.0,0,0.0,87.99089349396029,2.834109561796261,0,4.946712791121968,46.9363222,7.4681231,9455383242,gym,Gym 1,9455383242.0,bike,12575.320799828736,50.301283199314945
610,837,11,21,1,random_activity,1,6.775340831525384,0.0,0,0.0,89.71451269091624,1.4125546410008292,0,6.080163750038491,46.9027976,7.342526,3361001766,park,Park 1,3361001766.0,drive,13384.255902818171,26.768511805636344
611,838,11,22,1,random_activity,1,3.8627950346210462,0.0,0,0.0,91.25800222798472,2.138970215918715,0,1.8977888726693868,46.9363222,7.4681231,9455383242,gym,Gym 1,9455383242.0,drive,13100.897090182036,26.20179418036407
612,839,11,23,0,stay,1,1.1076655976810685,0.0,0,0.0,89.26103127389673,1.618107482350556,0,-0.6663233569035517,46.9363222,7.4681231,9455383242,,,,,0.0,0.0
613,840,11,0,1,random_activity,1,2.276148025383778,0.0,0,0.0,99.3927593706404,2.122601066004927,0,0.05814829293335717,46.9363222,7.4681231,9455383242,gym,Gym 1,9455383242.0,bike,0.0,0.0
614,841,11,1,1,random_activity,1,2.108215146367839,0.0,0,0.0,92.23400091156604,1.0570056116010247,0,2.108215146367839,46.9027976,7.342526,3361001766,park,Park 1,3361001766.0,bike,12575.320799828734,50.30128319931494
615,842,11,2,0,stay,1,2.408979296597666,0.0,0,0.0,92.60965262693728,1.612387353286524,0,0.8337046718996217,46.9027976,7.342526,3361001766,,,,,0.0,0.0
616,843,11,3,1,random_activity,1,1.4409382087949538,0.0,0,0.0,93.52579273244001,2.054649145128674,0,-0.8414692295691731,46.9027976,7.342526,3361001766,park,Park 1,3361001766.0,bike,0.0,0.0
617,844,11,4,1,random_activity,1,2.2821332013414244,0.0,0,0.0,91.1214395708686,1.8218951784118493,0,0.41478318042339013,46.9027976,7.342526,3361001766,park,Park 1,3361001766.0,walk,0.0,0.0
618,846,11,6,1,random_activity,2,1.7429581361163695,0.0,0,0.0,94.26769033473991,0.3010516463220232,0,1.7429581361163695,46.878604,7.4926271,13193385739,pool,Pool 1,13193385739.0,bike,15087.363220614172,60.34945288245669
619,848,11,8,1,random_activity,2,2.4310611192034415,0.0,0,0.21055779409423378,92.90356749413063,0.7701147408710174,0,2.4310611192034415,46.9363222,7.4681231,9455383242,gym,Gym 1,9455383242.0,walk,8962.96661262216,112.037082657777
620,850,11,10,1,random_activity,2,4.705364380651107,0.0,0,0.350717104372424,85.8462243391909,2.5535491946597406,0,2.505604152520391,46.878604,7.4926271,13193385739,pool,Pool 1,13193385739.0,walk,8962.966612622162,112.03708265777702
621,851,11,11,1,random_activity,1,4.874041659192342,0.0,0,0.41211060152825796,77.72770711442134,1.6830654390376352,0,3.573579216765768,46.878604,7.4926271,13193385739,pool,Pool 1,13193385739.0,bike,0.0,0.0
622,852,11,12,1,random_activity,1,4.851624756523248,0.0,0,0.3498314935370996,84.41437834710918,0.8101583925123341,0,4.851624756523248,46.9363222,7.4681231,9455383242,gym,Gym 1,9455383242.0,bike,8962.96661262216,35.85186645048864
623,853,11,13,1,random_activity,1,5.565142688290893,0.0,0,0.39490840433122276,71.52555093476448,2.465425596464348,0,3.5988824619947084,46.9363222,7.4681231,9455383242,gym,Gym 1,9455383242.0,bike,0.0,0.0
624,854,11,14,1,random_activity,1,6.861823363423291,0.0,0,0.36975107336586177,75.95352112359771,1.949467824174449,0,5.585230071377067,46.9027976,7.342526,3361001766,park,Park 1,3361001766.0,drive,13384.255902818171,26.768511805636344
625,855,11,15,1,random_activity,1,6.075319035185209,0.0,0,0.20412843646381484,79.49432029818986,2.0203450563591407,0,4.600759701994611,46.9027976,7.342526,3361001766,park,Park 1,3361001766.0,walk,0.0,0.0
626,856,11,16,1,random_activity,1,6.891166924218171,0.0,0,0.02246895963409734,73.01245778188525,3.308644197175902,0,4.578011122994789,46.9027976,7.342526,3361001766,park,Park 1,3361001766.0,drive,0.0,0.0
627,857,11,17,0,stay,1,7.2128279965958555,0.0,0,0.0,80.33432966616805,0.9587817562636842,0,7.2128279965958555,46.9027976,7.342526,3361001766,,,,,0.0,0.0
628,858,11,18,1,random_activity,1,5.620930387863169,0.0,0,0.0,77.1767492515814,0.8167761070061986,0,5.620930387863169,46.9027976,7.342526,3361001766,park,Park 1,3361001766.0,bike,0.0,0.0
629,860,11,20,1,random_activity,2,3.8010343307491454,0.0,0,0.0,87.40687812225178,0.8577664646370131,0,3.8010343307491454,46.878604,7.4926271,13193385739,pool,Pool 1,13193385739.0,bike,15087.363220614172,60.34945288245669
630,861,11,21,0,stay,1,3.692607626496946,0.0,0,0.0,83.68987125827988,1.148366822920808,0,3.692607626496946,46.878604,7.4926271,13193385739,,,,,0.0,0.0
631,862,11,22,0,stay,1,2.5938171009473514,0.0,0,0.0,90.31018075288274,1.8159562530110984,0,0.782619301302216,46.878604,7.4926271,13193385739,,,,,0.0,0.0
632,863,11,23,1,random_activity,1,3.326333275372637,0.0,0,0.0,94.01161493163335,1.5540939660954156,0,1.9635385726381018,46.9363222,7.4681231,9455383242,gym,Gym 1,9455383242.0,bike,8962.96661262216,35.85186645048864
633,864,11,0,1,random_activity,1,3.941060200435016,0.0,0,0.0,96.20927460656821,2.751104821692646,0,1.431134314816794,46.9363222,7.4681231,9455383242,gym,Gym 1,9455383242.0,drive,0.0,0.0
634,865,11,1,1,random_activity,1,3.1894246172339935,0.0,0,0.0,80.13070312278386,1.79750293428717,0,1.4936957164057911,46.9027976,7.342526,3361001766,park,Park 1,3361001766.0,bike,12575.320799828734,50.30128319931494
635,866,11,2,1,random_activity,1,1.2343366087469485,0.0,0,0.0,97.58493318633884,1.1484277068208377,0,1.2343366087469485,46.878604,7.4926271,13193385739,pool,Pool 1,13193385739.0,drive,16642.985193898883,33.28597038779777
636,867,11,3,1,random_activity,1,2.3512133314088874,0.0,0,0.0,89.30077294634006,2.028155916130343,0,0.2507658449995513,46.9027976,7.342526,3361001766,park,Park 1,3361001766.0,drive,16686.416243763804,33.37283248752761
637,869,11,5,1,random_activity,2,2.524250462797866,0.0,0,0.0,88.23416910856895,3.511898640483833,0,-0.8552375432626135,46.878604,7.4926271,13193385739,pool,Pool 1,13193385739.0,bike,15087.363220614172,60.34945288245669
638,870,11,6,0,stay,1,2.022571079538944,0.0,0,0.0,93.26988500191146,2.0033540855371834,0,-0.10388963983138982,46.878604,7.4926271,13193385739,,,,,0.0,0.0
639,871,11,7,1,random_activity,1,1.4517485390012883,0.0,0,0.0,97.43974373954858,2.497106349783166,0,-1.299789458185112,46.878604,7.4926271,13193385739,pool,Pool 1,13193385739.0,drive,0.0,0.0
640,872,11,8,1,random_activity,1,2.029943989367256,0.0,0,0.0,90.53617457990812,1.9596901991122349,0,-0.044323875948393265,46.878604,7.4926271,13193385739,pool,Pool 1,13193385739.0,drive,0.0,0.0
641,876,11,12,1,random_activity,4,5.294641849339645,0.0,0,0.21342206966642677,75.7639439592964,2.435493067658169,0,3.3044514439031953,46.9027976,7.342526,3361001766,park,Park 1,3361001766.0,walk,15087.363220614176,188.59204025767718
642,877,11,13,0,stay,1,5.152516249253148,0.0,0,0.22596958313424004,75.9766747574848,1.3289689058089904,0,5.152516249253148,46.9027976,7.342526,3361001766,,,,,0.0,0.0
643,881,11,17,1,random_activity,4,6.130961103454448,0.0,0,0.0,73.00754869457427,2.963725438751343,0,3.889735071139088,46.878604,7.4926271,13193385739,pool,Pool 1,13193385739.0,walk,15087.363220614172,188.59204025767716
644,883,11,19,1,random_activity,2,4.42342184904833,0.0,0,0.0,84.52083017014526,0.0,0,4.42342184904833,46.9027976,7.342526,3361001766,park,Park 1,3361001766.0,bike,15087.363220614176,60.3494528824567
645,884,11,20,1,random_activity,1,3.9615966718550624,0.0,0,0.0,84.01256645106034,1.9936172840787698,0,2.1654522389428386,46.9027976,7.342526,3361001766,park,Park 1,3361001766.0,walk,0.0,0.0
646,887,11,23,1,random_activity,3,3.679440636211249,0.0,0,0.0,85.64651062596079,1.9452512793263437,0,1.8901180163178566,46.9363222,7.4681231,9455383242,gym,Gym 1,9455383242.0,walk,12575.320799828736,157.1915099978592
647,890,11,2,1,random_activity,3,2.575152657897513,0.0,0,0.0,92.14064854501513,1.8699415751868427,0,0.6954187374549371,46.9027976,7.342526,3361001766,park,Park 1,3361001766.0,walk,12575.320799828734,157.19150999785919
648,891,11,3,1,random_activity,1,1.8282663499411564,0.0,0,0.0,100.0,1.7488158006938843,0,-0.016393081413120174,46.9363222,7.4681231,9455383242,gym,Gym 1,9455383242.0,drive,13100.897090182036,26.20179418036407
649,892,11,4,1,random_activity,1,2.721639837816979,0.0,0,0.0,98.57306270285117,2.13428488623528,0,0.566864016609464,46.9363222,7.4681231,9455383242,gym,Gym 1,9455383242.0,walk,0.0,0.0
650,893,11,5,1,random_activity,1,2.930743849278894,0.0,0,0.0,88.23968798910707,1.7967776279335026,0,1.195650596519921,46.9363222,7.4681231,9455383242,gym,Gym 1,9455383242.0,drive,0.0,0.0
651,895,11,7,1,random_activity,2,3.3616879390199252,0.0,0,0.0,97.52255267813014,0.6272883272342707,0,3.3616879390199252,46.878604,7.4926271,13193385739,pool,Pool 1,13193385739.0,walk,8962.966612622162,112.03708265777702
652,896,11,8,0,stay,1,4.346540656079854,0.0,0,0.17917022904234453,88.39557597424346,1.9253842502062986,0,2.687156626157103,46.878604,7.4926271,13193385739,,,,,0.0,0.0
653,897,11,9,0,stay,1,4.781731884555827,0.0,0,0.11563163152792871,80.93262835166728,0.0,0,4.781731884555827,46.878604,7.4926271,13193385739,,,,,0.0,0.0
654,898,11,10,1,random_activity,1,6.358643616429404,0.0,0,0.17485778014435677,80.80566554907607,1.9348585385058823,0,5.0147678217488885,46.878604,7.4926271,13193385739,pool,Pool 1,13193385739.0,drive,0.0,0.0
655,899,11,11,1,random_activity,1,8.140737131305452,0.0,0,0.307623909709932,82.01314736687836,1.8771577724711426,0,7.139089781129652,46.9363222,7.4681231,9455383242,gym,Gym 1,9455383242.0,drive,11635.896545603482,23.271793091206963
656,900,11,12,1,random_activity,1,7.749851793496976,0.0,0,0.3508693807814779,74.94894759880508,2.088462756480128,0,6.49214858842786,46.9027976,7.342526,3361001766,park,Park 1,3361001766.0,bike,12575.320799828734,50.30128319931494
657,901,11,13,1,random_activity,1,8.21351026594833,0.0,0,0.23042675383750594,76.95964536466346,1.410398456870798,0,7.715637033979716,46.9363222,7.4681231,9455383242,gym,Gym 1,9455383242.0,drive,13100.897090182036,26.20179418036407
658,902,11,14,1,random_activity,1,10.619257546286967,0.0,0,0.2050301139769045,68.22956893429199,1.5712352792127866,0,10.619257546286967,46.9363222,7.4681231,9455383242,gym,Gym 1,9455383242.0,bike,0.0,0.0
659,903,11,15,1,random_activity,1,10.718286058100665,0.0,0,0.10655735969854391,73.46082242619539,2.779781901796335,0,10.718286058100665,46.9363222,7.4681231,9455383242,gym,Gym 1,9455383242.0,drive,0.0,0.0
660,904,11,16,0,stay,1,9.20815795579517,0.0,0,0.028793793857206186,76.25962893856175,0.5474726194021513,0,9.20815795579517,46.9363222,7.4681231,9455383242,,,,,0.0,0.0
661,907,11,19,1,random_activity,3,7.0624865995554975,0.0,0,0.0,82.65910370714202,0.13142231535433568,0,7.0624865995554975,46.9027976,7.342526,3361001766,park,Park 1,3361001766.0,walk,12575.320799828734,157.19150999785919
662,908,11,20,1,random_activity,1,5.913465863362201,0.0,0,0.0,71.52234053398789,0.6607730302724587,0,5.913465863362201,46.9027976,7.342526,3361001766,park,Park 1,3361001766.0,walk,0.0,0.0
663,909,11,21,0,stay,1,5.540569080722437,0.0,0,0.0,84.86998263751505,1.009688292463086,0,5.540569080722437,46.9027976,7.342526,3361001766,,,,,0.0,0.0
664,910,11,22,1,random_activity,1,4.438746065844782,0.0,0,0.0,86.6748697293771,1.758623241902379,0,2.982642243689955,46.878604,7.4926271,13193385739,pool,Pool 1,13193385739.0,drive,16642.985193898883,33.28597038779777
665,911,11,23,1,random_activity,1,4.484238555580369,0.0,0,0.0,85.713407079208,0.904754103102528,0,4.484238555580369,46.9363222,7.4681231,9455383242,gym,Gym 1,9455383242.0,bike,8962.96661262216,35.85186645048864
666,912,11,0,1,random_activity,1,2.9742319447259633,0.0,0,0.0,93.20326505321356,1.2466089459535772,0,2.9742319447259633,46.9363222,7.4681231,9455383242,gym,Gym 1,9455383242.0,drive,0.0,0.0
667,913,11,1,1,random_activity,1,0.8274174865351424,0.0,0,0.0,94.60541486583253,0.9626166465371512,0,0.8274174865351424,46.9027976,7.342526,3361001766,park,Park 1,3361001766.0,bike,12575.320799828734,50.30128319931494
668,914,11,2,1,random_activity,1,1.4668820797840008,0.0,0,0.0,99.10945874906888,1.2071440931745616,0,1.4668820797840008,46.9363222,7.4681231,9455383242,gym,Gym 1,9455383242.0,drive,13100.897090182036,26.20179418036407
669,915,11,3,1,random_activity,1,0.5647097759636595,0.0,0,0.0,100.0,1.1588000663894866,0,0.5647097759636595,46.878604,7.4926271,13193385739,pool,Pool 1,13193385739.0,drive,11843.45562545482,23.686911250909642
670,916,11,4,0,stay,1,0.1338955244256752,0.0,0,0.0,92.16434210555613,1.7563451669914227,0,-1.980890235655127,46.878604,7.4926271,13193385739,,,,,0.0,0.0
671,917,11,5,1,random_activity,1,1.1335221312717558,0.0,0,0.0,91.82176444945874,2.286758577790426,0,-1.4598990987298817,46.9363222,7.4681231,9455383242,gym,Gym 1,9455383242.0,drive,11635.896545603482,23.271793091206963
672,918,11,6,0,stay,1,1.3212052170470463,0.0,0,0.0,90.36748534999776,1.9466780011813118,0,-0.8528307899167389,46.9363222,7.4681231,9455383242,,,,,0.0,0.0
673,919,11,7,1,random_activity,1,2.3843135210780706,0.0,0,0.0,91.31778582971629,1.3790877661510594,0,1.1463214022751975,46.878604,7.4926271,13193385739,pool,Pool 1,13193385739.0,bike,8962.966612622162,35.85186645048865
674,921,11,9,1,random_activity,2,3.1898109127169056,0.0,0,0.3084436494709361,88.65163804338049,1.5791984274298148,0,1.7733018186900493,46.9363222,7.4681231,9455383242,gym,Gym 1,9455383242.0,walk,8962.96661262216,112.037082657777
675,922,11,10,1,random_activity,1,2.3365438099225946,0.0,0,0.4306913522559248,90.19942463331196,1.6368804270809343,0,0.7172679209639554,46.9363222,7.4681231,9455383242,gym,Gym 1,9455383242.0,bike,0.0,0.0
676,923,11,11,0,stay,1,3.4492399765445216,0.0,0,0.5031462113583268,86.33103422506849,0.41032961577425375,0,3.4492399765445216,46.9363222,7.4681231,9455383242,,,,,0.0,0.0
677,924,11,12,1,random_activity,1,5.03985519866772,0.0,0,0.48941267211807443,89.60031028402051,0.5325870947714286,0,5.03985519866772,46.9363222,7.4681231,9455383242,gym,Gym 1,9455383242.0,bike,0.0,0.0
678,925,11,13,1,random_activity,1,4.340767794260059,0.0,0,0.47626746769633155,76.56322104219888,0.9071032881394103,0,4.340767794260059,46.9027976,7.342526,3361001766,park,Park 1,3361001766.0,drive,13384.255902818171,26.768511805636344
679,926,11,14,1,random_activity,1,4.834081666302774,0.0,0,0.3743479710193561,74.76649134098037,2.429760025011768,0,2.765015694145257,46.9027976,7.342526,3361001766,park,Park 1,3361001766.0,bike,0.0,0.0
680,929,11,17,1,random_activity,3,4.981239789148738,0.0,0,0.0,85.63790326590309,2.069539027404407,0,3.2756653905037165,46.9363222,7.4681231,9455383242,gym,Gym 1,9455383242.0,walk,12575.320799828736,157.1915099978592
681,930,11,18,1,random_activity,1,4.390911907602866,0.0,0,0.0,82.10279523423517,1.739104379890517,0,2.950519998601272,46.9363222,7.4681231,9455383242,gym,Gym 1,9455383242.0,bike,0.0,0.0
682,931,11,19,0,stay,1,2.9414546815332376,0.0,0,0.0,83.1282861096632,0.9358718289762438,0,2.9414546815332376,46.9363222,7.4681231,9455383242,,,,,0.0,0.0
683,932,11,20,1,random_activity,1,1.8525692255961896,0.0,0,0.0,82.25755571298807,2.3982838148731473,0,-0.7277754370321432,46.9363222,7.4681231,9455383242,gym,Gym 1,9455383242.0,drive,0.0,0.0
684,933,11,21,0,stay,1,2.7030408544152067,0.0,0,0.0,83.36721225628119,0.7888995389887481,0,2.7030408544152067,46.9363222,7.4681231,9455383242,,,,,0.0,0.0
685,934,11,22,1,random_activity,1,2.3468952067675843,0.0,0,0.0,90.0935602679071,2.1514981449912707,0,0.10963796453838467,46.878604,7.4926271,13193385739,pool,Pool 1,13193385739.0,drive,11843.45562545482,23.686911250909642
686,936,11,0,1,random_activity,2,-0.5838793419180406,0.0,0,0.0,98.46360773427068,1.2902125926953487,0,-0.5838793419180406,46.9363222,7.4681231,9455383242,gym,Gym 1,9455383242.0,walk,8962.96661262216,112.037082657777
687,937,11,1,0,stay,1,-0.26664978094810876,0.0,0,0.0,98.73923025486529,2.7026578276255164,0,-3.5427104630880617,46.9363222,7.4681231,9455383242,,,,,0.0,0.0
688,938,11,2,1,random_activity,1,0.9105040811497351,0.0,0,0.0,93.65579061739079,2.8879536308399985,0,-2.3088661492949334,46.9363222,7.4681231,9455383242,gym,Gym 1,9455383242.0,drive,0.0,0.0
689,939,11,3,1,random_activity,1,0.42994304677086914,0.0,0,0.0,85.25330971845267,2.308316223261936,0,-2.3112767667284553,46.9363222,7.4681231,9455383242,gym,Gym 1,9455383242.0,walk,0.0,0.0
690,940,11,4,1,random_activity,1,0.3029404426885417,0.0,0,0.0,97.8956097945271,1.2680473178434712,0,0.3029404426885417,46.9363222,7.4681231,9455383242,gym,Gym 1,9455383242.0,drive,0.0,0.0
691,941,11,5,1,random_activity,1,-0.4335889389036538,0.0,0,0.0,100.0,0.6100494117844444,0,-0.4335889389036538,46.878604,7.4926271,13193385739,pool,Pool 1,13193385739.0,drive,11843.45562545482,23.686911250909642
692,942,11,6,1,random_activity,1,0.6164448365881476,0.0,0,0.0,93.23488222104781,1.1776865274311015,0,0.6164448365881476,46.878604,7.4926271,13193385739,pool,Pool 1,13193385739.0,drive,0.0,0.0
693,943,11,7,1,random_activity,1,1.6899167345250365,0.0,0,0.0,95.8799507174837,2.0815925656886716,0,-0.5816047181131564,46.878604,7.4926271,13193385739,pool,Pool 1,13193385739.0,bike,0.0,0.0
694,944,11,8,0,stay,1,2.862185136067261,0.0,0,0.1507526776031847,95.30751148652037,1.5861097621984734,0,1.3888422873208996,46.878604,7.4926271,13193385739,,,,,0.0,0.0
695,945,11,9,1,random_activity,1,3.8243784211889125,0.0,0,0.4436812320998949,83.14463366678976,1.3227337942519728,0,3.8243784211889125,46.878604,7.4926271,13193385739,pool,Pool 1,13193385739.0,walk,0.0,0.0
696,946,11,10,0,stay,1,4.885948172025473,0.0,0,0.5123235076449778,84.55165191720447,1.8784574666916969,0,3.364314470875895,46.878604,7.4926271,13193385739,,,,,0.0,0.0
697,947,11,11,0,stay,1,4.246572364416398,0.0,0,0.6400497294238171,89.66703090449745,2.11371960431169,0,2.372540925126793,46.878604,7.4926271,13193385739,,,,,0.0,0.0
698,948,11,12,0,stay,1,4.766333712917732,0.0,0,0.6618777534178021,77.62445881274124,0.5904812802210024,0,4.766333712917732,46.878604,7.4926271,13193385739,,,,,0.0,0.0
699,949,11,13,0,stay,1,5.303134337153325,0.0,0,0.5488188768652867,80.0719161592208,6.250398258529329,0,1.180977647007045,46.878604,7.4926271,13193385739,,,,,0.0,0.0
700,950,11,14,1,random_activity,1,4.2424035383881495,0.0,0,0.5192824171494741,73.16198825186797,1.4849006542320884,0,3.1034875047095647,46.9363222,7.4681231,9455383242,gym,Gym 1,9455383242.0,drive,11635.896545603482,23.271793091206963
701,951,11,15,0,stay,1,4.040549690735821,0.0,0,0.2543021319154932,83.17172598196672,2.4049528301905916,0,1.84972375854129,46.9363222,7.4681231,9455383242,,,,,0.0,0.0
702,953,11,17,1,random_activity,2,4.825177277717604,0.0,0,0.0,76.73354796958381,2.364321951829524,0,2.8127706148414138,46.878604,7.4926271,13193385739,pool,Pool 1,13193385739.0,walk,8962.966612622162,112.03708265777702
703,954,11,18,1,random_activity,1,3.7161573804488066,0.0,0,0.0,82.28453022356962,1.9686141314444314,0,1.9069788164377144,46.9363222,7.4681231,9455383242,gym,Gym 1,9455383242.0,drive,11635.896545603482,23.271793091206963
704,955,11,19,1,random_activity,1,4.1610720694781955,0.0,0,0.0,79.94706397626088,0.5235296827989617,0,4.1610720694781955,46.9363222,7.4681231,9455383242,gym,Gym 1,9455383242.0,bike,0.0,0.0
705,956,11,20,0,stay,1,4.031875508803648,0.0,0,0.0,82.80736175407814,2.8483243548589487,0,1.460973205335847,46.9363222,7.4681231,9455383242,,,,,0.0,0.0
706,957,11,21,1,random_activity,1,3.2779981012463923,0.0,0,0.0,84.46912197653404,1.3973222561556158,0,2.1318951070625953,46.9027976,7.342526,3361001766,park,Park 1,3361001766.0,bike,12575.320799828734,50.30128319931494
707,958,11,22,1,random_activity,1,3.03185348693075,0.0,0,0.0,92.49058444028968,1.1117573887147756,0,3.03185348693075,46.9027976,7.342526,3361001766,park,Park 1,3361001766.0,bike,0.0,0.0
708,961,11,1,1,random_activity,3,1.2942628262831415,0.0,0,0.0,89.3417315271198,2.5170077099437034,0,-1.5059177761823348,46.9363222,7.4681231,9455383242,gym,Gym 1,9455383242.0,walk,12575.320799828736,157.1915099978592
709,962,11,2,0,stay,1,0.37699054581290614,0.0,0,0.0,96.61815288048142,1.3711201817409966,0,-1.1154235157077055,46.9363222,7.4681231,9455383242,,,,,0.0,0.0
710,963,11,3,1,random_activity,1,-0.0339855090539567,0.0,0,0.0,95.53493221231913,1.6712701291168026,0,-2.0536558773765576,46.9363222,7.4681231,9455383242,gym,Gym 1,9455383242.0,walk,0.0,0.0
711,964,11,4,1,random_activity,1,0.2668847853705011,0.0,0,0.0,100.0,1.9380590654191008,0,-2.067530563026752,46.9363222,7.4681231,9455383242,gym,Gym 1,9455383242.0,bike,0.0,0.0
712,965,11,5,1,random_activity,1,0.4540821953000118,0.0,0,0.0,94.12640506102166,0.9205381616637898,0,0.4540821953000118,46.9363222,7.4681231,9455383242,gym,Gym 1,9455383242.0,bike,0.0,0.0
713,966,11,6,1,random_activity,1,1.9457650750081306,0.0,0,0.0,92.27926776456883,1.1982612032429643,0,1.9457650750081306,46.9363222,7.4681231,9455383242,gym,Gym 1,9455383242.0,bike,0.0,0.0
714,967,11,7,1,random_activity,1,3.21020955558322,0.0,0,0.0,90.64290695087065,1.306746570408312,0,3.21020955558322,46.9363222,7.4681231,9455383242,gym,Gym 1,9455383242.0,bike,0.0,0.0
715,968,11,8,1,random_activity,1,4.679010372039235,0.0,0,0.1837670715570541,84.995021237094,2.8632451573621447,0,2.22368423407901,46.878604,7.4926271,13193385739,pool,Pool 1,13193385739.0,drive,11843.45562545482,23.686911250909642
716,969,11,9,1,random_activity,1,4.823416139109328,1.9850001610881005,1,0.16094919493711102,93.13750753854652,2.243567222587851,0,2.921899987531865,46.9363222,7.4681231,9455383242,gym,Gym 1,9455383242.0,bike,8962.96661262216,35.85186645048864
717,971,11,11,1,random_activity,2,6.184503250368513,0.5993874111590601,1,0.26176721611831544,96.24269856318192,2.1034797138361285,0,4.648792399026868,46.878604,7.4926271,13193385739,pool,Pool 1,13193385739.0,walk,8962.966612622162,112.03708265777702
718,975,11,15,1,random_activity,4,7.879324751631431,2.613681984690805,1,0.15616506151905096,80.63668796782868,3.9259660275248836,0,5.434129659560306,46.9027976,7.342526,3361001766,park,Park 1,3361001766.0,walk,15087.363220614176,188.59204025767718
719,976,11,16,0,stay,1,7.911905922917464,0.0,0,0.059962756034332425,73.17623184161393,1.5485987613061993,0,7.212436504355797,46.9027976,7.342526,3361001766,,,,,0.0,0.0
720,979,11,19,1,random_activity,3,7.792803992011057,0.0,0,0.0,75.56198374691792,1.5996866324308896,0,7.019581266780435,46.9363222,7.4681231,9455383242,gym,Gym 1,9455383242.0,walk,12575.320799828736,157.1915099978592
721,982,11,22,1,random_activity,3,5.693502269253315,0.0,0,0.0,87.60745211837346,2.026331096346629,0,4.149757612279201,46.9027976,7.342526,3361001766,park,Park 1,3361001766.0,walk,12575.320799828734,157.19150999785919
722,986,11,2,1,random_activity,4,2.939841162508139,0.0,0,0.0,90.3610918251928,2.9825580696703096,0,0.04498492126509114,46.878604,7.4926271,13193385739,pool,Pool 1,13193385739.0,walk,15087.363220614172,188.59204025767716
723,987,11,3,1,random_activity,1,3.0561210393152964,0.0,0,0.0,87.79195694958943,1.6036325877617232,0,1.5872992809869322,46.9027976,7.342526,3361001766,park,Park 1,3361001766.0,drive,16686.416243763804,33.37283248752761
724,988,11,4,0,stay,1,0.8814827538090029,0.0,0,0.0,92.01410977365634,0.21906603198387975,0,0.8814827538090029,46.9027976,7.342526,3361001766,,,,,0.0,0.0
725,989,11,5,0,stay,1,2.2200541743087743,0.0,0,0.0,96.57578941499918,1.444978745920535,0,0.8586073616037697,46.9027976,7.342526,3361001766,,,,,0.0,0.0
726,990,11,6,0,stay,1,2.8404570273262504,0.5394887059213267,1,0.0,100.0,2.9119711247321898,0,-0.01709979538174977,46.9027976,7.342526,3361001766,,,,,0.0,0.0
727,991,11,7,1,random_activity,1,3.845734042275115,1.258972155989246,1,0.0,98.56545015906907,2.408794682285562,0,1.616082299854145,46.9363222,7.4681231,9455383242,gym,Gym 1,9455383242.0,drive,13100.897090182036,26.20179418036407
728,992,11,8,1,random_activity,1,1.790574513148836,0.36806788510497546,1,0.060302759410343534,98.64254895092509,2.4045817338929134,0,-0.8072928762084884,46.9027976,7.342526,3361001766,park,Park 1,3361001766.0,bike,12575.320799828734,50.30128319931494
729,993,11,9,0,stay,1,2.422400652818947,1.0622160737004356,1,0.1541793377220444,97.54006234957012,1.5285973142610145,0,0.9662763447513475,46.9027976,7.342526,3361001766,,,,,0.0,0.0
730,994,11,10,1,random_activity,1,2.943318584084087,3.100544236122069,1,0.19475154864311203,91.8780633903088,2.2822113923990446,0,0.6740214798498635,46.9027976,7.342526,3361001766,park,Park 1,3361001766.0,bike,0.0,0.0
731,995,11,11,0,stay,1,3.4712632970380737,0.8939713771102203,1,0.14527778380297884,97.42452657884994,1.140171444542758,0,3.4712632970380737,46.9027976,7.342526,3361001766,,,,,0.0,0.0
732,996,11,12,0,stay,1,4.272574212492958,0.8612832104499244,1,0.21209905764478165,93.4281129955314,2.426413394543424,0,2.104333918802139,46.9027976,7.342526,3361001766,,,,,0.0,0.0
733,997,11,13,1,random_activity,1,7.019319212679807,0.7473847624900939,1,0.1766985779458014,94.72693154676715,2.3405271247712216,0,5.420420966306271,46.9027976,7.342526,3361001766,park,Park 1,3361001766.0,bike,0.0,0.0
734,998,11,14,1,random_activity,1,6.218113768661992,1.3382287085498445,1,0.19793231731297586,87.07742276836493,2.145520521806578,0,4.649073338461444,46.9363222,7.4681231,9455383242,gym,Gym 1,9455383242.0,drive,13100.897090182036,26.20179418036407
735,999,11,15,1,random_activity,1,5.594104118572055,0.9315935791937214,1,0.07300928693601119,86.62886895893202,3.174459373446726,0,3.0978360635950253,46.878604,7.4926271,13193385739,pool,Pool 1,13193385739.0,drive,11843.45562545482,23.686911250909642
736,1000,11,16,1,random_activity,1,6.331777926961435,1.7844382678817954,1,0.050881740312305246,87.50062480107773,2.5868486876734003,0,4.4090899676667386,46.878604,7.4926271,13193385739,pool,Pool 1,13193385739.0,bike,0.0,0.0
737,1001,11,17,0,stay,1,8.395818888933944,0.0,0,0.0,77.2252264451671,3.156433869487503,0,6.48888207575979,46.878604,7.4926271,13193385739,,,,,0.0,0.0
738,1002,11,18,0,stay,1,6.4103942321754035,0.0,0,0.0,79.7674586791163,0.2811953787678405,0,6.4103942321754035,46.878604,7.4926271,13193385739,,,,,0.0,0.0
739,1004,11,20,1,random_activity,2,5.460674177220527,0.0,0,0.0,89.51278584776664,1.751218281700429,0,4.170023720665649,46.9027976,7.342526,3361001766,park,Park 1,3361001766.0,bike,15087.363220614176,60.3494528824567
740,1005,11,21,0,stay,1,4.095881466699737,0.0,0,0.0,81.80367716774481,1.441538665206385,0,2.996770139869381,46.9027976,7.342526,3361001766,,,,,0.0,0.0
741,1006,11,22,1,random_activity,1,3.2976749240902605,0.0,0,0.0,92.68529198872571,1.334472042440171,0,3.2976749240902605,46.878604,7.4926271,13193385739,pool,Pool 1,13193385739.0,drive,16642.985193898883,33.28597038779777
742,1007,11,23,0,stay,1,1.9975533795939275,0.0,0,0.0,91.54446174415357,0.8584375710780093,0,1.9975533795939275,46.878604,7.4926271,13193385739,,,,,0.0,0.0
743,1008,11,0,0,stay,1,1.2046139478774736,0.0,0,0.0,92.88642294420765,5.967204897483427,0,-3.9059518160778217,46.878604,7.4926271,13193385739,,,,,0.0,0.0
744,1010,11,2,1,random_activity,2,0.6010966655088863,0.0,0,0.0,98.74648813681365,0.583724826267465,0,0.6010966655088863,46.9363222,7.4681231,9455383242,gym,Gym 1,9455383242.0,walk,8962.96661262216,112.037082657777
745,1011,11,3,1,random_activity,1,0.21374446633820998,0.0,0,0.0,89.49318940942581,1.2857440475819668,0,0.21374446633820998,46.9027976,7.342526,3361001766,park,Park 1,3361001766.0,drive,13384.255902818171,26.768511805636344
746,1012,11,4,0,stay,1,0.5098164870734949,0.0,0,0.0,95.47307153238853,0.4527153822164065,0,0.5098164870734949,46.9027976,7.342526,3361001766,,,,,0.0,0.0
747,1013,11,5,1,random_activity,1,0.9764994510721312,0.0,0,0.0,95.52572738173947,1.110413663620267,0,0.9764994510721312,46.878604,7.4926271,13193385739,pool,Pool 1,13193385739.0,drive,16642.985193898883,33.28597038779777
748,1015,11,7,1,random_activity,2,1.8793127322054428,0.0,0,0.0,86.90840695301807,0.0,0,1.8793127322054428,46.9363222,7.4681231,9455383242,gym,Gym 1,9455383242.0,walk,8962.96661262216,112.037082657777
749,1016,11,8,0,stay,1,3.186583837966264,0.0,0,0.14062456092816727,92.4968208047842,1.4208740829727726,0,1.9931603491020964,46.9363222,7.4681231,9455383242,,,,,0.0,0.0
750,1017,11,9,1,random_activity,1,2.927046095269189,0.0,0,0.12552805763636724,89.03010317267605,0.922490814474714,0,2.927046095269189,46.878604,7.4926271,13193385739,pool,Pool 1,13193385739.0,drive,11843.45562545482,23.686911250909642
751,1018,11,10,1,random_activity,1,4.2048899420753045,0.0,0,0.14442654837572855,84.5157026003102,0.8147299578880624,0,4.2048899420753045,46.9363222,7.4681231,9455383242,gym,Gym 1,9455383242.0,drive,11635.896545603482,23.271793091206963
752,1019,11,11,0,stay,1,5.1936477129463,0.0,0,0.28875257784565456,79.37268061710554,2.887115779156949,0,2.821694593505626,46.9363222,7.4681231,9455383242,,,,,0.0,0.0
753,1020,11,12,0,stay,1,7.174976503336519,0.0,0,0.22735025698265007,81.64202235242149,2.8053702144241535,0,5.2514987935989135,46.9363222,7.4681231,9455383242,,,,,0.0,0.0
754,1021,11,13,0,stay,1,7.9812488016507395,0.0,0,0.38879316657773316,78.23897806104767,3.6731762728809314,0,5.6918619301509015,46.9363222,7.4681231,9455383242,,,,,0.0,0.0
755,1024,11,16,1,random_activity,3,5.09392111821669,0.0,0,0.10151464533110517,76.8485184236042,2.2066348025161897,0,3.2743326134006563,46.9027976,7.342526,3361001766,park,Park 1,3361001766.0,walk,12575.320799828734,157.19150999785919
756,1027,11,19,1,random_activity,3,3.6920289833482647,0.0,0,0.0,90.11349284684051,2.0520329935709523,0,1.7886839620052284,46.9363222,7.4681231,9455383242,gym,Gym 1,9455383242.0,walk,12575.320799828736,157.1915099978592
757,1028,11,20,1,random_activity,1,4.671448330271209,0.0,0,0.0,83.18671022822411,1.1221348894882566,0,4.671448330271209,46.878604,7.4926271,13193385739,pool,Pool 1,13193385739.0,drive,11843.45562545482,23.686911250909642
758,1029,11,21,1,random_activity,1,3.852434761937487,0.0,0,0.0,88.13008388724847,1.5602242560853539,0,2.556875238773123,46.878604,7.4926271,13193385739,pool,Pool 1,13193385739.0,walk,0.0,0.0
759,1030,11,22,1,random_activity,1,1.9755777121591194,0.0,0,0.0,91.22619107616599,2.0499201742201203,0,-0.21209019730223094,46.9027976,7.342526,3361001766,park,Park 1,3361001766.0,drive,16686.416243763804,33.37283248752761
760,1031,11,23,0,stay,1,2.2317326523074916,0.0,0,0.0,86.02020506315236,1.2428672243512626,0,2.2317326523074916,46.9027976,7.342526,3361001766,,,,,0.0,0.0
761,1032,11,0,1,random_activity,1,1.991158775780791,0.0,0,0.0,98.53234252891147,1.5891836757856967,0,0.38716961814280243,46.9027976,7.342526,3361001766,park,Park 1,3361001766.0,walk,0.0,0.0
762,1033,11,1,1,random_activity,1,0.8742918795012855,0.0,0,0.0,100.0,1.3205146113700272,0,0.8742918795012855,46.9027976,7.342526,3361001766,park,Park 1,3361001766.0,drive,0.0,0.0
763,1034,11,2,0,stay,1,-0.5408510907468187,0.0,0,0.0,88.83576849926074,1.4566421927795823,0,-2.3006949859004084,46.9027976,7.342526,3361001766,,,,,0.0,0.0
764,1035,11,3,0,stay,1,-1.6060511731033733,0.0,0,0.0,93.55582903527403,0.36547666865947015,0,-1.6060511731033733,46.9027976,7.342526,3361001766,,,,,0.0,0.0
765,1036,11,4,1,random_activity,1,0.40942020199669127,0.0,0,0.0,98.69324074425943,0.8450182768426987,0,0.40942020199669127,46.9027976,7.342526,3361001766,park,Park 1,3361001766.0,drive,0.0,0.0
766,1037,11,5,1,random_activity,1,1.4436474144415494,0.0,0,0.0,91.27266490326572,4.000592287761055,0,-2.5103747869702944,46.9027976,7.342526,3361001766,park,Park 1,3361001766.0,drive,0.0,0.0
767,1038,11,6,0,stay,1,1.4864559755260442,0.0,0,0.0,93.90569882941752,1.5934449753310538,0,-0.19691064775939182,46.9027976,7.342526,3361001766,,,,,0.0,0.0
768,1041,11,9,1,random_activity,3,3.112167468720006,0.0,0,0.2776535514824725,77.67626493713335,0.9709790840955986,0,3.112167468720006,46.9363222,7.4681231,9455383242,gym,Gym 1,9455383242.0,walk,12575.320799828736,157.1915099978592
769,1043,11,11,1,random_activity,2,6.271346372990056,0.0,0,0.3612548537743837,78.40742142864288,5.92970019873636,0,2.5365748390059175,46.878604,7.4926271,13193385739,pool,Pool 1,13193385739.0,walk,8962.966612622162,112.03708265777702
770,1044,11,12,0,stay,1,6.749997223821435,0.0,0,0.32906026478880046,73.34506987384175,3.1315592693436782,0,4.520308080808253,46.878604,7.4926271,13193385739,,,,,0.0,0.0
771,1046,11,14,1,random_activity,2,7.182512433795756,0.0,0,0.21850871188146115,82.38773533870824,1.2448460077565582,0,7.182512433795756,46.9027976,7.342526,3361001766,park,Park 1,3361001766.0,bike,15087.363220614176,60.3494528824567
772,1047,11,15,0,stay,1,9.248781035653147,0.0,0,0.2013773602780172,76.35360584834636,0.8033587895916972,0,9.248781035653147,46.9027976,7.342526,3361001766,,,,,0.0,0.0
773,1048,11,16,0,stay,1,8.555121472125958,0.0,0,0.057655192948326925,83.391851296525,2.478268442141812,0,7.127527983709617,46.9027976,7.342526,3361001766,,,,,0.0,0.0
774,1049,11,17,1,random_activity,1,8.334915831308557,0.0,0,0.0,70.21313244943951,0.9338954756998881,0,8.334915831308557,46.9027976,7.342526,3361001766,park,Park 1,3361001766.0,drive,0.0,0.0
775,1050,11,18,1,random_activity,1,7.697438868543964,0.0,0,0.0,75.56638991282196,1.8114183468981588,0,6.68934966675642,46.9027976,7.342526,3361001766,park,Park 1,3361001766.0,bike,0.0,0.0
776,1051,11,19,0,stay,1,8.683280801070469,0.0,0,0.0,73.07762671100197,1.006602004850392,0,8.683280801070469,46.9027976,7.342526,3361001766,,,,,0.0,0.0
777,1054,11,22,1,random_activity,3,4.931676293869179,0.0,0,0.0,95.04920284395224,2.125162158534961,0,3.1626132874126336,46.9363222,7.4681231,9455383242,gym,Gym 1,9455383242.0,walk,12575.320799828736,157.1915099978592
778,1055,11,23,1,random_activity,1,4.263158445019246,0.0,0,0.0,92.28404935543946,0.5756013743382611,0,4.263158445019246,46.878604,7.4926271,13193385739,pool,Pool 1,13193385739.0,drive,11843.45562545482,23.686911250909642
779,1056,11,0,1,random_activity,1,3.8425029889474622,0.0,0,0.0,100.0,1.247698898012547,0,3.8425029889474622,46.878604,7.4926271,13193385739,pool,Pool 1,13193385739.0,bike,0.0,0.0
780,1057,11,1,1,random_activity,1,2.820854868520165,0.0,0,0.0,95.4138839853542,0.0,0,2.820854868520165,46.9027976,7.342526,3361001766,park,Park 1,3361001766.0,drive,16686.416243763804,33.37283248752761
781,1058,11,2,1,random_activity,1,0.8528019182710054,0.0,0,0.0,99.69571680919573,0.8743794530389135,0,0.8528019182710054,46.9027976,7.342526,3361001766,park,Park 1,3361001766.0,walk,0.0,0.0
782,1059,11,3,1,random_activity,1,0.24476740423502663,0.0,0,0.0,95.4967729051727,1.2145338968719857,0,0.24476740423502663,46.9363222,7.4681231,9455383242,gym,Gym 1,9455383242.0,drive,13100.897090182036,26.20179418036407
783,1060,11,4,0,stay,1,-0.22927854433853279,0.0,0,0.0,98.57678854523733,0.5387854543652828,0,-0.22927854433853279,46.9363222,7.4681231,9455383242,,,,,0.0,0.0
784,1061,11,5,1,random_activity,1,0.6235341740792761,0.0,0,0.0,100.0,1.9691938456807587,0,-1.6918009258667057,46.9363222,7.4681231,9455383242,gym,Gym 1,9455383242.0,walk,0.0,0.0
785,1062,11,6,1,random_activity,1,0.6716417549520783,0.0,0,0.0,97.42175732394968,2.1931786767209625,0,-1.8997453283294676,46.9027976,7.342526,3361001766,park,Park 1,3361001766.0,bike,12575.320799828734,50.30128319931494
786,1063,11,7,1,random_activity,1,1.4868321906900344,0.0,0,0.0,95.01257536922758,2.580518384513483,0,-1.33892931236208,46.9027976,7.342526,3361001766,park,Park 1,3361001766.0,drive,0.0,0.0
787,1064,11,8,1,random_activity,1,0.7991020731043492,0.0,0,0.05402060271915757,94.90552456727599,1.7581107191397938,0,-1.2158728014282596,46.9363222,7.4681231,9455383242,gym,Gym 1,9455383242.0,bike,12575.320799828736,50.301283199314945
788,1065,11,9,0,stay,1,2.679722368333852,0.0,0,0.18519115083602566,84.87072967051108,1.1880497997224981,0,2.679722368333852,46.9363222,7.4681231,9455383242,,,,,0.0,0.0
789,1066,11,10,0,stay,1,3.8134498330820343,0.0,0,0.2684127184923432,86.48249749643344,1.6086474334328231,0,2.448637492312847,46.9363222,7.4681231,9455383242,,,,,0.0,0.0
790,1067,11,11,0,stay,1,5.519431553345279,0.0,0,0.3454591627180853,87.02825706980055,2.5082371780015205,0,3.5089006170720913,46.9363222,7.4681231,9455383242,,,,,0.0,0.0
791,1068,11,12,1,random_activity,1,6.930017077640727,0.0,0,0.26673736344264315,78.14630986151657,1.676133601504872,0,5.945569407963084,46.9363222,7.4681231,9455383242,gym,Gym 1,9455383242.0,drive,0.0,0.0
792,1069,11,13,1,random_activity,1,7.036743751477681,0.0,0,0.3229580086219287,84.38727539930662,2.6085952166385633,0,5.229911970822382,46.9027976,7.342526,3361001766,park,Park 1,3361001766.0,bike,12575.320799828734,50.30128319931494
793,1070,11,14,0,stay,1,6.110248192608206,0.0,0,0.19843671837061,71.96691213798698,1.6893627937548719,0,4.988104616661665,46.9027976,7.342526,3361001766,,,,,0.0,0.0
794,1073,11,17,1,random_activity,3,5.790628730861191,0.0,0,0.0,83.76853546799445,1.696432745878335,0,4.612345274389721,46.9363222,7.4681231,9455383242,gym,Gym 1,9455383242.0,walk,12575.320799828736,157.1915099978592
795,1076,11,20,1,random_activity,3,2.9116823910323273,0.0,0,0.0,82.19515343499629,2.8500046151797944,0,0.11934229538075176,46.9027976,7.342526,3361001766,park,Park 1,3361001766.0,walk,12575.320799828734,157.19150999785919
796,1077,11,21,1,random_activity,1,2.347233757681677,0.0,0,0.0,91.15991071230162,2.415243301381678,0,-0.16027863413445964,46.9363222,7.4681231,9455383242,gym,Gym 1,9455383242.0,drive,13100.897090182036,26.20179418036407
797,1078,11,22,1,random_activity,1,0.4082476020136703,0.0,0,0.0,90.21511297118629,1.6270346413098569,0,-1.481420761823507,46.9363222,7.4681231,9455383242,gym,Gym 1,9455383242.0,walk,0.0,0.0
798,1079,11,23,1,random_activity,1,-1.0734226081121285,0.0,0,0.0,91.95841536352502,1.9216596161980697,0,-3.6032197139696223,46.878604,7.4926271,13193385739,pool,Pool 1,13193385739.0,bike,8962.966612622162,35.85186645048865
799,1080,11,0,1,random_activity,1,-0.03776684795998442,0.0,0,0.0,96.08751433415304,1.9283560378035678,0,-2.4090976132749966,46.9363222,7.4681231,9455383242,gym,Gym 1,9455383242.0,drive,11635.896545603482,23.271793091206963
800,1081,11,1,0,stay,1,0.43947278774702847,0.0,0,0.0,99.42220897379592,1.7415773554019098,0,-1.6080774033062006,46.9363222,7.4681231,9455383242,,,,,0.0,0.0
801,1082,11,2,1,random_activity,1,-0.09730604091640105,0.0,0,0.0,100.0,2.0729322378113295,0,-2.659114048690826,46.9363222,7.4681231,9455383242,gym,Gym 1,9455383242.0,walk,0.0,0.0
802,1083,11,3,1,random_activity,1,-0.695651604929644,0.0,0,0.0,96.22984380891008,0.9117597074173582,0,-0.695651604929644,46.9027976,7.342526,3361001766,park,Park 1,3361001766.0,bike,12575.320799828734,50.30128319931494
803,1086,11,6,1,random_activity,3,0.15311348821009685,0.0,0,0.0,95.72789882296412,1.8218606383438989,0,-2.04793472709142,46.9363222,7.4681231,9455383242,gym,Gym 1,9455383242.0,walk,12575.320799828736,157.1915099978592
804,1087,11,7,1,random_activity,1,0.06504608573400095,0.0,0,0.0,93.57568356079064,1.9913611561406994,0,-2.3693812292575265,46.9027976,7.342526,3361001766,park,Park 1,3361001766.0,drive,13384.255902818171,26.768511805636344
805,1088,11,8,0,stay,1,2.1772370775324905,0.0,0,0.11276127063574909,90.48572574382398,0.9736417855401721,0,2.1772370775324905,46.9027976,7.342526,3361001766,,,,,0.0,0.0
806,1089,11,9,0,stay,1,4.348794134249249,0.0,0,0.3120772955288202,83.4464841222999,0.872374140911327,0,4.348794134249249,46.9027976,7.342526,3361001766,,,,,0.0,0.0
807,1090,11,10,1,random_activity,1,5.997961906633598,0.0,0,0.39486515750814294,78.78764348432185,2.9082159013318822,0,3.769766448279748,46.9363222,7.4681231,9455383242,gym,Gym 1,9455383242.0,bike,12575.320799828736,50.301283199314945
808,1091,11,11,1,random_activity,1,7.361822685518149,0.0,0,0.5296094065284161,78.56634638087972,0.9669921470222032,0,7.361822685518149,46.9363222,7.4681231,9455383242,gym,Gym 1,9455383242.0,drive,0.0,0.0
809,1092,11,12,1,random_activity,1,7.0727090935003645,0.0,0,0.543423778989399,78.3679634375351,1.7377723331972459,0,6.0434805220906505,46.9363222,7.4681231,9455383242,gym,Gym 1,9455383242.0,walk,0.0,0.0
810,1094,11,14,1,random_activity,2,9.305409405235807,0.0,0,0.3270049609321894,75.99860963640562,2.3465825760979038,0,8.110454029248118,46.878604,7.4926271,13193385739,pool,Pool 1,13193385739.0,walk,8962.966612622162,112.03708265777702
811,1095,11,15,0,stay,1,10.05211272872885,0.0,0,0.1652432324789675,72.79276621643807,3.3432017831775642,0,10.05211272872885,46.878604,7.4926271,13193385739,,,,,0.0,0.0
812,1096,11,16,0,stay,1,10.205781324904065,0.0,0,0.10657912866593779,76.43829381954708,3.315183166495129,0,10.205781324904065,46.878604,7.4926271,13193385739,,,,,0.0,0.0
813,1098,11,18,1,random_activity,2,7.421530794670867,0.0,0,0.0,75.04882804482433,1.447110554767319,0,6.771519832447055,46.9027976,7.342526,3361001766,park,Park 1,3361001766.0,bike,15087.363220614176,60.3494528824567
814,1099,11,19,1,random_activity,1,6.657069476430257,0.0,0,0.0,78.85840617573048,1.6448594717202523,0,5.666772692512865,46.9363222,7.4681231,9455383242,gym,Gym 1,9455383242.0,drive,13100.897090182036,26.20179418036407
815,1100,11,20,0,stay,1,5.165380908423368,0.0,0,0.0,86.67006858420662,2.227877789231848,0,3.3382742747822807,46.9363222,7.4681231,9455383242,,,,,0.0,0.0
816,1101,11,21,0,stay,1,1.9629595707499736,0.0,0,0.0,88.72256604116147,1.6393738480127364,0,0.28509353873492355,46.9363222,7.4681231,9455383242,,,,,0.0,0.0
817,1102,11,22,0,stay,1,3.0488810483807116,0.0,0,0.0,86.37468237996319,1.6336393017604367,0,1.5390700878934558,46.9363222,7.4681231,9455383242,,,,,0.0,0.0
818,1103,11,23,1,random_activity,1,3.1912379705531304,0.0,0,0.0,93.58779050379545,0.6823902607634982,0,3.1912379705531304,46.9363222,7.4681231,9455383242,gym,Gym 1,9455383242.0,drive,0.0,0.0
819,1104,11,0,1,random_activity,1,2.799842823718687,0.0,0,0.0,92.94516145419269,1.3019420681865697,0,2.799842823718687,46.9363222,7.4681231,9455383242,gym,Gym 1,9455383242.0,bike,0.0,0.0
820,1105,11,1,1,random_activity,1,1.754812367719873,0.0,0,0.0,96.1371591897397,0.9612853339281098,0,1.754812367719873,46.9363222,7.4681231,9455383242,gym,Gym 1,9455383242.0,drive,0.0,0.0
821,1108,11,4,1,random_activity,3,0.8013569158016149,0.0,0,0.0,99.41869555388614,2.8962842926508023,0,-2.446997347657081,46.9027976,7.342526,3361001766,park,Park 1,3361001766.0,walk,12575.320799828734,157.19150999785919
822,1109,11,5,1,random_activity,1,0.912133409206172,0.0,0,0.0,91.80497568636578,0.30821457541031716,0,0.912133409206172,46.9027976,7.342526,3361001766,park,Park 1,3361001766.0,drive,0.0,0.0
823,1110,11,6,0,stay,1,0.7272754008850877,0.0,0,0.0,93.39033796802643,2.7913983239745974,0,-2.440921404016672,46.9027976,7.342526,3361001766,,,,,0.0,0.0
824,1111,11,7,1,random_activity,1,2.3106722378789573,0.0,0,0.0,95.35650780517369,1.7638373406919978,0,0.5207460474670277,46.9027976,7.342526,3361001766,park,Park 1,3361001766.0,walk,0.0,0.0
825,1112,11,8,1,random_activity,1,2.4858568600844233,0.0,0,0.08318903670563209,92.71099981509279,1.267848910318989,0,2.4858568600844233,46.9363222,7.4681231,9455383242,gym,Gym 1,9455383242.0,bike,12575.320799828736,50.301283199314945
826,1113,11,9,1,random_activity,1,3.019173662496539,0.0,0,0.32417076574239784,90.95778259464797,1.3355998155265245,0,3.019173662496539,46.9027976,7.342526,3361001766,park,Park 1,3361001766.0,drive,13384.255902818171,26.768511805636344
827,1116,11,12,1,random_activity,3,5.687937781073265,0.0,0,0.32978228134599974,85.44213294062865,0.7170988458090837,0,5.687937781073265,46.9363222,7.4681231,9455383242,gym,Gym 1,9455383242.0,walk,12575.320799828736,157.1915099978592
828,1117,11,13,0,stay,1,6.006830795145602,0.0,0,0.3921923400174173,77.18444368073611,2.270533792794742,0,4.288271984444007,46.9363222,7.4681231,9455383242,,,,,0.0,0.0
829,1118,11,14,1,random_activity,1,5.759001655669854,0.0,0,0.29932786428869956,76.39684610167477,1.6190270671233211,0,4.666253970693622,46.9027976,7.342526,3361001766,park,Park 1,3361001766.0,bike,12575.320799828734,50.30128319931494
830,1119,11,15,1,random_activity,1,5.854343191288848,0.0,0,0.17314448670613897,74.0911121381436,2.659744141136793,0,3.7844810850211354,46.9027976,7.342526,3361001766,park,Park 1,3361001766.0,drive,0.0,0.0
831,1120,11,16,0,stay,1,7.055729223422299,0.0,0,0.07862323182871517,77.53463652457592,1.5386563271285134,0,6.245425960484299,46.9027976,7.342526,3361001766,,,,,0.0,0.0
832,1121,11,17,0,stay,1,7.885408183393966,0.0,0,0.0,73.99743695028795,3.6162223568573655,0,5.606002965806564,46.9027976,7.342526,3361001766,,,,,0.0,0.0
833,1122,11,18,1,random_activity,1,6.177409765260727,0.0,0,0.0,75.28946010388327,1.7000969472946839,0,5.053296257989114,46.9027976,7.342526,3361001766,park,Park 1,3361001766.0,drive,0.0,0.0
834,1123,11,19,0,stay,1,5.57154189583393,0.0,0,0.0,81.27818999781505,1.2831732467880177,0,5.57154189583393,46.9027976,7.342526,3361001766,,,,,0.0,0.0
835,1124,11,20,1,random_activity,1,5.65876466248317,0.0,0,0.0,84.00750607094251,0.9967636158398135,0,5.65876466248317,46.878604,7.4926271,13193385739,pool,Pool 1,13193385739.0,drive,16642.985193898883,33.28597038779777
836,1128,11,0,1,random_activity,4,1.4006202819553426,0.0,0,0.0,96.32457715192822,1.3208578993503162,0,1.4006202819553426,46.9027976,7.342526,3361001766,park,Park 1,3361001766.0,walk,15087.363220614176,188.59204025767718
837,1129,11,1,1,random_activity,1,-0.5388633628501798,0.0,0,0.0,99.05615606698494,1.2292987656178056,0,-0.5388633628501798,46.9027976,7.342526,3361001766,park,Park 1,3361001766.0,walk,0.0,0.0
838,1130,11,2,0,stay,1,1.1755262288226196,0.0,0,0.0,97.48411292719261,2.2036285192918386,0,-1.3202870221238843,46.9027976,7.342526,3361001766,,,,,0.0,0.0
839,1131,11,3,0,stay,1,1.9009051868702889,0.0,0,0.0,94.42532918816082,1.7295367647029711,0,0.09261428569728657,46.9027976,7.342526,3361001766,,,,,0.0,0.0
840,1132,11,4,1,random_activity,1,3.3003947675491427,0.0,0,0.0,95.15463684828832,2.3516247109302935,0,1.0264096655752692,46.9363222,7.4681231,9455383242,gym,Gym 1,9455383242.0,bike,12575.320799828736,50.301283199314945
841,1133,11,5,1,random_activity,1,3.0873107694663626,0.0,0,0.0,88.58448863222992,1.1037203861261613,0,3.0873107694663626,46.9363222,7.4681231,9455383242,gym,Gym 1,9455383242.0,drive,0.0,0.0
842,1134,11,6,0,stay,1,4.037073488244776,0.0,0,0.0,91.29468125210298,1.782405696599123,0,2.490995329291389,46.9363222,7.4681231,9455383242,,,,,0.0,0.0
843,1135,11,7,1,random_activity,1,5.3180729756518055,0.0,0,0.0,96.2119173696812,1.778118410706425,0,3.975204784410972,46.878604,7.4926271,13193385739,pool,Pool 1,13193385739.0,drive,11843.45562545482,23.686911250909642
844,1136,11,8,1,random_activity,1,5.834143320477077,0.0,0,0.03939860345461147,84.09082458000718,2.3051824222978086,0,4.054467843150809,46.878604,7.4926271,13193385739,pool,Pool 1,13193385739.0,bike,0.0,0.0
845,1137,11,9,1,random_activity,1,7.493554895207764,0.0,0,0.10628839192674389,88.87986935720158,0.9855227272713101,0,7.493554895207764,46.9363222,7.4681231,9455383242,gym,Gym 1,9455383242.0,bike,8962.96661262216,35.85186645048864
846,1138,11,10,1,random_activity,1,6.8223021199499705,0.0,0,0.05448419976245261,90.74471222158324,0.9812442398612355,0,6.8223021199499705,46.9363222,7.4681231,9455383242,gym,Gym 1,9455383242.0,walk,0.0,0.0
847,1139,11,11,0,stay,1,7.8275680941447225,0.0,0,0.058571155412601786,81.84679646433825,0.49862854051921013,0,7.8275680941447225,46.9363222,7.4681231,9455383242,,,,,0.0,0.0
848,1140,11,12,1,random_activity,1,8.905080969193808,0.0,0,0.08936795252986661,76.58259706108235,3.0834590930540426,0,7.146205924490058,46.9363222,7.4681231,9455383242,gym,Gym 1,9455383242.0,walk,0.0,0.0
849,1141,11,13,1,random_activity,1,8.030573387753506,0.0,0,0.08390203543181775,76.94490646078351,0.5356440771435005,0,8.030573387753506,46.9363222,7.4681231,9455383242,gym,Gym 1,9455383242.0,bike,0.0,0.0
850,1144,11,16,1,random_activity,3,8.212199538823798,0.0,0,0.06909358008362772,69.35633781139191,2.070551849331411,0,7.047861679863219,46.9027976,7.342526,3361001766,park,Park 1,3361001766.0,walk,12575.320799828734,157.19150999785919
851,1145,11,17,0,stay,1,8.02873190194433,0.0,0,0.0,80.33548055027269,2.630350989787507,0,6.393221528567242,46.9027976,7.342526,3361001766,,,,,0.0,0.0
852,1149,11,21,1,random_activity,4,4.8623146453699295,0.0,0,0.0,88.15288686138125,1.8612872905870286,0,3.355723439618043,46.878604,7.4926271,13193385739,pool,Pool 1,13193385739.0,walk,15087.363220614172,188.59204025767716
853,1150,11,22,0,stay,1,3.000911363575924,0.0,0,0.0,92.94430189106339,2.26453445850915,0,0.7594913271165835,46.878604,7.4926271,13193385739,,,,,0.0,0.0
854,1151,11,23,1,random_activity,1,0.9233917191301491,0.0,0,0.0,85.67310128831086,1.2940416297899693,0,0.9233917191301491,46.9363222,7.4681231,9455383242,gym,Gym 1,9455383242.0,drive,11635.896545603482,23.271793091206963
855,1152,11,0,0,stay,1,-0.48075683852077145,0.0,0,0.0,98.21247861767293,0.7591423404429216,0,-0.48075683852077145,46.9363222,7.4681231,9455383242,,,,,0.0,0.0
856,1153,11,1,1,random_activity,1,0.9890590441667175,0.0,0,0.0,94.82102057863581,0.5128099334495606,0,0.9890590441667175,46.878604,7.4926271,13193385739,pool,Pool 1,13193385739.0,drive,11843.45562545482,23.686911250909642
857,1154,11,2,1,random_activity,1,0.6255620267148585,0.0,0,0.0,95.23448951069757,2.4976962420491073,0,-2.2789639506135946,46.878604,7.4926271,13193385739,pool,Pool 1,13193385739.0,walk,0.0,0.0
858,1155,11,3,1,random_activity,1,1.3865855663123419,0.0,0,0.0,93.4932789554672,2.858935703973442,0,-1.7132708024578096,46.9027976,7.342526,3361001766,park,Park 1,3361001766.0,drive,16686.416243763804,33.37283248752761
859,1156,11,4,1,random_activity,1,0.8406634347293274,0.0,0,0.0,93.20861713001936,5.013582848063968,0,-3.8726484381713515,46.9363222,7.4681231,9455383242,gym,Gym 1,9455383242.0,bike,12575.320799828736,50.301283199314945
860,1157,11,5,1,random_activity,1,0.5321023938635222,0.0,0,0.0,92.22287435446472,0.4240523979937951,0,0.5321023938635222,46.878604,7.4926271,13193385739,pool,Pool 1,13193385739.0,bike,8962.966612622162,35.85186645048865
861,1158,11,6,1,random_activity,1,1.0351921335083496,0.0,0,0.0,98.63981582980455,2.2808255059925484,0,-1.569214954832374,46.878604,7.4926271,13193385739,pool,Pool 1,13193385739.0,bike,0.0,0.0
862,1159,11,7,1,random_activity,1,2.3759787011259705,0.0,0,0.0,91.73229476516211,1.2473009983730567,0,2.3759787011259705,46.878604,7.4926271,13193385739,pool,Pool 1,13193385739.0,drive,0.0,0.0
863,1160,11,8,1,random_activity,1,3.5583212056059637,0.0,0,0.1258781839686139,90.87221796057099,1.2193129163222816,0,3.5583212056059637,46.878604,7.4926271,13193385739,pool,Pool 1,13193385739.0,walk,0.0,0.0
864,1161,11,9,0,stay,1,4.045551300811942,0.0,0,0.21269416315034623,86.7829503166239,1.2951276670789391,0,4.045551300811942,46.878604,7.4926271,13193385739,,,,,0.0,0.0
865,1162,11,10,1,random_activity,1,6.6606377691683285,0.0,0,0.2581766774651346,87.48712040627632,0.4401679232061939,0,6.6606377691683285,46.878604,7.4926271,13193385739,pool,Pool 1,13193385739.0,walk,0.0,0.0
866,1164,11,12,1,random_activity,2,7.199889894217552,0.0,0,0.2862537316557029,81.15220055297753,1.8100699649515422,0,6.115419266221981,46.9027976,7.342526,3361001766,park,Park 1,3361001766.0,bike,15087.363220614176,60.3494528824567
867,1165,11,13,1,random_activity,1,8.92718409740308,0.0,0,0.342426745991264,69.4772414408418,1.6107373884407084,0,8.3078678586258,46.9027976,7.342526,3361001766,park,Park 1,3361001766.0,bike,0.0,0.0
868,1168,11,16,1,random_activity,3,8.192033084689013,0.0,0,0.05905614129332519,65.59632724660777,2.8945724210870933,0,6.407915404285463,46.9363222,7.4681231,9455383242,gym,Gym 1,9455383242.0,walk,12575.320799828736,157.1915099978592
869,1169,11,17,1,random_activity,1,7.058872121213885,0.0,0,0.0,76.25376910459912,1.7525031558274196,0,6.01200674819305,46.9027976,7.342526,3361001766,park,Park 1,3361001766.0,bike,12575.320799828734,50.30128319931494
870,1170,11,18,1,random_activity,1,5.290707109792065,0.0,0,0.0,80.82605004175701,1.252240459448044,0,5.290707109792065,46.878604,7.4926271,13193385739,pool,Pool 1,13193385739.0,drive,16642.985193898883,33.28597038779777
871,1171,11,19,1,random_activity,1,5.034974313082735,0.0,0,0.0,84.879801440547,2.4398813981345624,0,2.9936516788843903,46.878604,7.4926271,13193385739,pool,Pool 1,13193385739.0,walk,0.0,0.0
872,1172,11,20,1,random_activity,1,4.086119292220802,0.0,0,0.0,89.95587560793646,0.2819531829588884,0,4.086119292220802,46.878604,7.4926271,13193385739,pool,Pool 1,13193385739.0,bike,0.0,0.0
873,1173,11,21,0,stay,1,5.558644676262936,0.0,0,0.0,86.16525166789333,2.711664394909839,0,3.3918163054374397,46.878604,7.4926271,13193385739,,,,,0.0,0.0
874,1174,11,22,0,stay,1,4.002751889595933,0.0,0,0.0,86.06025220373591,1.4967065750915138,0,2.8141894773664373,46.878604,7.4926271,13193385739,,,,,0.0,0.0
875,1175,11,23,1,random_activity,1,3.713664019676413,0.0,0,0.0,90.5549688104122,0.5120315283266355,0,3.713664019676413,46.878604,7.4926271,13193385739,pool,Pool 1,13193385739.0,walk,0.0,0.0
876,1179,11,3,1,random_activity,4,1.429015640688415,0.0,0,0.0,91.19892743349129,1.818181558096532,0,-0.5673075118527906,46.9027976,7.342526,3361001766,park,Park 1,3361001766.0,walk,15087.363220614176,188.59204025767718
877,1180,11,4,0,stay,1,3.086275224713439,0.0,0,0.0,100.0,1.2706766591014225,0,3.086275224713439,46.9027976,7.342526,3361001766,,,,,0.0,0.0
878,1181,11,5,1,random_activity,1,2.753311608558438,0.0,0,0.0,98.90944473026804,2.0930663061730637,0,0.6482794339806079,46.878604,7.4926271,13193385739,pool,Pool 1,13193385739.0,drive,16642.985193898883,33.28597038779777
879,1182,11,6,0,stay,1,3.3313524132328363,0.0,0,0.0,85.24242554478211,0.820857768355431,0,3.3313524132328363,46.878604,7.4926271,13193385739,,,,,0.0,0.0
880,1183,11,7,0,stay,1,4.06022567534122,0.0,0,0.0,94.02732055603369,2.6213758328864287,0,1.6817011864209834,46.878604,7.4926271,13193385739,,,,,0.0,0.0
881,1184,11,8,0,stay,1,3.8404891581098175,0.0,0,0.07914973381892618,94.21084189304948,0.9303322154444077,0,3.8404891581098175,46.878604,7.4926271,13193385739,,,,,0.0,0.0
882,1185,11,9,1,random_activity,1,4.647232380832001,0.0,0,0.24253837500672146,88.14796662034455,0.968139665840547,0,4.647232380832001,46.9363222,7.4681231,9455383242,gym,Gym 1,9455383242.0,drive,11635.896545603482,23.271793091206963
883,1186,11,10,1,random_activity,1,5.939678082921876,0.0,0,0.2730880202228285,83.81478407052707,1.6708190188158185,0,4.813112249111562,46.9027976,7.342526,3361001766,park,Park 1,3361001766.0,drive,13384.255902818171,26.768511805636344
884,1187,11,11,1,random_activity,1,5.208450270225622,0.0,0,0.2793875540587076,78.31536535753803,0.8209125194409218,0,5.208450270225622,46.9027976,7.342526,3361001766,park,Park 1,3361001766.0,drive,0.0,0.0
885,1188,11,12,0,stay,1,6.711906126913188,0.0,0,0.3346481976470143,79.1537097619728,0.7272210369193832,0,6.711906126913188,46.9027976,7.342526,3361001766,,,,,0.0,0.0
886,1189,11,13,0,stay,1,7.961978773730993,0.0,0,0.2617083540706533,73.48768295397312,0.8034806434813175,0,7.961978773730993,46.9027976,7.342526,3361001766,,,,,0.0,0.0
887,1190,11,14,1,random_activity,1,8.000809626764012,0.0,0,0.18909784079578068,71.54786571412262,2.0300794194694456,0,6.836622636601549,46.9363222,7.4681231,9455383242,gym,Gym 1,9455383242.0,drive,13100.897090182036,26.20179418036407
888,1191,11,15,0,stay,1,9.488260702270646,0.0,0,0.13328036197181914,67.48986082700709,1.9681010752343417,0,8.622874627782153,46.9363222,7.4681231,9455383242,,,,,0.0,0.0
889,1193,11,17,1,random_activity,2,9.21980135036023,0.0,0,0.0,79.41038689020459,1.568348301307629,0,8.686787423052083,46.878604,7.4926271,13193385739,pool,Pool 1,13193385739.0,walk,8962.966612622162,112.03708265777702
890,1194,11,18,0,stay,1,8.484377324985802,0.0,0,0.0,75.5511999760157,1.8088414169190328,0,7.601719705203057,46.878604,7.4926271,13193385739,,,,,0.0,0.0
891,1195,11,19,1,random_activity,1,7.76917839898997,0.0,0,0.0,84.37885660362456,2.0541281252302515,0,6.5450365365411365,46.9027976,7.342526,3361001766,park,Park 1,3361001766.0,drive,16686.416243763804,33.37283248752761
892,1196,11,20,1,random_activity,1,6.06212487906624,0.0,0,0.0,81.0020525123688,1.9032089578492457,0,4.70244680559582,46.9027976,7.342526,3361001766,park,Park 1,3361001766.0,bike,0.0,0.0
893,1197,11,21,0,stay,1,4.161700640679023,0.0,0,0.0,87.27286655055406,2.415186477792499,0,1.9834873607004786,46.9027976,7.342526,3361001766,,,,,0.0,0.0
894,1198,11,22,1,random_activity,1,3.1229953891831084,0.0,0,0.0,86.96468563401969,1.4507092133807353,0,1.8771475942536615,46.9363222,7.4681231,9455383242,gym,Gym 1,9455383242.0,bike,12575.320799828736,50.301283199314945
895,1199,11,23,1,random_activity,1,3.556702475476243,0.0,0,0.0,95.08226054124688,1.978480512182384,0,1.7105680987180467,46.9027976,7.342526,3361001766,park,Park 1,3361001766.0,bike,12575.320799828734,50.30128319931494
896,1200,11,0,0,stay,1,3.9331437142170254,0.0,0,0.0,91.68816309644255,2.7096489080648523,0,1.4560203722834093,46.9027976,7.342526,3361001766,,,,,0.0,0.0
897,1201,11,1,1,random_activity,1,2.9760476974125427,0.0,0,0.0,86.93450774495399,0.8671708483394104,0,2.9760476974125427,46.878604,7.4926271,13193385739,pool,Pool 1,13193385739.0,drive,16642.985193898883,33.28597038779777
898,1202,11,2,1,random_activity,1,2.0199253106722597,0.0,0,0.0,95.81912881864763,0.6244237121074457,0,2.0199253106722597,46.9363222,7.4681231,9455383242,gym,Gym 1,9455383242.0,drive,11635.896545603482,23.271793091206963
899,1203,11,3,1,random_activity,1,1.3637535749363834,0.0,0,0.0,93.91490246729562,0.4121510591427142,0,1.3637535749363834,46.878604,7.4926271,13193385739,pool,Pool 1,13193385739.0,bike,8962.966612622162,35.85186645048865
900,1204,11,4,0,stay,1,1.559764804969888,0.0,0,0.0,92.22528282405631,2.2256013062122557,0,-0.8932357380237832,46.878604,7.4926271,13193385739,,,,,0.0,0.0
901,1205,11,5,1,random_activity,1,1.6186200524748562,0.0,0,0.0,87.63246410305827,1.0762212986625963,0,1.6186200524748562,46.9027976,7.342526,3361001766,park,Park 1,3361001766.0,drive,16686.416243763804,33.37283248752761
902,1206,11,6,1,random_activity,1,2.0915646186272228,0.0,0,0.0,100.0,2.107598441661837,0,-0.1412725638409541,46.878604,7.4926271,13193385739,pool,Pool 1,13193385739.0,drive,16642.985193898883,33.28597038779777
903,1207,11,7,1,random_activity,1,2.547945406667327,0.0,0,0.0,93.79473384420427,0.8664531735267043,0,2.547945406667327,46.878604,7.4926271,13193385739,pool,Pool 1,13193385739.0,bike,0.0,0.0
904,1208,11,8,1,random_activity,1,2.5031357451953475,0.0,0,0.19687084382883135,83.55044516652102,1.0504450408500032,0,2.5031357451953475,46.878604,7.4926271,13193385739,pool,Pool 1,13193385739.0,drive,0.0,0.0
905,1209,11,9,1,random_activity,1,3.772584056328143,0.0,0,0.3109730929617413,82.3289326350759,2.298436696510234,0,1.6338968843483355,46.878604,7.4926271,13193385739,pool,Pool 1,13193385739.0,drive,0.0,0.0
906,1210,11,10,1,random_activity,1,6.039156255098684,0.0,0,0.5100867852574087,85.90848265315365,0.9579466500090849,0,6.039156255098684,46.9363222,7.4681231,9455383242,gym,Gym 1,9455383242.0,drive,11635.896545603482,23.271793091206963
907,1211,11,11,0,stay,1,5.127785062880372,0.0,0,0.4812599421969985,80.5385544012707,1.186890499395015,0,5.127785062880372,46.9363222,7.4681231,9455383242,,,,,0.0,0.0
908,1213,11,13,1,random_activity,2,6.673645663710284,0.0,0,0.5243470210632287,74.51770202664144,2.2977285974413757,0,5.049145436655201,46.878604,7.4926271,13193385739,pool,Pool 1,13193385739.0,walk,8962.966612622162,112.03708265777702
909,1214,11,14,1,random_activity,1,7.422347943210917,0.0,0,0.45737911344327686,71.74035230448247,3.1043385534857375,0,5.347958331866699,46.878604,7.4926271,13193385739,pool,Pool 1,13193385739.0,bike,0.0,0.0
910,1215,11,15,1,random_activity,1,8.573398808744496,0.0,0,0.21443991492353198,79.20319474161624,0.38692933035112764,0,8.573398808744496,46.9027976,7.342526,3361001766,park,Park 1,3361001766.0,drive,16686.416243763804,33.37283248752761
911,1216,11,16,0,stay,1,8.329494728412719,0.0,0,0.08806284154980143,77.36213747077801,2.3820441590741885,0,6.9327136221321535,46.9027976,7.342526,3361001766,,,,,0.0,0.0
912,1217,11,17,0,stay,1,6.70995024772256,0.0,0,0.0,79.42199203593977,0.4893683672524103,0,6.70995024772256,46.9027976,7.342526,3361001766,,,,,0.0,0.0
913,1218,11,18,0,stay,1,6.944482388018843,0.0,0,0.0,76.04949600503163,2.775313477001772,0,4.997518035027879,46.9027976,7.342526,3361001766,,,,,0.0,0.0
914,1219,11,19,0,stay,1,6.8665031511659915,0.0,0,0.0,77.39257778516951,2.883664972543178,0,4.827638110512965,46.9027976,7.342526,3361001766,,,,,0.0,0.0
915,1220,11,20,1,random_activity,1,6.713773021845408,0.0,0,0.0,84.33906378561993,2.0275855077834195,0,5.338153478300162,46.9027976,7.342526,3361001766,park,Park 1,3361001766.0,bike,0.0,0.0
916,1222,11,22,1,random_activity,2,6.209645621042763,0.0,0,0.0,86.57061831592374,3.270984111568563,0,3.777328525247721,46.878604,7.4926271,13193385739,pool,Pool 1,13193385739.0,bike,15087.363220614172,60.34945288245669
917,1223,11,23,0,stay,1,4.331111201901623,0.0,0,0.0,92.230943920198,2.056845760449222,0,2.5295414469941275,46.878604,7.4926271,13193385739,,,,,0.0,0.0
918,1224,11,0,1,random_activity,1,2.0419647278132853,0.0,0,0.0,98.81246425842177,1.4736636775517942,0,0.6127901082046192,46.9363222,7.4681231,9455383242,gym,Gym 1,9455383242.0,drive,11635.896545603482,23.271793091206963
919,1225,11,1,1,random_activity,1,0.69488253406749,0.0,0,0.0,96.06034045739504,1.8199631513952188,0,-1.4187416547736555,46.9363222,7.4681231,9455383242,gym,Gym 1,9455383242.0,walk,0.0,0.0
920,1228,11,4,1,random_activity,3,1.6533162081678765,0.0,0,0.0,95.9425224925388,0.6133944078787611,0,1.6533162081678765,46.9027976,7.342526,3361001766,park,Park 1,3361001766.0,walk,12575.320799828734,157.19150999785919
921,1229,11,5,1,random_activity,1,1.0777919965396319,0.0,0,0.0,99.55809026154384,1.9238489665155152,0,-1.107632544033983,46.9027976,7.342526,3361001766,park,Park 1,3361001766.0,drive,0.0,0.0
922,1231,11,7,1,random_activity,2,3.60453913823781,0.0,0,0.0,96.37401486240636,1.5890473584431295,0,2.2349659936850625,46.878604,7.4926271,13193385739,pool,Pool 1,13193385739.0,bike,15087.363220614172,60.34945288245669
923,1233,11,9,1,random_activity,2,4.024326500242087,0.0,0,0.4105514937309292,85.93049856617796,1.1696621191146086,0,4.024326500242087,46.9363222,7.4681231,9455383242,gym,Gym 1,9455383242.0,walk,8962.96661262216,112.037082657777
924,1235,11,11,1,random_activity,2,5.176612988379485,0.0,0,0.602046645190782,79.88271428859176,1.4082516881195528,0,4.270857192215626,46.878604,7.4926271,13193385739,pool,Pool 1,13193385739.0,walk,8962.966612622162,112.03708265777702
925,1236,11,12,0,stay,1,5.729851541732866,0.0,0,0.6189023537101034,75.58431367964702,0.8531411143669002,0,5.729851541732866,46.878604,7.4926271,13193385739,,,,,0.0,0.0
926,1238,11,14,1,random_activity,2,6.380378820542829,0.0,0,0.44097308010335823,77.9470411428391,1.1197363237032192,0,6.380378820542829,46.9363222,7.4681231,9455383242,gym,Gym 1,9455383242.0,walk,8962.96661262216,112.037082657777
927,1239,11,15,1,random_activity,1,5.668656614544873,0.0,0,0.29557593057338905,77.72064651379003,1.7250399422579372,0,4.439367433971005,46.9027976,7.342526,3361001766,park,Park 1,3361001766.0,drive,13384.255902818171,26.768511805636344
928,1240,11,16,0,stay,1,7.88774042052643,0.0,0,0.1187042269463204,80.03843121030818,2.029698972997151,0,6.705111467226483,46.9027976,7.342526,3361001766,,,,,0.0,0.0
929,1241,11,17,1,random_activity,1,6.689710339501722,0.0,0,0.0,86.87998420710248,1.799071661935743,0,5.537009502326925,46.9363222,7.4681231,9455383242,gym,Gym 1,9455383242.0,drive,13100.897090182036,26.20179418036407
930,1242,11,18,1,random_activity,1,6.910126190688903,0.0,0,0.0,80.41480971792178,1.2692842479512354,0,6.910126190688903,46.9027976,7.342526,3361001766,park,Park 1,3361001766.0,bike,12575.320799828734,50.30128319931494
931,1243,11,19,1,random_activity,1,6.96935309531195,0.0,0,0.0,77.1037071244043,1.6950391609348816,0,5.970195155278365,46.9027976,7.342526,3361001766,park,Park 1,3361001766.0,bike,0.0,0.0
932,1246,11,22,1,random_activity,3,2.171307800145051,0.0,0,0.0,90.95224848390059,1.072325663852534,0,2.171307800145051,46.9363222,7.4681231,9455383242,gym,Gym 1,9455383242.0,walk,12575.320799828736,157.1915099978592
933,1247,11,23,0,stay,1,3.2982721689830288,0.0,0,0.0,99.56393619725999,2.3353561080285328,0,1.0396180136697255,46.9363222,7.4681231,9455383242,,,,,0.0,0.0
934,1248,11,0,1,random_activity,1,2.710170376343833,0.0,0,0.0,90.74616465076257,2.1244103158548926,0,0.5640141078559956,46.9027976,7.342526,3361001766,park,Park 1,3361001766.0,bike,12575.320799828734,50.30128319931494
935,1249,11,1,0,stay,1,2.658215833729151,0.0,0,0.0,96.51129393262872,2.14324358558182,0,0.483049385253559,46.9027976,7.342526,3361001766,,,,,0.0,0.0
936,1253,11,5,1,random_activity,4,2.445358654185564,0.0,0,0.0,93.9763559462673,1.0040272373396375,0,2.445358654185564,46.878604,7.4926271,13193385739,pool,Pool 1,13193385739.0,walk,15087.363220614172,188.59204025767716
937,1257,11,9,1,random_activity,4,3.329853107297665,0.0,0,0.1544495960599438,84.76897951125447,3.5191836513935,0,0.1193945712318012,46.9027976,7.342526,3361001766,park,Park 1,3361001766.0,walk,15087.363220614176,188.59204025767718
938,1258,11,10,1,random_activity,1,4.304087732702658,0.0,0,0.15096566351700522,83.244627813403,1.721466375157948,0,2.8715361304456386,46.9363222,7.4681231,9455383242,gym,Gym 1,9455383242.0,bike,12575.320799828736,50.301283199314945
939,1259,11,11,1,random_activity,1,4.598940005505403,0.0,0,0.2989477750199502,80.39625912725748,0.5766661421111274,0,4.598940005505403,46.9027976,7.342526,3361001766,park,Park 1,3361001766.0,drive,13384.255902818171,26.768511805636344
940,1260,11,12,0,stay,1,5.728533338208427,0.0,0,0.20515827507428547,79.54053743246543,2.2988506000987177,0,3.935746770426031,46.9027976,7.342526,3361001766,,,,,0.0,0.0
941,1261,11,13,0,stay,1,6.755199909816532,0.0,0,0.14626634136254116,82.22121585381548,1.6550356355302622,0,5.76803495780945,46.9027976,7.342526,3361001766,,,,,0.0,0.0
942,1262,11,14,1,random_activity,1,6.079228404784357,0.36315303266253157,1,0.07295919731951778,88.54780430616891,1.7602101786462185,0,4.873598079830121,46.9027976,7.342526,3361001766,park,Park 1,3361001766.0,walk,0.0,0.0
943,1263,11,15,1,random_activity,1,6.361323537604671,2.241890278308236,1,0.0030214707464693742,85.31144377500662,1.9396221643843865,0,5.01313502189267,46.9363222,7.4681231,9455383242,gym,Gym 1,9455383242.0,bike,12575.320799828736,50.301283199314945
944,1264,11,16,0,stay,1,5.624010653965229,0.26745883136952736,1,0.04569213883811965,89.33033055940854,1.681804064902635,0,4.437516196579507,46.9363222,7.4681231,9455383242,,,,,0.0,0.0
945,1265,11,17,1,random_activity,1,4.709070331196935,0.2337748680828607,1,0.0,91.54693682897505,3.0575315266321135,0,2.1140057638460283,46.9027976,7.342526,3361001766,park,Park 1,3361001766.0,drive,13384.255902818171,26.768511805636344
946,1266,11,18,1,random_activity,1,5.301481999451164,1.9808597450782015,1,0.0,86.72996594805149,1.626104720659951,0,4.133022397556839,46.9027976,7.342526,3361001766,park,Park 1,3361001766.0,walk,0.0,0.0
947,1267,11,19,1,random_activity,1,4.394591636950347,0.0,0,0.0,84.93591044300582,1.5304304545938927,0,3.215969110595043,46.9027976,7.342526,3361001766,park,Park 1,3361001766.0,drive,0.0,0.0
948,1268,11,20,0,stay,1,5.753594112179045,0.0,0,0.0,81.46362533933141,1.9789691923258823,0,4.266968154235688,46.9027976,7.342526,3361001766,,,,,0.0,0.0
949,1269,11,21,0,stay,1,7.1238553254949055,0.0,0,0.0,88.53426051123535,2.7630586779620465,0,5.220433850153275,46.9027976,7.342526,3361001766,,,,,0.0,0.0
950,1270,11,22,1,random_activity,1,6.599752877319803,0.0,0,0.0,91.0886301432008,1.1158733383204684,0,6.599752877319803,46.9363222,7.4681231,9455383242,gym,Gym 1,9455383242.0,drive,13100.897090182036,26.20179418036407
951,1272,11,0,1,random_activity,2,3.735726651795215,0.0,0,0.0,90.8121179604032,1.0492925842819054,0,3.735726651795215,46.878604,7.4926271,13193385739,pool,Pool 1,13193385739.0,walk,8962.966612622162,112.03708265777702
952,1273,11,1,0,stay,1,3.2898285648219767,0.0,0,0.0,85.80923220527986,1.6579833640454447,0,1.783911089212506,46.878604,7.4926271,13193385739,,,,,0.0,0.0
953,1274,11,2,1,random_activity,1,1.3484431549691553,0.0,0,0.0,90.43194946811757,1.653644954510349,0,-0.44020838784167576,46.9027976,7.342526,3361001766,park,Park 1,3361001766.0,drive,16686.416243763804,33.37283248752761
954,1277,11,5,1,random_activity,3,1.1501703728517145,0.0,0,0.0,94.71261483122541,1.218862741612039,0,1.1501703728517145,46.9363222,7.4681231,9455383242,gym,Gym 1,9455383242.0,walk,12575.320799828736,157.1915099978592
955,1278,11,6,0,stay,1,0.015860071225640482,0.0,0,0.0,93.97065866160335,1.9225384865193125,0,-2.339318929112585,46.9363222,7.4681231,9455383242,,,,,0.0,0.0
956,1280,11,8,1,random_activity,2,1.7962412739365359,0.0,0,0.1369371472108772,88.22952242535372,2.0510556761588203,0,-0.4226670788860471,46.878604,7.4926271,13193385739,pool,Pool 1,13193385739.0,walk,8962.966612622162,112.03708265777702
957,1281,11,9,0,stay,1,2.5529783509541164,0.0,0,0.18601778602558006,87.66855537841339,1.9139909534144848,0,0.6173040032074558,46.878604,7.4926271,13193385739,,,,,0.0,0.0
958,1283,11,11,1,random_activity,2,5.446412049771954,0.0,0,0.32998761436991286,82.14791591018842,1.122860057971135,0,5.446412049771954,46.9027976,7.342526,3361001766,park,Park 1,3361001766.0,bike,15087.363220614176,60.3494528824567
959,1284,11,12,0,stay,1,7.571832376331129,0.0,0,0.3106861486941359,78.45439158055069,0.9264977961425163,0,7.571832376331129,46.9027976,7.342526,3361001766,,,,,0.0,0.0
960,1287,11,15,1,random_activity,3,8.316205084440716,0.0,0,0.20085510476321125,74.63280032733245,3.212019076816867,0,6.359580463899172,46.9363222,7.4681231,9455383242,gym,Gym 1,9455383242.0,walk,12575.320799828736,157.1915099978592
961,1288,11,16,1,random_activity,1,8.570774947577874,0.0,0,0.07782683590659928,76.11233815168417,3.5533934749503153,0,6.4749748292112725,46.9027976,7.342526,3361001766,park,Park 1,3361001766.0,bike,12575.320799828734,50.30128319931494
962,1289,11,17,0,stay,1,7.490447894071595,0.0,0,0.0,80.6877112990263,1.439332817222612,0,6.859328071019214,46.9027976,7.342526,3361001766,,,,,0.0,0.0
963,1290,11,18,1,random_activity,1,5.902155079512627,0.0,0,0.0,88.60707154952335,0.8647990006720261,0,5.902155079512627,46.878604,7.4926271,13193385739,pool,Pool 1,13193385739.0,drive,16642.985193898883,33.28597038779777
964,1294,11,22,1,random_activity,4,3.3983829549201965,0.0,0,0.0,90.6351554791736,1.890632998551966,0,1.6255894763832164,46.9027976,7.342526,3361001766,park,Park 1,3361001766.0,walk,15087.363220614176,188.59204025767718
965,1295,11,23,1,random_activity,1,0.6346005296168047,0.0,0,0.0,81.5931096539939,0.7360933772666121,0,0.6346005296168047,46.9363222,7.4681231,9455383242,gym,Gym 1,9455383242.0,bike,12575.320799828736,50.301283199314945
966,1296,11,0,1,random_activity,1,0.12534832224922332,0.0,0,0.0,92.27503404270519,0.14649825604226385,0,0.12534832224922332,46.878604,7.4926271,13193385739,pool,Pool 1,13193385739.0,drive,11843.45562545482,23.686911250909642
967,1297,11,1,1,random_activity,1,-0.8729856651274011,0.0,0,0.0,89.30084705993848,1.4223749084079802,0,-2.6206186168327346,46.878604,7.4926271,13193385739,pool,Pool 1,13193385739.0,drive,0.0,0.0
968,1301,11,5,1,random_activity,4,-0.7415851359786125,0.0,0,0.0,98.75440520811533,2.3827098202594237,0,-3.773874430964211,46.9027976,7.342526,3361001766,park,Park 1,3361001766.0,walk,15087.363220614176,188.59204025767718
969,1302,11,6,0,stay,1,-0.09134401843559203,0.0,0,0.0,95.27236254649014,2.326696997602541,0,-2.9453583858148353,46.9027976,7.342526,3361001766,,,,,0.0,0.0
970,1306,11,10,1,random_activity,4,3.7373109028608744,0.0,0,0.27882395641071767,85.40415768258259,1.913133652464089,0,1.993278318217213,46.878604,7.4926271,13193385739,pool,Pool 1,13193385739.0,walk,15087.363220614172,188.59204025767716
971,1307,11,11,1,random_activity,1,4.9952389125968075,0.0,0,0.34374247863968,85.55291221902758,2.27016982841388,0,3.0990287740344593,46.878604,7.4926271,13193385739,pool,Pool 1,13193385739.0,drive,0.0,0.0
972,1308,11,12,0,stay,1,3.669030058760307,0.0,0,0.39074625294467175,79.12081682660325,0.9216215457699319,0,3.669030058760307,46.878604,7.4926271,13193385739,,,,,0.0,0.0
973,1310,11,14,1,random_activity,2,4.642892489959969,0.0,0,0.2943821726333523,78.57229904984574,1.966843052331169,0,2.987049969694908,46.9363222,7.4681231,9455383242,gym,Gym 1,9455383242.0,walk,8962.96661262216,112.037082657777
974,1311,11,15,0,stay,1,6.565988245728219,0.0,0,0.19011821217273062,77.75373526471205,1.8494218814987804,0,5.341738492346985,46.9363222,7.4681231,9455383242,,,,,0.0,0.0
975,1312,11,16,1,random_activity,1,7.809806330877013,0.0,0,0.12021834961721084,73.93319410739493,2.7818632139448667,0,6.026247291589676,46.9363222,7.4681231,9455383242,gym,Gym 1,9455383242.0,bike,0.0,0.0
976,1313,11,17,1,random_activity,1,7.998157513231519,0.0,0,0.0,68.30927389815061,1.6143767621480043,0,7.238992052756185,46.9363222,7.4681231,9455383242,gym,Gym 1,9455383242.0,drive,0.0,0.0
977,1314,11,18,0,stay,1,8.293938247104009,0.0,0,0.0,71.97440242996925,2.1292811930602293,0,7.093363206259621,46.9363222,7.4681231,9455383242,,,,,0.0,0.0
978,1315,11,19,0,stay,1,8.2637183920306,0.0,0,0.0,76.77862176226866,1.1906130837978672,0,8.2637183920306,46.9363222,7.4681231,9455383242,,,,,0.0,0.0
979,1316,11,20,1,random_activity,1,5.646201003528394,0.0,0,0.0,83.54066383540152,1.7536864986957452,0,4.3812457688850355,46.9027976,7.342526,3361001766,park,Park 1,3361001766.0,drive,13384.255902818171,26.768511805636344
980,1317,11,21,1,random_activity,1,5.616006835967859,0.0,0,0.0,87.51203718828675,5.596843980274608,0,1.8428026893759784,46.878604,7.4926271,13193385739,pool,Pool 1,13193385739.0,drive,16642.985193898883,33.28597038779777
981,1318,11,22,0,stay,1,4.252535872885491,0.0,0,0.0,93.50093587417943,1.7208900143324533,0,2.812846436736787,46.878604,7.4926271,13193385739,,,,,0.0,0.0
982,1319,11,23,1,random_activity,1,2.47495470587676,0.0,0,0.0,89.18057693835739,1.2242037774251306,0,2.47495470587676,46.878604,7.4926271,13193385739,pool,Pool 1,13193385739.0,drive,0.0,0.0
983,1320,11,0,0,stay,1,1.4009049610418494,0.0,0,0.0,93.25683003746857,0.0,0,1.4009049610418494,46.878604,7.4926271,13193385739,,,,,0.0,0.0
984,1322,11,2,1,random_activity,2,0.4130508427111156,0.0,0,0.0,100.0,0.990486845008951,0,0.4130508427111156,46.9027976,7.342526,3361001766,park,Park 1,3361001766.0,bike,15087.363220614176,60.3494528824567
985,1323,11,3,1,random_activity,1,0.23522844497944007,0.0,0,0.0,98.88769984094375,1.574285915064559,0,-1.6012602944360488,46.9027976,7.342526,3361001766,park,Park 1,3361001766.0,drive,0.0,0.0
986,1324,11,4,1,random_activity,1,-0.16741547255636968,0.0,0,0.0,95.30318991999886,0.7844687021181147,0,-0.16741547255636968,46.9027976,7.342526,3361001766,park,Park 1,3361001766.0,drive,0.0,0.0
987,1325,11,5,1,random_activity,1,1.4032069673934289,0.0,0,0.0,96.13825125582133,1.7845915703910304,0,-0.5536744688430417,46.9363222,7.4681231,9455383242,gym,Gym 1,9455383242.0,bike,12575.320799828736,50.301283199314945
988,1328,11,8,1,random_activity,3,2.6380874007341233,0.0,0,0.0910965107674333,85.98161216766822,1.8631539753858364,0,0.7765017459090254,46.9027976,7.342526,3361001766,park,Park 1,3361001766.0,walk,12575.320799828734,157.19150999785919
989,1329,11,9,1,random_activity,1,4.847744244819864,0.0,0,0.041286016272033356,85.42559318594856,1.4108348727846352,0,3.8939507634182116,46.9027976,7.342526,3361001766,park,Park 1,3361001766.0,drive,0.0,0.0
990,1330,11,10,0,stay,1,5.867469638242506,0.0,0,0.10551716039818854,81.80249238290436,1.4473937284909264,0,5.003570413820305,46.9027976,7.342526,3361001766,,,,,0.0,0.0
991,1334,11,14,1,random_activity,4,7.441510057032783,0.0,0,0.08222329964281769,76.26780576451436,2.240210829112567,0,6.00068669639295,46.878604,7.4926271,13193385739,pool,Pool 1,13193385739.0,walk,15087.363220614172,188.59204025767716
992,1338,11,18,1,random_activity,4,6.787649106895313,0.0,0,0.0,76.40206832081718,1.1297187625384886,0,6.787649106895313,46.9027976,7.342526,3361001766,park,Park 1,3361001766.0,walk,15087.363220614176,188.59204025767718
993,1339,11,19,1,random_activity,1,4.157539236839795,0.0,0,0.0,86.78355653679539,2.4147940379129067,0,1.9789278815718347,46.878604,7.4926271,13193385739,pool,Pool 1,13193385739.0,drive,16642.985193898883,33.28597038779777
994,1340,11,20,1,random_activity,1,3.99998193626849,0.0,0,0.0,77.80856737449538,0.7160043435905508,0,3.99998193626849,46.878604,7.4926271,13193385739,pool,Pool 1,13193385739.0,drive,0.0,0.0
995,1341,11,21,0,stay,1,4.729300655030498,0.0,0,0.0,84.48531396807222,1.3694133106284831,0,3.818017308658565,46.878604,7.4926271,13193385739,,,,,0.0,0.0
996,1342,11,22,0,stay,1,3.4587571499466336,0.0,0,0.0,92.5754691867428,1.725127430226303,0,1.893229799169597,46.878604,7.4926271,13193385739,,,,,0.0,0.0
997,1343,11,23,1,random_activity,1,1.993372528386161,0.0,0,0.0,86.96977717080009,2.247690870525426,0,-0.4074288650015608,46.9363222,7.4681231,9455383242,gym,Gym 1,9455383242.0,drive,11635.896545603482,23.271793091206963
998,1344,11,0,0,stay,1,0.861421176935905,0.0,0,0.0,88.29107608727554,1.9506059696342823,0,-1.3921673957276168,46.9363222,7.4681231,9455383242,,,,,0.0,0.0
999,1345,11,1,0,stay,1,0.10506082713094145,0.0,0,0.0,97.44685281655293,0.6115351726801646,0,0.10506082713094145,46.9363222,7.4681231,9455383242,,,,,0.0,0.0
1000,1346,11,2,0,stay,1,0.17320193159474573,0.0,0,0.0,97.93571527245689,1.0016280489738727,0,0.17320193159474573,46.9363222,7.4681231,9455383242,,,,,0.0,0.0
1001,1347,11,3,0,stay,1,0.6215108226213568,0.0,0,0.0,100.0,0.9269173016840057,0,0.6215108226213568,46.9363222,7.4681231,9455383242,,,,,0.0,0.0
1002,1348,11,4,1,random_activity,1,1.3235455100853808,0.0,0,0.0,94.7246357254337,1.7618204264283372,0,-0.6157250871405474,46.9363222,7.4681231,9455383242,gym,Gym 1,9455383242.0,bike,0.0,0.0
1003,1349,11,5,0,stay,1,1.3233804676818166,0.0,0,0.0,93.89223524911958,2.13672994838646,0,-1.0725304830093743,46.9363222,7.4681231,9455383242,,,,,0.0,0.0
1004,1350,11,6,1,random_activity,1,3.1041482537589524,0.0,0,0.0,90.74291958053875,2.5844836314723434,0,0.5779454321696499,46.9363222,7.4681231,9455383242,gym,Gym 1,9455383242.0,drive,0.0,0.0
1005,1351,11,7,1,random_activity,1,4.616593338305407,0.0,0,0.0,92.32413601311,0.9589085348515158,0,4.616593338305407,46.9027976,7.342526,3361001766,park,Park 1,3361001766.0,drive,13384.255902818171,26.768511805636344
1006,1352,11,8,0,stay,1,4.626059299345467,0.0,0,0.18105013649727852,91.76572255859136,2.3200381846833897,0,2.618449600839207,46.9027976,7.342526,3361001766,,,,,0.0,0.0
1007,1353,11,9,1,random_activity,1,5.155803368034354,0.0,0,0.1904474449479886,86.79912211627428,0.6322052760958631,0,5.155803368034354,46.9027976,7.342526,3361001766,park,Park 1,3361001766.0,walk,0.0,0.0
1008,1354,11,10,1,random_activity,1,6.070164410808527,0.0,0,0.3210367678481519,78.50556304818991,0.5187899332878358,0,6.070164410808527,46.9027976,7.342526,3361001766,park,Park 1,3361001766.0,walk,0.0,0.0
1009,1355,11,11,1,random_activity,1,7.561714282365298,0.0,0,0.33662781411710385,82.13947731824423,0.8583585668496707,0,7.561714282365298,46.9363222,7.4681231,9455383242,gym,Gym 1,9455383242.0,bike,12575.320799828736,50.301283199314945
1010,1356,11,12,1,random_activity,1,6.242564637519222,0.0,0,0.4384318882079481,76.98896334850886,0.21772843464513514,0,6.242564637519222,46.878604,7.4926271,13193385739,pool,Pool 1,13193385739.0,drive,11843.45562545482,23.686911250909642
1011,1357,11,13,1,random_activity,1,7.431586151949279,0.0,0,0.3794601300924403,76.69529695498915,1.9631332357304487,0,6.2347713286716635,46.878604,7.4926271,13193385739,pool,Pool 1,13193385739.0,drive,0.0,0.0
1012,1358,11,14,0,stay,1,7.051103416690563,0.0,0,0.20713007655009583,74.3071391874019,1.420070147884177,0,6.383824103225272,46.878604,7.4926271,13193385739,,,,,0.0,0.0
1013,1360,11,16,1,random_activity,2,7.077810693030438,0.0,0,0.066683023660741,76.91935843221778,1.876658065303794,0,5.907307579843864,46.9363222,7.4681231,9455383242,gym,Gym 1,9455383242.0,walk,8962.96661262216,112.037082657777
1014,1361,11,17,1,random_activity,1,6.632430913947259,0.0,0,0.0,73.2966901669636,1.2498730223577246,0,6.632430913947259,46.9027976,7.342526,3361001766,park,Park 1,3361001766.0,drive,13384.255902818171,26.768511805636344
1015,1365,11,21,1,random_activity,4,4.042141655340117,0.0,0,0.0,84.19635109790862,2.1747335145704003,0,2.0717995923248327,46.878604,7.4926271,13193385739,pool,Pool 1,13193385739.0,walk,15087.363220614172,188.59204025767716
1016,1369,11,1,1,random_activity,4,0.532339194923814,0.0,0,0.0,96.23711038845492,2.099295361317793,0,-1.95486516921837,46.9027976,7.342526,3361001766,park,Park 1,3361001766.0,walk,15087.363220614176,188.59204025767718
1017,1371,11,3,1,random_activity,2,-0.5707706115655236,0.0,0,0.0,94.70181986424818,1.535278955622025,0,-2.4623625863140988,46.878604,7.4926271,13193385739,pool,Pool 1,13193385739.0,bike,15087.363220614172,60.34945288245669
1018,1372,11,4,1,random_activity,1,-0.4914782219965801,0.0,0,0.0,98.47369905884128,0.4630720787232656,0,-0.4914782219965801,46.878604,7.4926271,13193385739,pool,Pool 1,13193385739.0,bike,0.0,0.0
1019,1374,11,6,1,random_activity,2,-0.6360929240430577,0.0,0,0.0,97.62937618253052,2.0970830151457127,0,-3.3180963834227226,46.9027976,7.342526,3361001766,park,Park 1,3361001766.0,bike,15087.363220614176,60.3494528824567
1020,1376,11,8,1,random_activity,2,1.598238392678929,0.0,0,0.15260176203834253,86.44349694512489,1.8441681042672229,0,-0.40452934367340593,46.878604,7.4926271,13193385739,pool,Pool 1,13193385739.0,bike,15087.363220614172,60.34945288245669
1021,1377,11,9,1,random_activity,1,2.6255918049666875,0.0,0,0.2110649664383656,83.65780680908985,1.7826562530497139,0,0.8605819009877259,46.878604,7.4926271,13193385739,pool,Pool 1,13193385739.0,walk,0.0,0.0
1022,1379,11,11,1,random_activity,2,3.8204290857992556,0.0,0,0.37789438334944575,89.82463048029356,2.657562706234807,0,1.3656470169026216,46.9027976,7.342526,3361001766,park,Park 1,3361001766.0,bike,15087.363220614176,60.3494528824567
1023,1380,11,12,0,stay,1,4.3652379635106495,0.0,0,0.3916060267066007,77.70900162429183,0.29461572659042856,0,4.3652379635106495,46.9027976,7.342526,3361001766,,,,,0.0,0.0
1024,1381,11,13,0,stay,1,4.917802049799106,0.0,0,0.3103009370210442,74.54448482797224,3.5999440437857584,0,1.9992898156150376,46.9027976,7.342526,3361001766,,,,,0.0,0.0
1025,1382,11,14,1,random_activity,1,5.472407280862947,0.0,0,0.26565262981199705,77.52822954404108,2.8119142174788903,0,3.21190739223876,46.9363222,7.4681231,9455383242,gym,Gym 1,9455383242.0,drive,13100.897090182036,26.20179418036407
1026,1383,11,15,1,random_activity,1,4.942469641675377,0.0,0,0.22135905778798573,77.9565613393972,1.0112067138238987,0,4.942469641675377,46.9363222,7.4681231,9455383242,gym,Gym 1,9455383242.0,walk,0.0,0.0
1027,1384,11,16,0,stay,1,4.211315319188024,0.0,0,0.030242921725156354,79.97956691028142,1.5204474403692807,0,3.0199912035395666,46.9363222,7.4681231,9455383242,,,,,0.0,0.0
1028,1385,11,17,0,stay,1,5.3274698487660705,0.0,0,0.0,82.28772200420923,1.887283628947882,0,3.8667829775273788,46.9363222,7.4681231,9455383242,,,,,0.0,0.0
1029,1386,11,18,1,random_activity,1,5.903664416436715,0.0,0,0.0,83.83451076074834,1.7924107345054336,0,4.6358099764215215,46.878604,7.4926271,13193385739,pool,Pool 1,13193385739.0,drive,11843.45562545482,23.686911250909642
1030,1388,11,20,1,random_activity,2,5.021525604564871,0.0,0,0.0,81.82712866950446,2.1799269417212526,0,3.2147994179007235,46.9027976,7.342526,3361001766,park,Park 1,3361001766.0,bike,15087.363220614176,60.3494528824567
1031,1389,11,21,0,stay,1,4.084177567707801,0.0,0,0.0,92.74826310252215,2.4114470973693143,0,1.8953115108361136,46.9027976,7.342526,3361001766,,,,,0.0,0.0
1032,1392,11,0,1,random_activity,3,1.5507301556396986,0.0,0,0.0,91.86941950222443,2.464503179989481,0,-1.1504685838291548,46.9363222,7.4681231,9455383242,gym,Gym 1,9455383242.0,walk,12575.320799828736,157.1915099978592
1033,1393,11,1,1,random_activity,1,1.0542605120414947,0.0,0,0.0,94.13953185785574,1.6987388592656636,0,-0.8408956740553148,46.9027976,7.342526,3361001766,park,Park 1,3361001766.0,drive,13384.255902818171,26.768511805636344
1034,1395,11,3,1,random_activity,2,0.979282658220868,0.0,0,0.0,92.28435456226184,1.6605619630024369,0,-0.8739523667470096,46.878604,7.4926271,13193385739,pool,Pool 1,13193385739.0,bike,15087.363220614172,60.34945288245669
1035,1399,11,7,1,random_activity,4,3.0957712609123873,0.0,0,0.0,84.57135785509101,0.972045006035655,0,3.0957712609123873,46.9027976,7.342526,3361001766,park,Park 1,3361001766.0,walk,15087.363220614176,188.59204025767718
1036,1400,11,8,1,random_activity,1,3.20404308466155,0.0,0,0.1572853882351083,85.05562374552866,2.191062698421548,0,1.0726322013044194,46.9027976,7.342526,3361001766,park,Park 1,3361001766.0,walk,0.0,0.0
1037,1401,11,9,1,random_activity,1,2.3487419045558404,0.0,0,0.4320714064112785,90.20090315308038,2.8516618047980016,0,-0.5556155095899642,46.9363222,7.4681231,9455383242,gym,Gym 1,9455383242.0,bike,12575.320799828736,50.301283199314945
1038,1402,11,10,1,random_activity,1,4.70900060018662,0.0,0,0.424059455029787,85.27764500212004,3.093501474940382,0,2.087812482232994,46.878604,7.4926271,13193385739,pool,Pool 1,13193385739.0,bike,8962.966612622162,35.85186645048865
1039,1404,11,12,1,random_activity,2,7.211449798087672,0.0,0,0.5676551194416478,77.70232438254253,2.3690113669559634,0,5.623701715851147,46.9363222,7.4681231,9455383242,gym,Gym 1,9455383242.0,walk,8962.96661262216,112.037082657777
1040,1405,11,13,1,random_activity,1,7.757431293009745,0.0,0,0.47324142406215564,82.45570944090517,1.6078326348711511,0,6.9701355817331905,46.9363222,7.4681231,9455383242,gym,Gym 1,9455383242.0,bike,0.0,0.0
1041,1406,11,14,1,random_activity,1,7.146965133873568,0.0,0,0.4447767820918973,68.64617317851491,1.2657177393054608,0,7.146965133873568,46.9363222,7.4681231,9455383242,gym,Gym 1,9455383242.0,bike,0.0,0.0
1042,1407,11,15,1,random_activity,1,5.542230769782769,0.0,0,0.29087276352041436,80.86148145683589,0.28123396728843053,0,5.542230769782769,46.878604,7.4926271,13193385739,pool,Pool 1,13193385739.0,drive,11843.45562545482,23.686911250909642
1043,1408,11,16,1,random_activity,1,3.561083536853377,0.0,0,0.09431602775999068,84.50553098304589,0.8131176692305443,0,3.561083536853377,46.878604,7.4926271,13193385739,pool,Pool 1,13193385739.0,drive,0.0,0.0
1044,1410,11,18,1,random_activity,2,2.414924893794515,0.0,0,0.0,79.08635743874102,1.9720785023935932,0,0.38907550719292616,46.9363222,7.4681231,9455383242,gym,Gym 1,9455383242.0,walk,8962.96661262216,112.037082657777
1045,1411,11,19,1,random_activity,1,2.3679299839154786,0.0,0,0.0,82.31426572116827,1.513644860004379,0,0.9255956413386536,46.9363222,7.4681231,9455383242,gym,Gym 1,9455383242.0,drive,0.0,0.0
1046,1414,11,22,1,random_activity,3,1.1623928195109423,0.0,0,0.0,90.13765695863778,2.0833020047923676,0,-1.1998844160449826,46.9027976,7.342526,3361001766,park,Park 1,3361001766.0,walk,12575.320799828734,157.19150999785919
1047,1418,11,2,1,random_activity,4,0.42035327704427905,0.0,0,0.0,100.0,1.7843087597675178,0,-1.688479241496245,46.878604,7.4926271,13193385739,pool,Pool 1,13193385739.0,walk,15087.363220614172,188.59204025767716
1048,1419,11,3,1,random_activity,1,-0.15683701976955922,0.0,0,0.0,99.3402681744792,1.0837360147116732,0,-0.15683701976955922,46.9363222,7.4681231,9455383242,gym,Gym 1,9455383242.0,drive,11635.896545603482,23.271793091206963
1049,1420,11,4,1,random_activity,1,1.1347677057543428,0.0,0,0.0,96.29124950332157,3.1888828083852734,0,-2.2939982623412765,46.9027976,7.342526,3361001766,park,Park 1,3361001766.0,bike,12575.320799828734,50.30128319931494
1050,1421,11,5,0,stay,1,0.9066385676257067,0.0,0,0.0,89.47251548288698,1.5711047968973995,0,-0.8282027452222233,46.9027976,7.342526,3361001766,,,,,0.0,0.0
1051,1423,11,7,1,random_activity,2,2.975167128188964,0.0,0,0.0,82.99430826042504,0.9598962664792245,0,2.975167128188964,46.878604,7.4926271,13193385739,pool,Pool 1,13193385739.0,bike,15087.363220614172,60.34945288245669
1052,1424,11,8,1,random_activity,1,3.5291471652033954,0.0,0,0.18084632739359124,84.45146323391407,3.351408301820008,0,0.4782338968043594,46.878604,7.4926271,13193385739,pool,Pool 1,13193385739.0,walk,0.0,0.0
1053,1425,11,9,0,stay,1,4.252672595503266,0.0,0,0.38136188482683686,84.18956219579019,1.2608666632423462,0,4.252672595503266,46.878604,7.4926271,13193385739,,,,,0.0,0.0
1054,1426,11,10,1,random_activity,1,5.025211812616427,0.0,0,0.5356669051382641,88.38669980195085,1.1001944856222416,0,5.025211812616427,46.9363222,7.4681231,9455383242,gym,Gym 1,9455383242.0,bike,8962.96661262216,35.85186645048864
1055,1427,11,11,1,random_activity,1,6.046939904581487,0.0,0,0.572777047022255,89.45079853067345,0.8350500476406646,0,6.046939904581487,46.9363222,7.4681231,9455383242,gym,Gym 1,9455383242.0,drive,0.0,0.0
1056,1428,11,12,0,stay,1,8.081990374373841,0.0,0,0.5603168762240692,73.90217364866736,0.12260628594697498,0,8.081990374373841,46.9363222,7.4681231,9455383242,,,,,0.0,0.0
1057,1429,11,13,0,stay,1,8.082317102303154,0.0,0,0.5472030887318472,63.55328685493108,1.2362819992146625,0,8.082317102303154,46.9363222,7.4681231,9455383242,,,,,0.0,0.0
1058,1430,11,14,1,random_activity,1,6.6034507753032,0.0,0,0.4061471403350326,76.33032866570704,2.4750719562444683,0,4.819762835521739,46.878604,7.4926271,13193385739,pool,Pool 1,13193385739.0,bike,8962.966612622162,35.85186645048865
1059,1431,11,15,0,stay,1,6.871821975094718,0.0,0,0.26580228050206567,71.30941830337567,0.8139769547758786,0,6.871821975094718,46.878604,7.4926271,13193385739,,,,,0.0,0.0
1060,1432,11,16,0,stay,1,7.796177205688739,0.0,0,0.13761867021043495,79.12243945523063,2.391748637879253,0,6.2956894278438,46.878604,7.4926271,13193385739,,,,,0.0,0.0
1061,1436,11,20,1,random_activity,4,6.455318431128534,0.0,0,0.0,84.97463623250779,1.1383823031209368,0,6.455318431128534,46.9027976,7.342526,3361001766,park,Park 1,3361001766.0,walk,15087.363220614176,188.59204025767718
1062,1437,11,21,0,stay,1,4.078145468550391,0.0,0,0.0,86.27395381616832,0.4083458882918496,0,4.078145468550391,46.9027976,7.342526,3361001766,,,,,0.0,0.0
1063,1438,11,22,1,random_activity,1,3.2373430812792563,0.0,0,0.0,85.35804523017286,0.7799841202702043,0,3.2373430812792563,46.9363222,7.4681231,9455383242,gym,Gym 1,9455383242.0,drive,13100.897090182036,26.20179418036407
1064,1441,11,23,1,random_activity,3,3.2373430812792563,0.0,0,0.0,85.35804523017286,0.7799841202702043,0,3.2373430812792563,46.9027976,7.342526,3361001766,park,Park 1,3361001766.0,walk,12575.320799828734,157.19150999785919
