seed,model_year_index,month,temperature_mean_c,temperature_daily_max_mean_c,temperature_daily_min_mean_c,precipitation_native_30d_mm,sunshine_native_30d_hours,humidity_pct,wind_m_s,ice_days_native_30d,frost_days_native_30d,summer_days_native_30d,heat_days_native_30d,snow_cover_days_native_30d,precip_days_ge_1mm_native_30d,precip_days_ge_5mm_native_30d,precip_days_ge_10mm_native_30d,precip_days_ge_50mm_native_30d,precipitation_total_mm,sunshine_hours,ice_days,frost_days,summer_days,heat_days,snow_cover_days,precip_days_ge_1mm,precip_days_ge_5mm,precip_days_ge_10mm,precip_days_ge_50mm,sunshine_pct,month_label
3263,0,1,0.15868055555555555,3.6405666666666665,-3.395766666666667,32.555,69.591,84.45080694444444,1.8616569444444444,0,30,0,0,7,9,1,0,0,33.640166666666666,71.91069999999999,0.0,31.0,0.0,0.0,7.233333333333333,9.299999999999999,1.0333333333333332,0.0,0.0,25.77444444444445,Jan
3263,0,2,0.7237347222222221,4.612733333333334,-3.076733333333333,97.805,88.698,80.30678611111111,2.040172222222222,0,28,0,0,10,9,7,4,0,92.15404455311668,83.57322676521999,0.0,26.38222225333333,0.0,0.0,9.422222233333333,8.48000001,6.595555563333333,3.768888893333333,0.0,28.456207892204034,Feb
3263,0,3,4.939295833333333,10.134266666666667,-0.4078666666666667,63.684,137.778,73.56238888888888,2.2582680555555554,0,18,0,0,2,11,4,1,0,65.8068,142.3706,0.0,18.599999999999998,0.0,0.0,2.0666666666666664,11.366666666666665,4.133333333333333,1.0333333333333332,0.0,38.52852348993288,Mar
3263,0,4,8.7886125,14.762733333333333,2.4987333333333335,87.08000000000001,204.376,70.73328194444444,2.1948097222222223,0,2,0,0,0,13,6,4,0,87.08000000000001,204.376,0.0,2.0,0.0,0.0,0.0,13.0,6.0,4.0,0.0,49.908669108669116,Apr
3263,0,5,12.938186111111111,19.372999999999998,6.517633333333333,100.151,200.771,72.90016805555555,2.102063888888889,0,0,0,0,0,12,7,4,0,103.48936666666665,207.46336666666667,0.0,0.0,0.0,0.0,0.0,12.4,7.233333333333333,4.133333333333333,0.0,44.26168430335096,May
3263,0,6,16.557961111111112,23.586066666666667,9.808733333333333,141.802,221.771,73.0546125,2.0971444444444445,0,0,9,0,0,12,9,7,0,141.802,221.771,0.0,0.0,9.0,0.0,0.0,12.0,9.0,7.0,0.0,46.37620242576328,Jun
3263,0,7,19.00717361111111,26.6578,10.690233333333333,136.841,229.903,71.60478333333334,1.9877819444444442,0,1,19,5,0,13,6,3,0,141.4023666666667,237.56643333333332,0.0,1.0333333333333332,19.633333333333333,5.166666666666666,0.0,13.433333333333334,6.2,3.1,0.0,49.18763371844245,Jul
3263,0,8,18.830908333333333,26.43613333333333,11.363333333333333,135.063,206.767,73.31490833333334,1.785926388888889,0,0,22,2,0,11,9,6,0,139.56509999999997,213.65923333333333,0.0,0.0,22.73333333333333,2.0666666666666664,0.0,11.366666666666665,9.299999999999999,6.2,0.0,48.23116398413809,Aug
3263,0,9,13.815795833333334,19.495566666666665,7.688566666666667,87.238,180.69,79.64351666666667,1.7303722222222222,0,0,0,0,0,10,6,3,0,87.238,180.69,0.0,0.0,0.0,0.0,0.0,10.0,6.0,3.0,0.0,47.68804433887569,Sep
3263,0,10,9.336270833333334,14.411833333333334,4.129666666666667,46.467,128.627,84.29511805555556,1.579888888888889,0,0,0,0,0,4,4,2,0,48.015899999999995,132.91456666666667,0.0,0.0,0.0,0.0,0.0,4.133333333333333,4.133333333333333,2.0666666666666664,0.0,39.04887674559806,Oct
3263,0,11,4.147331944444444,8.359533333333333,-0.02429999999999999,60.278,64.935,86.56591666666667,1.6741305555555557,0,13,0,0,1,7,4,2,0,60.278,64.935,0.0,13.0,0.0,0.0,1.0,7.0,4.0,2.0,0.0,22.95334040296925,Nov
3263,0,12,0.9765375,4.447866666666667,-2.5439000000000003,80.439,54.126,86.3004861111111,1.8917416666666669,0,30,0,0,9,7,5,3,0,83.1203,55.9302,0.0,31.0,0.0,0.0,9.299999999999999,7.233333333333333,5.166666666666666,3.1,0.0,20.979069767441857,Dec
3264,1,1,0.2305263888888889,4.032033333333334,-3.433066666666667,38.007,66.706,84.27911944444445,1.8007638888888888,0,30,0,0,14,8,4,1,0,39.2739,68.92953333333334,0.0,31.0,0.0,0.0,14.466666666666667,8.266666666666666,4.133333333333333,1.0333333333333332,0.0,24.705925925925932,Jan
3264,1,2,0.9336986111111112,5.098833333333333,-3.4871333333333334,58.894,100.922,79.56374861111111,2.059640277777778,0,30,0,0,5,11,7,2,0,55.49123562099332,95.09095122324666,0.0,28.2666667,0.0,0.0,4.711111116666666,10.364444456666666,6.595555563333333,1.8844444466666666,0.0,32.37792749438562,Feb
3264,1,3,5.200441666666666,10.515600000000001,-0.3702666666666667,73.323,170.83,73.71447222222223,2.2943597222222225,0,16,0,0,3,12,6,3,0,75.76709999999999,176.52433333333335,0.0,16.53333333333333,0.0,0.0,3.1,12.4,6.2,3.1,0.0,47.771252796420576,Mar
3264,1,4,8.763176388888889,15.536366666666668,2.2596666666666665,95.209,190.965,70.98872638888889,2.160433333333333,0,2,0,0,1,14,10,2,0,95.209,190.965,0.0,2.0,0.0,0.0,1.0,14.0,10.0,2.0,0.0,46.633699633699635,Apr
3264,1,5,13.160293055555554,19.186666666666667,6.7978,87.747,187.835,72.41027916666667,2.083466666666667,0,0,0,0,0,11,7,5,0,90.67190000000001,194.09616666666668,0.0,0.0,0.0,0.0,0.0,11.366666666666665,7.233333333333333,5.166666666666666,0.0,41.40983245149911,May
3264,1,6,16.55319722222222,23.837233333333334,9.2471,139.29,220.614,73.02329166666667,2.140036111111111,0,0,10,1,0,11,7,5,0,139.29,220.614,0.0,0.0,10.0,1.0,0.0,11.0,7.0,5.0,0.0,46.134253450439154,Jun
3264,1,7,18.85293611111111,27.668033333333334,10.7617,34.558,228.923,71.24059583333333,1.949647222222222,0,0,24,5,0,4,3,1,0,35.70993333333333,236.5537666666667,0.0,0.0,24.8,5.166666666666666,0.0,4.133333333333333,3.1,1.0333333333333332,0.0,48.97796320068464,Jul
3264,1,8,18.408691666666666,26.247700000000002,10.176933333333332,168.3,207.405,73.95986805555555,1.7097055555555556,0,0,24,1,0,14,12,8,0,173.91,214.3185,0.0,0.0,24.8,1.0333333333333332,0.0,14.466666666666667,12.4,8.266666666666666,0.0,48.37998600419874,Aug
3264,1,9,13.990916666666667,20.287766666666666,7.781666666666666,62.88,195.005,79.59852916666667,1.7942180555555558,0,0,0,0,0,7,5,4,0,62.88,195.005,0.0,0.0,0.0,0.0,0.0,7.0,5.0,4.0,0.0,51.46608603853259,Sep
3264,1,10,9.333931944444446,14.315333333333333,4.440266666666667,122.132,119.732,84.83361111111111,1.6844916666666667,0,0,0,0,0,9,8,5,0,126.20306666666667,123.72306666666667,0.0,0.0,0.0,0.0,0.0,9.299999999999999,8.266666666666666,5.166666666666666,0.0,36.3485124468731,Oct
3264,1,11,4.100673611111111,8.4835,-0.27896666666666664,67.519,70.068,86.41552916666666,1.670775,0,16,0,0,2,7,5,3,0,67.519,70.068,0.0,16.0,0.0,0.0,2.0,7.0,5.0,3.0,0.0,24.7677624602333,Nov
3264,1,12,0.6318750000000001,4.157133333333333,-3.1065,99.621,53.649,86.99099166666666,1.9248277777777778,0,30,0,0,11,13,7,4,0,102.9417,55.4373,0.0,31.0,0.0,0.0,11.366666666666665,13.433333333333334,7.233333333333333,4.133333333333333,0.0,20.794186046511626,Dec
3265,2,1,0.039030555555555554,3.2862666666666667,-3.370433333333333,84.694,64.455,84.86055555555555,1.854738888888889,0,30,0,0,13,8,7,2,0,87.51713333333333,66.6035,0.0,31.0,0.0,0.0,13.433333333333334,8.266666666666666,7.233333333333333,2.0666666666666664,0.0,23.872222222222227,Jan
3265,2,2,0.9754069444444444,5.1163,-3.0404666666666667,67.572,106.837,79.40946666666667,2.105438888888889,0,30,0,0,10,8,4,2,0,63.66784007508,100.66419567426333,0.0,28.2666667,0.0,0.0,9.422222233333333,7.537777786666666,3.768888893333333,1.8844444466666666,0.0,34.27558549887712,Feb
3265,2,3,5.039033333333333,10.222733333333334,-0.36386666666666667,88.408,165.83,73.76561944444444,2.2987583333333332,0,16,0,0,2,12,7,3,0,91.35493333333334,171.35766666666666,0.0,16.53333333333333,0.0,0.0,2.0666666666666664,12.4,7.233333333333333,3.1,0.0,46.373042505592835,Mar
3265,2,4,8.951699999999999,15.362733333333333,2.3809,79.158,162.436,70.90013888888889,2.1433666666666666,0,1,0,0,0,10,5,3,0,79.158,162.436,0.0,1.0,0.0,0.0,0.0,10.0,5.0,3.0,0.0,39.66691086691087,Apr
3265,2,5,12.939,19.4941,6.296166666666666,131.825,178.278,72.97385694444444,2.0204375,0,0,0,0,0,14,11,5,0,136.21916666666664,184.2206,0.0,0.0,0.0,0.0,0.0,14.466666666666667,11.366666666666665,5.166666666666666,0.0,39.30291005291005,May
3265,2,6,16.86915,23.867666666666665,9.4091,129.93,214.242,72.77715833333333,2.1042694444444447,0,0,7,0,0,13,9,6,0,129.93,214.242,0.0,0.0,7.0,0.0,0.0,13.0,9.0,6.0,0.0,44.801756587202014,Jun
3265,2,7,18.85899305555556,27.0673,10.048933333333334,113.42399999999999,249.196,71.49079166666667,1.9692625,0,0,24,5,0,6,5,4,0,117.20479999999999,257.5025333333333,0.0,0.0,24.8,5.166666666666666,0.0,6.2,5.166666666666666,4.133333333333333,0.0,53.31536157466838,Jul
3265,2,8,17.885637499999998,25.521666666666665,10.479700000000001,85.816,251.93,73.76121944444444,1.7552375,0,0,19,0,0,10,5,3,0,88.67653333333334,260.3276666666667,0.0,0.0,19.633333333333333,0.0,0.0,10.333333333333332,5.166666666666666,3.1,0.0,58.76603685560998,Aug
3265,2,9,14.073919444444444,19.957333333333334,7.8431999999999995,57.92,186.12199999999999,79.69525416666667,1.7451708333333333,0,0,0,0,0,8,6,1,0,57.92,186.12199999999999,0.0,0.0,0.0,0.0,0.0,8.0,6.0,1.0,0.0,49.12166798627605,Sep
3265,2,10,9.414290277777779,14.639166666666666,4.082566666666667,54.032999999999994,123.244,84.37951249999999,1.6601972222222223,0,0,0,0,0,7,4,2,0,55.83409999999999,127.35213333333333,0.0,0.0,0.0,0.0,0.0,7.233333333333333,4.133333333333333,2.0666666666666664,0.0,37.41469338190649,Oct
3265,2,11,4.039876388888889,8.392033333333334,-0.44106666666666666,118.11500000000001,70.553,86.86689027777778,1.6600041666666667,0,17,0,0,5,10,8,6,0,118.11500000000001,70.553,0.0,17.0,0.0,0.0,5.0,10.0,8.0,6.0,0.0,24.939201131141747,Nov
3265,2,12,0.8228194444444444,4.467833333333333,-2.5754666666666663,74.459,56.269,86.8094763888889,1.9057069444444443,0,30,0,0,7,10,6,2,0,76.94096666666667,58.14463333333333,0.0,31.0,0.0,0.0,7.233333333333333,10.333333333333332,6.2,2.0666666666666664,0.0,21.80968992248062,Dec
3266,3,1,0.16256944444444443,3.6378666666666666,-3.3634666666666666,39.879,66.72,84.57040694444444,1.8968763888888889,0,30,0,0,9,6,2,2,0,41.208299999999994,68.94399999999999,0.0,31.0,0.0,0.0,9.299999999999999,6.2,2.0666666666666664,2.0666666666666664,0.0,24.711111111111116,Jan
3266,3,2,0.8625972222222222,4.808133333333333,-3.1909,88.26599999999999,94.601,79.94372361111111,2.0675819444444445,0,30,0,0,8,9,8,4,0,83.16618676473999,89.13516454955665,0.0,28.2666667,0.0,0.0,7.537777786666666,8.48000001,7.537777786666666,3.768888893333333,0.0,30.350016041065125,Feb
3266,3,3,5.255959722222221,10.421566666666667,-0.1209,44.548,135.896,73.57872083333334,2.282798611111111,0,18,0,0,2,6,4,2,0,46.03293333333334,140.42586666666665,0.0,18.599999999999998,0.0,0.0,2.0666666666666664,6.2,4.133333333333333,2.0666666666666664,0.0,38.00223713646532,Mar
3266,3,4,9.152955555555556,15.193033333333334,3.0313999999999997,127.761,184.749,70.82194861111111,2.149868055555556,0,0,0,0,0,12,8,6,0,127.76100000000001,184.749,0.0,0.0,0.0,0.0,0.0,12.0,8.0,6.0,0.0,45.11575091575091,Apr
3266,3,5,13.100622222222222,19.7399,6.4174,91.279,206.54500000000002,72.54874583333334,2.0898944444444445,0,0,0,0,0,11,7,2,0,94.32163333333334,213.42983333333333,0.0,0.0,0.0,0.0,0.0,11.366666666666665,7.233333333333333,2.0666666666666664,0.0,45.53461199294532,May
3266,3,6,16.944230555555556,23.923866666666665,10.1953,129.429,213.387,72.59436805555556,2.0433624999999997,0,0,10,0,0,13,7,5,0,129.429,213.387,0.0,0.0,10.0,0.0,0.0,13.0,7.0,5.0,0.0,44.622961104140536,Jun
3266,3,7,18.628225,26.035833333333336,11.123466666666667,98.38,229.356,71.38078888888889,1.9324958333333333,0,0,20,2,0,8,5,5,0,101.65933333333334,237.0012,0.0,0.0,20.666666666666664,2.0666666666666664,0.0,8.266666666666666,5.166666666666666,5.166666666666666,0.0,49.070603337612326,Jul
3266,3,8,18.007791666666666,25.046266666666668,10.745433333333333,74.74600000000001,207.207,73.9326236111111,1.840827777777778,0,0,18,0,0,6,4,2,0,77.23753333333335,214.11389999999997,0.0,0.0,18.599999999999998,0.0,0.0,6.2,4.133333333333333,2.0666666666666664,0.0,48.33379986004199,Aug
3266,3,9,14.21623611111111,19.735633333333332,8.194700000000001,52.581,170.4,79.33756805555555,1.7629944444444445,0,0,0,0,0,9,3,2,0,52.581,170.4,0.0,0.0,0.0,0.0,0.0,9.0,3.0,2.0,0.0,44.972288202692,Sep
3266,3,10,9.681427777777778,14.696233333333334,4.573899999999999,113.478,108.572,84.26854861111111,1.6908152777777776,0,0,0,0,0,9,7,4,0,117.2606,112.19106666666667,0.0,0.0,0.0,0.0,0.0,9.299999999999999,7.233333333333333,4.133333333333333,0.0,32.960534304796596,Oct
3266,3,11,4.442541666666667,9.156766666666666,-0.07116666666666666,43.685,74.63,86.22385277777776,1.6613666666666667,0,17,0,0,1,7,4,1,0,43.685,74.63,0.0,17.0,0.0,0.0,1.0,7.0,4.0,1.0,0.0,26.380346412159774,Nov
3266,3,12,0.6838555555555555,3.959033333333333,-2.8776333333333337,52.644000000000005,53.071,86.42897777777777,1.835075,0,30,0,0,11,7,4,2,0,54.3988,54.84003333333333,0.0,31.0,0.0,0.0,11.366666666666665,7.233333333333333,4.133333333333333,2.0666666666666664,0.0,20.570155038759687,Dec
3267,4,1,-0.06713611111111112,3.204133333333333,-3.732766666666667,150.046,55.387,85.94437777777779,1.9055541666666664,0,30,0,0,18,11,9,7,0,155.04753333333332,57.23323333333334,0.0,31.0,0.0,0.0,18.599999999999998,11.366666666666665,9.299999999999999,7.233333333333333,0.0,20.513703703703708,Jan
3267,4,2,0.9695111111111111,5.046233333333333,-3.255133333333333,27.059,114.348,79.21657638888888,2.0039611111111113,0,30,0,0,4,4,2,1,0,25.495591141176664,107.74122679371999,0.0,28.2666667,0.0,0.0,3.768888893333333,3.768888893333333,1.8844444466666666,0.9422222233333333,0.0,36.68527430221366,Feb
3267,4,3,5.080127777777777,10.132900000000001,-0.2675333333333334,91.818,168.38400000000001,74.19174861111111,2.2907458333333333,0,20,0,0,3,12,9,2,0,94.8786,173.99680000000004,0.0,20.666666666666664,0.0,0.0,3.1,12.4,9.299999999999999,2.0666666666666664,0.0,47.08724832214765,Mar
3267,4,4,8.881298611111111,14.995633333333334,2.9112333333333336,75.545,167.00900000000001,70.60532361111112,2.1776,0,0,0,0,0,8,7,4,0,75.545,167.00900000000001,0.0,0.0,0.0,0.0,0.0,8.0,7.0,4.0,0.0,40.783638583638584,Apr
3267,4,5,13.06678611111111,19.2387,6.464,96.59100000000001,216.459,72.66110416666668,2.041725,0,0,0,0,0,11,5,3,0,99.81070000000001,223.6743,0.0,0.0,0.0,0.0,0.0,11.366666666666665,5.166666666666666,3.1,0.0,47.720238095238095,May
3267,4,6,16.554684722222223,23.769433333333332,9.555833333333334,143.837,243.202,73.20878888888889,2.0080541666666667,0,0,7,0,0,10,8,5,0,143.837,243.20199999999997,0.0,0.0,7.0,0.0,0.0,10.0,8.0,5.0,0.0,50.85780008364702,Jun
3267,4,7,18.530143055555552,26.455266666666667,11.131233333333334,173.145,255.11,72.04627777777777,1.9945722222222222,0,0,21,2,0,13,12,9,0,178.9165,263.6136666666667,0.0,0.0,21.7,2.0666666666666664,0.0,13.433333333333334,12.4,9.299999999999999,0.0,54.580658964484385,Jul
3267,4,8,18.011675,25.704966666666667,10.044133333333333,189.608,216.952,74.10206111111111,1.7082000000000002,0,0,20,0,0,14,13,10,0,195.92826666666667,224.18373333333335,0.0,0.0,20.666666666666664,0.0,0.0,14.466666666666667,13.433333333333334,10.333333333333332,0.0,50.606951247958946,Aug
3267,4,9,14.120698611111111,20.026999999999997,8.067933333333334,122.632,175.527,79.811625,1.7616249999999998,0,0,1,0,0,10,7,6,0,122.632,175.527,0.0,0.0,1.0,0.0,0.0,10.0,7.0,6.0,0.0,46.32541567695961,Sep
3267,4,10,9.33617638888889,14.752533333333334,4.214133333333334,84.445,119.398,84.8456125,1.6613833333333332,0,0,0,0,0,13,8,2,0,87.25983333333332,123.37793333333333,0.0,0.0,0.0,0.0,0.0,13.433333333333334,8.266666666666666,2.0666666666666664,0.0,36.24711596842744,Oct
3267,4,11,4.2658375,8.418433333333333,0.1268,56.062,70.013,86.35069444444444,1.6678430555555555,0,11,0,0,0,12,3,1,0,56.062,70.013,0.0,11.0,0.0,0.0,0.0,12.0,3.0,1.0,0.0,24.748320961470487,Nov
3267,4,12,0.7196194444444444,4.257433333333333,-2.860266666666667,50.836999999999996,52.218,86.34678611111111,1.9066069444444445,0,30,0,0,5,5,3,2,0,52.53156666666666,53.958600000000004,0.0,31.0,0.0,0.0,5.166666666666666,5.166666666666666,3.1,2.0666666666666664,0.0,20.239534883720932,Dec
3268,5,1,-0.19219027777777778,3.4434666666666667,-3.7993,152.986,60.76,86.14227361111111,1.9121333333333332,0,30,0,0,24,17,11,5,0,158.0855333333333,62.78533333333333,0.0,31.0,0.0,0.0,24.8,17.566666666666666,11.366666666666665,5.166666666666666,0.0,22.50370370370371,Jan
3268,5,2,1.0439958333333332,5.051833333333334,-2.826833333333333,38.062000000000005,111.765,79.32533888888888,2.0582527777777777,0,30,0,0,3,7,4,0,0,35.86286226451334,105.30746679084999,0.0,28.2666667,0.0,0.0,2.82666667,6.595555563333333,3.768888893333333,0.0,0.0,35.85659287776708,Feb
3268,5,3,4.888248611111111,10.335266666666666,-0.6598,30.541,159.182,73.53554722222222,2.2799888888888886,0,19,0,0,0,7,2,0,0,31.559033333333332,164.48806666666667,0.0,19.633333333333333,0.0,0.0,0.0,7.233333333333333,2.0666666666666664,0.0,0.0,44.51398210290827,Mar
3268,5,4,8.811669444444444,14.993833333333333,2.8618333333333337,131.662,175.49,71.2941,2.141995833333333,0,0,0,0,0,13,8,5,0,131.662,175.49,0.0,0.0,0.0,0.0,0.0,13.0,8.0,5.0,0.0,42.85470085470085,Apr
3268,5,5,13.037669444444445,19.393766666666668,6.775433333333334,86.1,187.833,73.13052222222223,2.0801916666666664,0,0,0,0,0,13,6,2,0,88.96999999999998,194.0941,0.0,0.0,0.0,0.0,0.0,13.433333333333334,6.2,2.0666666666666664,0.0,41.40939153439153,May
3268,5,6,16.480793055555555,23.665200000000002,9.463466666666667,158.382,217.156,73.11005138888889,2.0632680555555556,0,0,7,0,0,13,9,5,0,158.382,217.156,0.0,0.0,7.0,0.0,0.0,13.0,9.0,5.0,0.0,45.411125052279395,Jun
3268,5,7,18.524851388888887,26.215266666666665,10.668533333333333,139.97,239.164,72.55047916666668,1.9729124999999998,0,0,23,1,0,11,7,4,1,144.63566666666668,247.1361333333333,0.0,0.0,23.76666666666667,1.0333333333333332,0.0,11.366666666666665,7.233333333333333,4.133333333333333,1.0333333333333332,51.169020111253744,Jul
3268,5,8,18.586820833333334,26.089466666666667,11.094366666666668,94.971,215.948,73.4863888888889,1.7373013888888889,0,0,20,2,0,10,7,4,0,98.1367,223.1462666666667,0.0,0.0,20.666666666666664,2.0666666666666664,0.0,10.333333333333332,7.233333333333333,4.133333333333333,0.0,50.372754840214604,Aug
3268,5,9,14.163855555555555,20.0578,8.228866666666667,92.59,169.399,79.72989861111111,1.82725,0,0,0,0,0,12,7,3,0,92.59,169.399,0.0,0.0,0.0,0.0,0.0,12.0,7.0,3.0,0.0,44.708102401689096,Sep
3268,5,10,9.476952777777777,14.717066666666666,4.294233333333334,50.801,120.115,84.66660277777778,1.6914694444444445,0,0,0,0,0,8,5,2,0,52.494366666666664,124.11883333333334,0.0,0.0,0.0,0.0,0.0,8.266666666666666,5.166666666666666,2.0666666666666664,0.0,36.46478445658773,Oct
3268,5,11,4.224231944444444,8.2775,-0.13266666666666665,148.94,63.408,87.01858194444443,1.6779319444444445,0,17,0,0,0,12,8,5,1,148.94,63.408,0.0,17.0,0.0,0.0,0.0,12.0,8.0,5.0,1.0,22.4135737009544,Nov
3268,5,12,0.7972694444444444,4.174666666666666,-2.7872,99.967,54.968,87.01734166666667,1.9386097222222223,0,30,0,0,7,10,6,4,0,103.29923333333333,56.800266666666666,0.0,31.0,0.0,0.0,7.233333333333333,10.333333333333332,6.2,4.133333333333333,0.0,21.305426356589148,Dec
3269,6,1,-0.024558333333333335,3.532033333333333,-3.5876333333333337,80.914,65.425,85.1569125,1.8833069444444446,0,30,0,0,10,8,5,4,0,83.61113333333333,67.60583333333332,0.0,31.0,0.0,0.0,10.333333333333332,8.266666666666666,5.166666666666666,4.133333333333333,0.0,24.231481481481488,Jan
3269,6,2,1.029302777777778,4.957233333333334,-3.063,42.995999999999995,100.96600000000001,79.40122083333334,2.0148875,0,30,0,0,3,5,4,1,0,40.51178671443999,95.13240900107333,0.0,28.2666667,0.0,0.0,2.82666667,4.711111116666666,3.768888893333333,0.9422222233333333,0.0,32.39204363169714,Feb
3269,6,3,5.149797222222222,10.424933333333334,-0.1345,51.738,158.727,73.57273055555557,2.2858388888888888,0,15,0,0,1,8,5,1,0,53.462599999999995,164.0179,0.0,15.5,0.0,0.0,1.0333333333333332,8.266666666666666,5.166666666666666,1.0333333333333332,0.0,44.386744966442954,Mar
3269,6,4,9.050126388888888,15.321433333333335,2.8249,118.771,177.725,70.78387222222223,2.170647222222222,0,0,0,0,1,11,8,5,0,118.771,177.725,0.0,0.0,0.0,0.0,1.0,11.0,8.0,5.0,0.0,43.4004884004884,Apr
3269,6,5,13.264856944444443,19.724566666666664,6.633366666666666,85.609,183.383,72.57321527777778,2.0620375,0,0,0,0,0,13,4,4,0,88.46263333333333,189.4957666666667,0.0,0.0,0.0,0.0,0.0,13.433333333333334,4.133333333333333,4.133333333333333,0.0,40.42835097001763,May
3269,6,6,16.82707222222222,23.516866666666665,10.227066666666667,104.167,225.288,72.4102625,2.0587097222222224,0,0,8,0,0,10,8,4,0,104.167,225.288,0.0,0.0,8.0,0.0,0.0,10.0,8.0,4.0,0.0,47.11166875784192,Jun
3269,6,7,19.090427777777776,26.292433333333335,12.1517,117.693,245.218,71.40890694444444,1.9921416666666665,0,0,23,2,0,9,7,4,0,121.61609999999999,253.3919333333333,0.0,0.0,23.76666666666667,2.0666666666666664,0.0,9.299999999999999,7.233333333333333,4.133333333333333,0.0,52.464270432178004,Jul
3269,6,8,18.142705555555555,25.48773333333333,10.875133333333334,93.548,243.465,73.63594722222223,1.7701,0,0,18,2,0,7,6,3,0,96.66626666666666,251.58050000000003,0.0,0.0,18.599999999999998,2.0666666666666664,0.0,7.233333333333333,6.2,3.1,0.0,56.79146256123163,Aug
3269,6,9,14.219127777777778,20.119766666666667,8.4462,155.847,177.544,79.90688194444444,1.798836111111111,0,0,0,0,0,14,12,7,0,155.847,177.544,0.0,0.0,0.0,0.0,0.0,14.0,12.0,7.0,0.0,46.85774610715228,Sep
3269,6,10,9.36364861111111,14.7766,4.0801,63.834,116.273,84.48368333333333,1.6422291666666666,0,0,0,0,0,9,5,1,0,65.96180000000001,120.14876666666666,0.0,0.0,0.0,0.0,0.0,9.299999999999999,5.166666666666666,1.0333333333333332,0.0,35.29842137219186,Oct
3269,6,11,4.330977777777778,8.3417,0.07043333333333335,95.425,61.766,86.71973194444445,1.6863680555555556,0,14,0,0,3,12,6,4,0,95.425,61.76599999999999,0.0,14.0,0.0,0.0,3.0,12.0,6.0,4.0,0.0,21.83315659243549,Nov
3269,6,12,1.124473611111111,4.602666666666667,-2.5384333333333333,154.692,52.972,87.29425833333333,1.8837069444444445,0,30,0,0,13,11,9,7,0,159.84840000000003,54.73773333333334,0.0,31.0,0.0,0.0,13.433333333333334,11.366666666666665,9.299999999999999,7.233333333333333,0.0,20.531782945736435,Dec
3270,7,1,0.21295694444444446,3.799666666666667,-3.517866666666667,24.750999999999998,62.46,84.11654166666668,1.8393888888888887,0,30,0,0,15,4,1,1,0,25.57603333333333,64.542,0.0,31.0,0.0,0.0,15.5,4.133333333333333,1.0333333333333332,1.0333333333333332,0.0,23.13333333333334,Jan
3270,7,2,1.0102930555555556,5.2062333333333335,-3.3526666666666665,103.249,102.009,80.08898888888889,2.026397222222222,0,30,0,0,7,8,6,4,0,97.28350233694333,96.11514678001,0.0,28.2666667,0.0,0.0,6.595555563333333,7.537777786666666,5.65333334,3.768888893333333,0.0,32.72666025024061,Feb
3270,7,3,5.159766666666667,10.1232,0.06666666666666667,72.028,149.655,73.92074027777777,2.2807513888888886,0,13,0,0,0,8,4,2,0,74.42893333333335,154.64350000000002,0.0,13.433333333333334,0.0,0.0,0.0,8.266666666666666,4.133333333333333,2.0666666666666664,0.0,41.8498322147651,Mar
3270,7,4,8.778843055555557,14.9407,2.6533333333333333,84.873,183.699,70.99921388888889,2.1833722222222223,0,2,0,0,0,11,4,2,0,84.873,183.699,0.0,2.0,0.0,0.0,0.0,11.0,4.0,2.0,0.0,44.85934065934066,Apr
3270,7,5,13.357972222222223,19.733900000000002,6.963033333333333,74.86399999999999,179.586,72.4167361111111,2.0337513888888887,0,0,0,0,0,8,6,3,0,77.35946666666665,185.5722,0.0,0.0,0.0,0.0,0.0,8.266666666666666,6.2,3.1,0.0,39.59126984126984,May
3270,7,6,16.77024722222222,23.745633333333334,8.906266666666665,133.81,214.651,73.24555694444444,2.114026388888889,0,0,8,0,0,12,8,7,0,133.81,214.651,0.0,0.0,8.0,0.0,0.0,12.0,8.0,7.0,0.0,44.88728565453786,Jun
3270,7,7,18.573987499999998,27.307066666666667,9.863333333333333,91.99,235.306,72.02955277777778,1.9893500000000002,0,0,25,4,0,10,7,3,0,95.05633333333333,243.14953333333335,0.0,0.0,25.833333333333336,4.133333333333333,0.0,10.333333333333332,7.233333333333333,3.1,0.0,50.34360290971331,Jul
3270,7,8,17.8106,25.16433333333333,10.0966,74.126,241.044,73.69010694444445,1.764261111111111,0,0,12,0,0,8,5,3,0,76.59686666666667,249.07880000000003,0.0,0.0,12.4,0.0,0.0,8.266666666666666,5.166666666666666,3.1,0.0,56.22673198040588,Aug
3270,7,9,14.150869444444444,20.191133333333333,8.048233333333334,120.181,164.472,79.39314027777777,1.777076388888889,0,0,0,0,0,10,7,4,0,120.18099999999998,164.472,0.0,0.0,0.0,0.0,0.0,10.0,7.0,4.0,0.0,43.40775930324624,Sep
3270,7,10,9.2020625,14.296166666666666,4.081133333333333,66.652,117.765,84.80814583333334,1.7129791666666667,0,0,0,0,0,10,7,2,0,68.87373333333333,121.6905,0.0,0.0,0.0,0.0,0.0,10.333333333333332,7.233333333333333,2.0666666666666664,0.0,35.75136612021858,Oct
3270,7,11,4.585954166666666,8.7849,0.30413333333333337,34.811,76.664,85.92045138888889,1.648248611111111,0,11,0,0,0,5,2,1,0,34.811,76.664,0.0,11.0,0.0,0.0,0.0,5.0,2.0,1.0,0.0,27.099328384588198,Nov
3270,7,12,0.9453819444444445,4.788433333333333,-2.6767666666666665,68.583,54.881,86.46831944444445,1.8864416666666666,0,30,0,0,4,5,4,3,0,70.86909999999999,56.710366666666665,0.0,31.0,0.0,0.0,4.133333333333333,5.166666666666666,4.133333333333333,3.1,0.0,21.27170542635659,Dec
3271,8,1,0.16936527777777777,3.6357,-3.2184000000000004,87.869,67.902,85.2058611111111,1.883761111111111,0,30,0,0,16,10,7,4,0,90.79796666666667,70.16539999999999,0.0,31.0,0.0,0.0,16.53333333333333,10.333333333333332,7.233333333333333,4.133333333333333,0.0,25.148888888888894,Jan
3271,8,2,0.8891791666666666,4.6113,-3.0281333333333333,86.268,105.701,80.16679583333332,2.080265277777778,0,30,0,0,4,10,5,4,0,81.28362676251999,99.59383122855665,0.0,28.2666667,0.0,0.0,3.768888893333333,9.422222233333333,4.711111116666666,3.768888893333333,0.0,33.91113249919794,Feb
3271,8,3,5.178640277777777,10.492366666666667,-0.24503333333333333,71.78800000000001,151.583,73.7733986111111,2.2652236111111113,0,12,0,0,3,10,5,1,0,74.18093333333334,156.63576666666668,0.0,12.4,0.0,0.0,3.1,10.333333333333332,5.166666666666666,1.0333333333333332,0.0,42.38898210290827,Mar
3271,8,4,9.002131944444445,15.5207,2.802433333333333,40.827,178.632,70.39980555555556,2.1650625,0,1,0,0,0,6,4,0,0,40.827,178.632,0.0,1.0,0.0,0.0,0.0,6.0,4.0,0.0,0.0,43.62197802197802,Apr
3271,8,5,13.122945833333334,19.1062,6.721166666666666,125.857,189.033,73.221475,2.059548611111111,0,0,0,0,0,11,7,5,0,130.05223333333333,195.3341,0.0,0.0,0.0,0.0,0.0,11.366666666666665,7.233333333333333,5.166666666666666,0.0,41.6739417989418,May
3271,8,6,16.18925972222222,22.9393,9.004033333333332,166.034,212.092,73.70042916666667,2.0856416666666666,0,0,4,0,0,12,7,5,0,166.034,212.092,0.0,0.0,4.0,0.0,0.0,12.0,7.0,5.0,0.0,44.352153910497705,Jun
3271,8,7,18.525777777777776,26.852233333333334,10.218766666666665,90.17099999999999,232.09,71.55081388888888,1.964415277777778,0,0,21,3,0,9,5,4,0,93.17669999999998,239.82633333333334,0.0,0.0,21.7,3.1,0.0,9.299999999999999,5.166666666666666,4.133333333333333,0.0,49.65554129225503,Jul
3271,8,8,18.26791111111111,25.8003,10.353533333333333,109.602,230.395,73.62509722222222,1.7137444444444445,0,0,18,2,0,12,9,5,0,113.2554,238.07483333333334,0.0,0.0,18.599999999999998,2.0666666666666664,0.0,12.4,9.299999999999999,5.166666666666666,0.0,53.74271052017728,Aug
3271,8,9,13.949229166666667,20.09786666666667,7.632933333333333,92.954,172.097,79.94095555555556,1.7951722222222224,0,0,0,0,0,9,6,3,0,92.954,172.097,0.0,0.0,0.0,0.0,0.0,9.0,6.0,3.0,0.0,45.42016363156505,Sep
3271,8,10,9.49072638888889,14.494766666666667,4.194966666666667,124.327,119.461,84.88580972222222,1.6884222222222223,0,0,0,0,0,9,7,3,0,128.47123333333332,123.44303333333333,0.0,0.0,0.0,0.0,0.0,9.299999999999999,7.233333333333333,3.1,0.0,36.26624165148755,Oct
3271,8,11,4.233288888888889,8.469666666666667,0.016199999999999985,156.466,57.266,87.38001944444444,1.670825,0,16,0,0,6,15,9,6,0,156.466,57.266,0.0,16.0,0.0,0.0,6.0,15.0,9.0,6.0,0.0,20.24248851184164,Nov
3271,8,12,0.7797097222222222,4.3046,-2.704466666666667,53.47,55.332,86.44584305555556,1.89285,0,30,0,0,5,9,5,1,0,55.25233333333333,57.1764,0.0,31.0,0.0,0.0,5.166666666666666,9.299999999999999,5.166666666666666,1.0333333333333332,0.0,21.446511627906975,Dec
3272,9,1,0.2724347222222222,3.5548,-3.1285000000000003,112.272,63.160000000000004,84.89468749999999,1.9389527777777777,0,30,0,0,13,10,8,4,0,116.01440000000001,65.26533333333333,0.0,31.0,0.0,0.0,13.433333333333334,10.333333333333332,8.266666666666666,4.133333333333333,0.0,23.392592592592596,Jan
3272,9,2,1.2529055555555557,5.1254,-2.715533333333333,102.724,86.433,79.90192916666666,2.0616430555555554,0,29,0,0,11,10,10,4,0,96.78883566969333,81.43909342937,0.0,27.324444476666667,0.0,0.0,10.364444456666666,9.422222233333333,9.422222233333333,3.768888893333333,0.0,27.729547641963425,Feb
3272,9,3,5.166445833333333,10.2431,-0.023400000000000008,40.949,157.319,73.4199763888889,2.2083166666666667,0,15,0,0,0,10,3,1,0,42.313966666666666,162.56296666666665,0.0,15.5,0.0,0.0,0.0,10.333333333333332,3.1,1.0333333333333332,0.0,43.99300894854586,Mar
3272,9,4,9.129541666666666,15.6367,2.5639,71.402,191.442,70.8192763888889,2.197026388888889,0,3,0,0,0,8,5,3,0,71.402,191.442,0.0,3.0,0.0,0.0,0.0,8.0,5.0,3.0,0.0,46.750183150183155,Apr
3272,9,5,13.433570833333333,19.662166666666668,6.787133333333333,130.6,212.397,73.10648472222222,2.1027263888888887,0,0,0,0,0,12,9,5,0,134.95333333333335,219.47689999999997,0.0,0.0,0.0,0.0,0.0,12.4,9.299999999999999,5.166666666666666,0.0,46.82473544973545,May
3272,9,6,16.989183333333333,23.970533333333332,9.8216,161.029,214.781,73.057175,2.105669444444444,0,0,8,0,0,17,11,6,0,161.029,214.781,0.0,0.0,8.0,0.0,0.0,17.0,11.0,6.0,0.0,44.914470932664166,Jun
3272,9,7,17.660995833333335,26.120033333333332,8.885533333333335,60.444,226.191,72.14416388888888,1.915822222222222,0,0,14,5,0,9,7,1,0,62.458800000000004,233.73069999999998,0.0,0.0,14.466666666666667,5.166666666666666,0.0,9.299999999999999,7.233333333333333,1.0333333333333332,0.0,48.39345314505776,Jul
3272,9,8,18.09485,26.117133333333335,10.2384,72.827,246.012,73.62970138888889,1.7034402777777777,0,0,21,2,0,8,5,3,0,75.25456666666666,254.2124,0.0,0.0,21.7,2.0666666666666664,0.0,8.266666666666666,5.166666666666666,3.1,0.0,57.38558432470259,Aug
3272,9,9,14.105347222222223,20.038666666666664,7.637633333333333,96.58500000000001,182.411,79.68584861111111,1.8086222222222221,0,0,0,0,0,11,7,4,0,96.58500000000001,182.411,0.0,0.0,0.0,0.0,0.0,11.0,7.0,4.0,0.0,48.14225389284771,Sep
3272,9,10,9.159834722222223,14.188066666666666,4.039166666666667,62.251999999999995,112.965,84.73837499999999,1.6792027777777778,0,0,0,0,0,11,4,2,0,64.32706666666665,116.7305,0.0,0.0,0.0,0.0,0.0,11.366666666666665,4.133333333333333,2.0666666666666664,0.0,34.29417122040073,Oct
3272,9,11,4.144347222222222,8.148900000000001,-0.3936666666666666,49.175,70.614,86.51507638888889,1.6508888888888889,0,18,0,0,1,8,4,1,0,49.175,70.614,0.0,18.0,0.0,0.0,1.0,8.0,4.0,1.0,0.0,24.96076352067869,Nov
3272,9,12,0.8775277777777777,4.369366666666666,-2.5,28.13,55.707,86.50810277777778,1.8930819444444444,0,29,0,0,6,7,2,0,0,29.067666666666668,57.5639,0.0,29.96666666666667,0.0,0.0,6.2,7.233333333333333,2.0666666666666664,0.0,0.0,21.591860465116277,Dec
3273,10,1,0.37601388888888887,3.9617333333333336,-3.3004000000000002,51.094,64.793,84.57153194444443,1.8489819444444444,0,30,0,0,6,6,4,3,0,52.797133333333335,66.95276666666668,0.0,31.0,0.0,0.0,6.2,6.2,4.133333333333333,3.1,0.0,23.997407407407415,Jan
3273,10,2,1.2702972222222222,5.039599999999999,-2.685466666666667,59.446,96.35900000000001,79.53762222222221,2.0908208333333334,0,30,0,0,9,7,5,2,0,56.01134228827333,90.79159121817668,0.0,28.2666667,0.0,0.0,8.48000001,6.595555563333333,4.711111116666666,1.8844444466666666,0.0,30.914019890920756,Feb
3273,10,3,5.112140277777778,10.261066666666666,-0.2116666666666667,56.009,128.812,73.49823055555557,2.264222222222222,0,18,0,0,0,11,3,1,0,57.87596666666666,133.10573333333335,0.0,18.599999999999998,0.0,0.0,0.0,11.366666666666665,3.1,1.0333333333333332,0.0,36.02125279642058,Mar
3273,10,4,8.973852777777777,15.207233333333333,2.7453,120.076,166.475,71.01615277777778,2.2139458333333333,0,0,0,0,0,14,9,3,0,120.076,166.475,0.0,0.0,0.0,0.0,0.0,14.0,9.0,3.0,0.0,40.653235653235654,Apr
3273,10,5,13.246144444444443,19.882533333333335,6.597766666666667,158.277,191.031,72.91864305555555,2.0952625,0,0,0,0,0,15,10,5,0,163.55289999999997,197.3987,0.0,0.0,0.0,0.0,0.0,15.5,10.333333333333332,5.166666666666666,0.0,42.114417989417994,May
3273,10,6,17.230406944444443,24.396166666666666,9.947833333333334,139.621,197.72,72.84748333333333,2.1160597222222224,0,0,8,0,0,10,7,6,0,139.621,197.72,0.0,0.0,8.0,0.0,0.0,10.0,7.0,6.0,0.0,41.34671685487245,Jun
3273,10,7,18.68148472222222,26.154966666666667,10.500499999999999,57.318999999999996,263.1,71.56405694444445,1.962461111111111,0,0,22,2,0,7,4,3,0,59.229633333333325,271.87000000000006,0.0,0.0,22.73333333333333,2.0666666666666664,0.0,7.233333333333333,4.133333333333333,3.1,0.0,56.29011553273428,Jul
3273,10,8,17.85675277777778,25.175900000000002,10.287433333333333,106.67999999999999,197.21,74.33001666666665,1.765490277777778,0,0,18,0,0,8,6,3,0,110.23599999999999,203.78366666666668,0.0,0.0,18.599999999999998,0.0,0.0,8.266666666666666,6.2,3.1,0.0,46.00186610683462,Aug
3273,10,9,14.075377777777778,20.319399999999998,8.296566666666667,69.41,169.94400000000002,79.5451638888889,1.7625041666666665,0,0,0,0,0,8,6,3,0,69.41,169.94400000000002,0.0,0.0,0.0,0.0,0.0,8.0,6.0,3.0,0.0,44.85193982581156,Sep
3273,10,10,9.468854166666667,14.168133333333333,4.549666666666667,189.816,128.074,85.04154166666667,1.755673611111111,0,0,0,0,0,12,11,9,0,196.1432,132.34313333333333,0.0,0.0,0.0,0.0,0.0,12.4,11.366666666666665,9.299999999999999,0.0,38.88099574984821,Oct
3273,10,11,3.909697222222222,8.3299,-0.4134333333333334,97.922,62.691,86.75595277777778,1.6906652777777778,0,22,0,0,2,7,7,5,0,97.922,62.691,0.0,22.0,0.0,0.0,2.0,7.0,7.0,5.0,0.0,22.16012725344645,Nov
3273,10,12,0.8963444444444445,4.515366666666667,-2.6297333333333333,137.886,52.667,87.08894166666667,1.8822930555555557,0,30,0,0,9,11,8,7,0,142.48219999999998,54.42256666666667,0.0,31.0,0.0,0.0,9.299999999999999,11.366666666666665,8.266666666666666,7.233333333333333,0.0,20.413565891472867,Dec
3274,11,1,0.007866666666666668,3.4759333333333333,-3.4606,98.952,71.93,84.94851944444444,1.8072680555555556,0,30,0,0,22,11,6,3,0,102.2504,74.32766666666667,0.0,31.0,0.0,0.0,22.73333333333333,11.366666666666665,6.2,3.1,0.0,26.64074074074075,Jan
3274,11,2,1.1895763888888888,4.9125,-2.8459333333333334,60.647999999999996,101.201,79.7809513888889,2.044852777777778,0,30,0,0,8,6,4,2,0,57.14389340071999,95.35383122355665,0.0,28.2666667,0.0,0.0,7.537777786666666,5.65333334,3.768888893333333,1.8844444466666666,0.0,32.46743663779274,Feb
3274,11,3,5.312758333333333,10.8133,0.0047000000000000045,57.11,148.62,73.27801944444444,2.268076388888889,0,14,0,0,0,7,5,2,0,59.013666666666666,153.57399999999998,0.0,14.466666666666667,0.0,0.0,0.0,7.233333333333333,5.166666666666666,2.0666666666666664,0.0,41.560402684563755,Mar
3274,11,4,9.138425000000002,15.519033333333335,2.909966666666667,160.393,175.588,71.14032361111111,2.1852541666666667,0,1,0,0,0,16,12,7,0,160.393,175.588,0.0,1.0,0.0,0.0,0.0,16.0,12.0,7.0,0.0,42.878632478632476,Apr
3274,11,5,12.929097222222223,19.2927,6.354133333333333,150.689,158.294,73.42825416666666,2.0822944444444444,0,0,0,0,0,14,7,6,0,155.71196666666665,163.57046666666668,0.0,0.0,0.0,0.0,0.0,14.466666666666667,7.233333333333333,6.2,0.0,34.89726631393298,May
3274,11,6,16.345806944444444,23.652966666666664,8.939733333333333,101.90299999999999,215.709,73.02547777777778,2.041726388888889,0,0,10,0,0,9,6,3,0,101.90299999999999,215.709,0.0,0.0,10.0,0.0,0.0,9.0,6.0,3.0,0.0,45.10853199498119,Jun
3274,11,7,18.449190277777777,26.67503333333333,10.458966666666667,61.742,236.963,71.81172777777778,1.9899444444444443,0,0,23,1,0,10,5,2,0,63.80006666666666,244.86176666666665,0.0,0.0,23.76666666666667,1.0333333333333332,0.0,10.333333333333332,5.166666666666666,2.0666666666666664,0.0,50.69811724433034,Jul
3274,11,8,18.338106944444444,26.219299999999997,10.209633333333333,205.32,193.441,74.40368472222221,1.7815333333333332,0,0,18,3,0,14,11,11,0,212.164,199.88903333333332,0.0,0.0,18.599999999999998,3.1,0.0,14.466666666666667,11.366666666666665,11.366666666666665,0.0,45.12269652437602,Aug
3274,11,9,14.036145833333334,20.113666666666667,7.997033333333333,53.059,174.745,79.59991944444444,1.8360291666666666,0,0,0,0,0,7,3,2,0,53.059,174.745,0.0,0.0,0.0,0.0,0.0,7.0,3.0,2.0,0.0,46.11902876748482,Sep
3274,11,10,9.189170833333332,14.025866666666667,4.232233333333333,78.426,123.637,84.83761527777777,1.6866458333333334,0,0,0,0,0,9,4,4,0,81.0402,127.75823333333334,0.0,0.0,0.0,0.0,0.0,9.299999999999999,4.133333333333333,4.133333333333333,0.0,37.53400121432908,Oct
3274,11,11,3.854833333333333,8.0513,-0.2936666666666667,92.15,66.211,86.59174722222222,1.625661111111111,0,19,0,0,3,10,7,4,0,92.15,66.211,0.0,19.0,0.0,0.0,3.0,10.0,7.0,4.0,0.0,23.404383174266524,Nov
3274,11,12,0.38763333333333333,3.911266666666667,-3.3231333333333333,168.64,47.673,87.79964583333334,1.9283944444444443,0,30,0,0,16,15,8,6,0,174.26133333333334,49.2621,0.0,31.0,0.0,0.0,16.53333333333333,15.5,8.266666666666666,6.2,0.0,18.477906976744187,Dec
3275,12,1,0.04637361111111111,3.581,-3.4267333333333334,123.29599999999999,63.839,85.03702916666666,1.883238888888889,0,30,0,0,16,11,7,5,0,127.40586666666665,65.96696666666666,0.0,31.0,0.0,0.0,16.53333333333333,11.366666666666665,7.233333333333333,5.166666666666666,0.0,23.644074074074076,Jan
3275,12,2,1.0023597222222222,4.614966666666667,-2.8734666666666664,104.90599999999999,91.71900000000001,80.19724166666667,2.002372222222222,0,29,0,0,11,15,8,3,0,98.84476456100666,86.41968010191,0.0,27.324444476666667,0.0,0.0,10.364444456666666,14.13333335,7.537777786666666,2.82666667,0.0,29.42540904716073,Feb
3275,12,3,5.090648611111111,10.112233333333332,0.020533333333333317,38.326,161.184,73.65661388888888,2.3001152777777776,0,16,0,0,0,4,3,2,0,39.60353333333334,166.55679999999998,0.0,16.53333333333333,0.0,0.0,0.0,4.133333333333333,3.1,2.0666666666666664,0.0,45.0738255033557,Mar
3275,12,4,8.596620833333333,15.020066666666667,2.592966666666667,112.614,175.64000000000001,71.54829305555556,2.1664902777777777,0,0,0,0,0,12,10,5,0,112.614,175.64000000000001,0.0,0.0,0.0,0.0,0.0,12.0,10.0,5.0,0.0,42.89133089133089,Apr
3275,12,5,13.144008333333334,19.828066666666665,6.3327333333333335,81.216,219.646,72.71169166666667,2.1307194444444444,0,0,0,0,0,10,4,2,0,83.9232,226.96753333333334,0.0,0.0,0.0,0.0,0.0,10.333333333333332,4.133333333333333,2.0666666666666664,0.0,48.422839506172835,May
3275,12,6,16.945375,24.316066666666664,9.8806,133.899,208.344,72.87231388888888,2.0809569444444445,0,0,12,0,0,11,8,4,0,133.899,208.344,0.0,0.0,12.0,0.0,0.0,11.0,8.0,4.0,0.0,43.568381430363864,Jun
3275,12,7,19.109269444444447,26.96333333333333,10.869933333333334,107.662,242.157,71.65020555555556,1.919526388888889,0,0,21,5,0,9,7,3,0,111.25073333333333,250.22890000000004,0.0,0.0,21.7,5.166666666666666,0.0,9.299999999999999,7.233333333333333,3.1,0.0,51.80937098844673,Jul
3275,12,8,18.486716666666666,26.166,10.693066666666665,154.263,210.642,74.17714027777778,1.7908319444444445,0,0,19,5,0,10,9,8,0,159.4051,217.6634,0.0,0.0,19.633333333333333,5.166666666666666,0.0,10.333333333333332,9.299999999999999,8.266666666666666,0.0,49.135059482155356,Aug
3275,12,9,13.779820833333334,19.5215,8.011933333333333,104.86699999999999,175.527,79.68081666666667,1.7908097222222221,0,0,0,0,0,7,5,4,0,104.86699999999999,175.527,0.0,0.0,0.0,0.0,0.0,7.0,5.0,4.0,0.0,46.32541567695961,Sep
3275,12,10,9.436579166666666,14.4964,4.167133333333333,14.59,117.107,83.8969236111111,1.6641430555555556,0,0,0,0,0,3,1,0,0,15.076333333333334,121.01056666666668,0.0,0.0,0.0,0.0,0.0,3.1,1.0333333333333332,0.0,0.0,35.55160898603521,Oct
3275,12,11,4.187133333333334,8.369766666666667,-0.2505,53.314,64.836,86.36750555555555,1.6531069444444446,0,20,0,0,3,8,5,3,0,53.314,64.836,0.0,20.0,0.0,0.0,3.0,8.0,5.0,3.0,0.0,22.91834570519618,Nov
3275,12,12,0.8567208333333334,4.3918,-2.6942333333333335,44.685,58.882,86.35584722222221,1.8162958333333334,0,30,0,0,3,8,5,0,0,46.1745,60.84473333333333,0.0,31.0,0.0,0.0,3.1,8.266666666666666,5.166666666666666,0.0,0.0,22.822480620155037,Dec
3276,13,1,-0.12737361111111112,3.3658,-3.6858999999999997,108.01400000000001,63.918,85.31207916666668,1.8985972222222223,0,30,0,0,18,10,9,4,0,111.61446666666669,66.0486,0.0,31.0,0.0,0.0,18.599999999999998,10.333333333333332,9.299999999999999,4.133333333333333,0.0,23.67333333333334,Jan
3276,13,2,1.1496527777777779,4.9859333333333336,-2.705233333333333,44.323,101.422,79.47858472222222,2.067284722222222,0,30,0,0,4,5,3,2,0,41.762115604803334,95.56206233491332,0.0,28.2666667,0.0,0.0,3.768888893333333,4.711111116666666,2.82666667,1.8844444466666666,0.0,32.538338145652865,Feb
3276,13,3,5.1768833333333335,10.385466666666668,-0.04063333333333333,86.339,138.875,73.59164583333333,2.2916652777777773,0,15,0,0,2,10,5,2,0,89.21696666666666,143.50416666666666,0.0,15.5,0.0,0.0,2.0666666666666664,10.333333333333332,5.166666666666666,2.0666666666666664,0.0,38.83529082774049,Mar
3276,13,4,9.044212499999999,15.3656,2.7275666666666667,51.01,172.266,70.46677361111112,2.182752777777778,0,1,0,0,0,5,3,2,0,51.01,172.266,0.0,1.0,0.0,0.0,0.0,5.0,3.0,2.0,0.0,42.06739926739927,Apr
3276,13,5,12.860822222222222,19.0047,6.3741666666666665,140.364,181.875,73.48731111111111,2.100236111111111,0,0,0,0,0,12,11,10,0,145.0428,187.9375,0.0,0.0,0.0,0.0,0.0,12.4,11.366666666666665,10.333333333333332,0.0,40.09589947089947,May
3276,13,6,16.669845833333333,23.841333333333335,9.561466666666666,152.46699999999998,208.37,73.26908472222222,2.081023611111111,0,0,8,0,0,12,9,7,0,152.46699999999998,208.37,0.0,0.0,8.0,0.0,0.0,12.0,9.0,7.0,0.0,43.57381848598913,Jun
3276,13,7,18.873595833333333,26.426333333333332,10.8109,66.843,249.725,71.29195277777778,1.9484972222222223,0,0,21,3,0,8,5,2,0,69.0711,258.0491666666667,0.0,0.0,21.7,3.1,0.0,8.266666666666666,5.166666666666666,2.0666666666666664,0.0,53.428540864356016,Jul
3276,13,8,18.1719125,26.0372,10.104199999999999,59.5,253.475,73.35515000000001,1.7715916666666667,0,0,22,0,0,8,5,3,0,61.483333333333334,261.9241666666667,0.0,0.0,22.73333333333333,0.0,0.0,8.266666666666666,5.166666666666666,3.1,0.0,59.126428738045256,Aug
3276,13,9,13.825159722222223,19.962566666666664,7.2686,133.18,166.649,80.32638194444444,1.748301388888889,0,0,0,0,0,13,7,6,0,133.18,166.649,0.0,0.0,0.0,0.0,0.0,13.0,7.0,6.0,0.0,43.98231723409871,Sep
3276,13,10,9.080080555555556,14.399833333333333,3.903,106.238,113.201,84.75921388888888,1.6861472222222222,0,0,0,0,0,11,7,5,0,109.77926666666666,116.97436666666667,0.0,0.0,0.0,0.0,0.0,11.366666666666665,7.233333333333333,5.166666666666666,0.0,34.36581663630843,Oct
3276,13,11,4.222827777777778,8.710433333333333,-0.07683333333333335,38.344,67.447,86.37187777777778,1.6708458333333334,0,16,0,0,1,5,3,3,0,38.344,67.447,0.0,16.0,0.0,0.0,1.0,5.0,3.0,3.0,0.0,23.841286673736306,Nov
3276,13,12,0.7035236111111111,3.9175666666666666,-2.865533333333333,38.005,52.549,86.47582916666667,1.874938888888889,0,30,0,0,6,8,3,1,0,39.27183333333334,54.30063333333334,0.0,31.0,0.0,0.0,6.2,8.266666666666666,3.1,1.0333333333333332,0.0,20.36782945736434,Dec
3277,14,1,0.25524166666666664,3.9450333333333334,-3.5728333333333335,54.586,67.797,84.51096666666668,1.8669180555555556,0,30,0,0,6,11,4,1,0,56.40553333333333,70.0569,0.0,31.0,0.0,0.0,6.2,11.366666666666665,4.133333333333333,1.0333333333333332,0.0,25.110000000000003,Jan
3277,14,2,0.9981944444444444,5.078133333333333,-3.0782666666666665,33.083,97.69200000000001,79.30159027777778,2.1141694444444443,0,30,0,0,2,5,3,1,0,31.171537814536666,92.04757344188,0.0,28.2666667,0.0,0.0,1.8844444466666666,4.711111116666666,2.82666667,0.9422222233333333,0.0,31.341674687199227,Feb
3277,14,3,5.177573611111112,10.255366666666667,-0.005533333333333327,40.634,155.948,73.34671805555556,2.2164916666666667,0,13,0,0,1,5,3,1,0,41.98846666666667,161.1462666666667,0.0,13.433333333333334,0.0,0.0,1.0333333333333332,5.166666666666666,3.1,1.0333333333333332,0.0,43.6096196868009,Mar
3277,14,4,8.967086111111112,15.289166666666667,2.5649,47.392,194.231,70.25307361111112,2.1299625,0,0,0,0,0,7,4,1,0,47.392,194.231,0.0,0.0,0.0,0.0,0.0,7.0,4.0,1.0,0.0,47.43125763125763,Apr
3277,14,5,13.204986111111111,19.5254,6.8249,67.043,197.469,72.41294027777778,2.092111111111111,0,0,0,0,0,12,6,1,0,69.27776666666666,204.0513,0.0,0.0,0.0,0.0,0.0,12.4,6.2,1.0333333333333332,0.0,43.53373015873015,May
3277,14,6,16.6403,24.306233333333335,8.967733333333333,86.946,222.654,72.70117777777777,2.0034111111111113,0,0,13,1,0,9,6,3,0,86.946,222.654,0.0,0.0,13.0,1.0,0.0,9.0,6.0,3.0,0.0,46.560853199498126,Jun
3277,14,7,18.321841666666668,26.899800000000003,9.394766666666667,70.672,237.9,71.84633888888888,1.9377958333333332,0,0,19,3,0,8,4,3,0,73.02773333333333,245.83,0.0,0.0,19.633333333333333,3.1,0.0,8.266666666666666,4.133333333333333,3.1,0.0,50.898587933247754,Jul
3277,14,8,18.96650277777778,26.452066666666667,11.103766666666667,20.118000000000002,213.519,72.86716805555555,1.7558833333333332,0,0,23,1,0,3,2,1,0,20.788600000000002,220.6363,0.0,0.0,23.76666666666667,1.0333333333333332,0.0,3.1,2.0666666666666664,1.0333333333333332,0.0,49.80615815255424,Aug
3277,14,9,14.224470833333333,20.09283333333333,8.2475,115.643,175.671,79.6396361111111,1.768434722222222,0,0,0,0,0,12,5,4,0,115.643,175.671,0.0,0.0,0.0,0.0,0.0,12.0,5.0,4.0,0.0,46.363420427553436,Sep
3277,14,10,9.478458333333332,14.8079,4.222533333333334,116.71,114.219,84.68478194444444,1.659726388888889,0,0,0,0,0,11,8,4,0,120.60033333333332,118.02629999999999,0.0,0.0,0.0,0.0,0.0,11.366666666666665,8.266666666666666,4.133333333333333,0.0,34.674863387978135,Oct
3277,14,11,4.114804166666667,8.1084,-0.07260000000000001,101.59100000000001,65.437,86.85492083333334,1.687309722222222,0,15,0,0,1,8,6,5,0,101.59100000000001,65.437,0.0,15.0,0.0,0.0,1.0,8.0,6.0,5.0,0.0,23.130788264404384,Nov
3277,14,12,0.7452430555555555,4.165766666666666,-2.9121,52.987,59.408,86.53792222222222,1.8588527777777777,0,30,0,0,10,8,5,0,0,54.753233333333334,61.38826666666667,0.0,31.0,0.0,0.0,10.333333333333332,8.266666666666666,5.166666666666666,0.0,0.0,23.026356589147287,Dec
3278,15,1,0.10518194444444443,3.3578666666666668,-3.1585666666666667,98.134,71.325,85.07500694444444,1.8168805555555556,0,30,0,0,11,12,7,3,0,101.40513333333332,73.7025,0.0,31.0,0.0,0.0,11.366666666666665,12.4,7.233333333333333,3.1,0.0,26.41666666666667,Jan
3278,15,2,1.023598611111111,4.802766666666667,-2.9021666666666666,47.552,101.491,79.55475555555556,2.0707958333333334,0,29,0,0,4,9,3,1,0,44.80455116394666,95.62707566832331,0.0,27.324444476666667,0.0,0.0,3.768888893333333,8.48000001,2.82666667,0.9422222233333333,0.0,32.56047481552775,Feb
3278,15,3,5.145136111111111,10.330366666666666,0.23463333333333333,76.42,137.967,73.68611666666668,2.2371861111111113,0,11,0,0,1,11,4,2,0,78.96733333333334,142.5659,0.0,11.366666666666665,0.0,0.0,1.0333333333333332,11.366666666666665,4.133333333333333,2.0666666666666664,0.0,38.58137583892617,Mar
3278,15,4,8.962618055555556,15.277199999999999,2.3714,86.867,175.59199999999998,70.79693333333333,2.170790277777778,0,1,0,0,0,11,10,1,0,86.867,175.59199999999998,0.0,1.0,0.0,0.0,0.0,11.0,10.0,1.0,0.0,42.87960927960927,Apr
3278,15,5,13.339406944444445,19.4985,6.7876,164.85999999999999,205.461,73.21000555555557,2.0662,0,0,0,0,0,14,10,5,0,170.35533333333333,212.3097,0.0,0.0,0.0,0.0,0.0,14.466666666666667,10.333333333333332,5.166666666666666,0.0,45.295634920634924,May
3278,15,6,16.452212499999998,23.56223333333333,9.431700000000001,94.94800000000001,232.668,72.86984583333333,2.0843041666666666,0,0,9,0,0,11,7,4,0,94.94800000000001,232.668,0.0,0.0,9.0,0.0,0.0,11.0,7.0,4.0,0.0,48.65495608531995,Jun
3278,15,7,18.772872222222222,27.167166666666667,10.221266666666667,106.521,209.963,72.05910694444445,1.9624833333333334,0,0,21,7,0,11,8,5,0,110.07169999999999,216.96176666666668,0.0,0.0,21.7,7.233333333333333,0.0,11.366666666666665,8.266666666666666,5.166666666666666,0.0,44.92148053059478,Jul
3278,15,8,17.578115277777776,24.381933333333333,10.320500000000001,151.42000000000002,212.177,74.042125,1.822725,0,0,10,0,0,11,9,6,0,156.46733333333333,219.24956666666665,0.0,0.0,10.333333333333332,0.0,0.0,11.366666666666665,9.299999999999999,6.2,0.0,49.49311873104735,Aug
3278,15,9,14.083676388888888,20.017100000000003,8.019833333333333,88.973,185.644,79.36835277777777,1.7492875,0,0,0,0,0,10,6,3,0,88.973,185.644,0.0,0.0,0.0,0.0,0.0,10.0,6.0,3.0,0.0,48.9955133280549,Sep
3278,15,10,9.565577777777778,15.135233333333334,4.066833333333333,100.17,108.524,84.66389027777777,1.6569375000000002,0,0,0,0,0,12,10,4,0,103.509,112.14146666666666,0.0,0.0,0.0,0.0,0.0,12.4,10.333333333333332,4.133333333333333,0.0,32.945962355798414,Oct
3278,15,11,4.0923875,8.197633333333334,0.02443333333333332,95.852,65.785,86.8921111111111,1.6978125000000002,0,13,0,0,1,15,8,3,0,95.852,65.785,0.0,13.0,0.0,0.0,1.0,15.0,8.0,3.0,0.0,23.253799929303643,Nov
3278,15,12,0.6592111111111111,4.173,-3.0681333333333334,84.755,51.001,86.92320277777777,1.8767097222222222,0,30,0,0,9,10,6,3,0,87.58016666666667,52.701033333333335,0.0,31.0,0.0,0.0,9.299999999999999,10.333333333333332,6.2,3.1,0.0,19.76782945736434,Dec
3279,16,1,0.05186805555555554,3.5525333333333338,-3.414,111.929,59.38,85.06448194444444,1.890525,0,30,0,0,15,14,8,5,0,115.65996666666668,61.35933333333333,0.0,31.0,0.0,0.0,15.5,14.466666666666667,8.266666666666666,5.166666666666666,0.0,21.992592592592597,Jan
3279,16,2,1.1992097222222222,5.0377,-2.5880333333333336,39.563,99.473,79.42590694444445,2.0672291666666665,0,30,0,0,3,5,4,2,0,37.277137821736666,93.72567122163666,0.0,28.2666667,0.0,0.0,2.82666667,4.711111116666666,3.768888893333333,1.8844444466666666,0.0,31.913057427013147,Feb
3279,16,3,4.968755555555556,10.086500000000001,-0.13810000000000003,84.676,144.659,73.55626111111111,2.280201388888889,0,19,0,0,3,8,5,4,0,87.49853333333333,149.48096666666666,0.0,19.633333333333333,0.0,0.0,3.1,8.266666666666666,5.166666666666666,4.133333333333333,0.0,40.452740492170015,Mar
3279,16,4,9.077751388888888,15.380866666666666,2.8396666666666666,18.381,205.788,69.87730416666666,2.1543,0,0,0,0,0,3,2,0,0,18.381,205.788,0.0,0.0,0.0,0.0,0.0,3.0,2.0,0.0,0.0,50.25347985347986,Apr
3279,16,5,13.67466111111111,20.096466666666668,7.3834,127.463,177.353,72.51366944444445,2.0432763888888887,0,0,0,0,0,13,9,6,0,131.71176666666668,183.26476666666667,0.0,0.0,0.0,0.0,0.0,13.433333333333334,9.299999999999999,6.2,0.0,39.09898589065256,May
3279,16,6,16.742811111111113,23.7681,9.527033333333332,156.622,225.357,73.00959166666667,2.087127777777778,0,0,6,0,0,11,9,7,0,156.622,225.357,0.0,0.0,6.0,0.0,0.0,11.0,9.0,7.0,0.0,47.12609786700126,Jun
3279,16,7,18.93632638888889,26.6386,11.068033333333334,71.498,224.945,71.4745361111111,2.015963888888889,0,0,24,2,0,9,6,3,0,73.88126666666666,232.44316666666666,0.0,0.0,24.8,2.0666666666666664,0.0,9.299999999999999,6.2,3.1,0.0,48.126872058194266,Jul
3279,16,8,18.701127777777778,25.940266666666666,11.2135,69.949,238.484,73.05720694444445,1.8105416666666667,0,0,20,0,0,9,8,1,0,72.28063333333334,246.43346666666667,0.0,0.0,20.666666666666664,0.0,0.0,9.299999999999999,8.266666666666666,1.0333333333333332,0.0,55.62957779332867,Aug
3279,16,9,14.014279166666666,19.919333333333334,7.954133333333333,89.64099999999999,169.115,79.82289583333333,1.6930333333333334,0,0,0,0,0,9,7,4,0,89.64099999999999,169.115,0.0,0.0,0.0,0.0,0.0,9.0,7.0,4.0,0.0,44.633148588017946,Sep
3279,16,10,9.447297222222224,14.8037,4.298333333333333,102.033,100.415,84.70120416666667,1.7091583333333333,0,0,0,0,0,12,10,5,0,105.4341,103.76216666666667,0.0,0.0,0.0,0.0,0.0,12.4,10.333333333333332,5.166666666666666,0.0,30.484213721918636,Oct
3279,16,11,4.146613888888889,8.442533333333333,-0.10683333333333334,102.289,63.981,86.73452083333333,1.6766430555555556,0,17,0,0,0,11,7,4,0,102.289,63.98100000000001,0.0,17.0,0.0,0.0,0.0,11.0,7.0,4.0,0.0,22.616118769883354,Nov
3279,16,12,0.7674347222222223,4.2622333333333335,-2.843233333333333,98.246,59.102000000000004,86.89411249999999,1.8664875,0,29,0,0,12,11,7,5,0,101.52086666666666,61.07206666666667,0.0,29.96666666666667,0.0,0.0,12.4,11.366666666666665,7.233333333333333,5.166666666666666,0.0,22.9077519379845,Dec
3280,17,1,0.015533333333333326,3.3935666666666666,-3.5936666666666666,61.742,72.231,84.48764444444444,1.8448152777777778,0,30,0,0,22,9,5,3,0,63.80006666666666,74.63869999999999,0.0,31.0,0.0,0.0,22.73333333333333,9.299999999999999,5.166666666666666,3.1,0.0,26.752222222222226,Jan
3280,17,2,0.9818694444444444,5.196866666666667,-2.8857666666666666,67.334,101.922,79.8170111111111,2.072905555555556,0,30,0,0,9,9,6,2,0,63.443591185926664,96.03317344658,0.0,28.2666667,0.0,0.0,8.48000001,8.48000001,5.65333334,1.8844444466666666,0.0,32.69874879692011,Feb
3280,17,3,5.366409722222222,10.694633333333334,-0.18919999999999998,119.256,151.096,73.68164444444444,2.3132069444444445,0,18,0,0,2,14,11,3,0,123.2312,156.13253333333336,0.0,18.599999999999998,0.0,0.0,2.0666666666666664,14.466666666666667,11.366666666666665,3.1,0.0,42.25279642058165,Mar
3280,17,4,8.840927777777777,15.457933333333333,2.4236666666666666,143.619,157.695,71.33944444444445,2.1334458333333335,0,0,0,0,0,10,7,6,0,143.619,157.695,0.0,0.0,0.0,0.0,0.0,10.0,7.0,6.0,0.0,38.50915750915751,Apr
3280,17,5,13.248516666666665,19.598200000000002,6.944066666666667,128.555,205.31,72.86757083333333,2.0646125,0,0,0,0,0,14,8,5,0,132.84016666666668,212.15366666666665,0.0,0.0,0.0,0.0,0.0,14.466666666666667,8.266666666666666,5.166666666666666,0.0,45.26234567901234,May
3280,17,6,16.565931944444444,23.62346666666667,9.225933333333334,135.174,233.893,73.11914027777779,2.1123166666666666,0,0,7,0,0,16,11,5,0,135.174,233.893,0.0,0.0,7.0,0.0,0.0,16.0,11.0,5.0,0.0,48.91112505227939,Jun
3280,17,7,19.247452777777777,27.2185,11.0378,104.162,237.973,71.34761666666667,1.9586527777777778,0,0,23,5,0,9,8,4,0,107.63406666666668,245.90543333333335,0.0,0.0,23.76666666666667,5.166666666666666,0.0,9.299999999999999,8.266666666666666,4.133333333333333,0.0,50.91420624732564,Jul
3280,17,8,18.656755555555556,26.377866666666666,10.601666666666667,99.67099999999999,228.159,73.2391638888889,1.7756013888888889,0,0,22,1,0,11,7,3,0,102.99336666666666,235.7643,0.0,0.0,22.73333333333333,1.0333333333333332,0.0,11.366666666666665,7.233333333333333,3.1,0.0,53.22113365990202,Aug
3280,17,9,14.27895,20.30393333333333,7.981533333333333,54.943,187.309,79.10309027777777,1.7878222222222222,0,0,0,0,0,9,3,1,0,54.943,187.309,0.0,0.0,0.0,0.0,0.0,9.0,3.0,1.0,0.0,49.43494325679599,Sep
3280,17,10,9.456870833333333,14.562333333333333,4.080266666666667,88.455,120.572,84.36514444444444,1.7180708333333332,0,0,0,0,0,11,8,2,0,91.40350000000001,124.59106666666666,0.0,0.0,0.0,0.0,0.0,11.366666666666665,8.266666666666666,2.0666666666666664,0.0,36.60352155434123,Oct
3280,17,11,4.058516666666667,8.207766666666666,-0.31606666666666666,81.51700000000001,73.42999999999999,86.70187638888889,1.6967180555555557,0,17,0,0,1,8,3,2,0,81.51700000000001,73.42999999999999,0.0,17.0,0.0,0.0,1.0,8.0,3.0,2.0,0.0,25.956168257334745,Nov
3280,17,12,0.7987625,4.052466666666667,-2.2632333333333334,207.723,44.907000000000004,87.47045277777778,1.9805208333333333,0,30,0,0,21,14,12,8,0,214.6471,46.40390000000001,0.0,31.0,0.0,0.0,21.7,14.466666666666667,12.4,8.266666666666666,0.0,17.405813953488376,Dec
3281,18,1,0.3118013888888889,3.5879666666666665,-3.340433333333333,56.625,72.745,84.38299722222222,1.8458208333333335,0,30,0,0,6,7,3,2,0,58.512499999999996,75.16983333333333,0.0,31.0,0.0,0.0,6.2,7.233333333333333,3.1,2.0666666666666664,0.0,26.942592592592597,Jan
3281,18,2,1.0436041666666667,4.672633333333334,-2.7975333333333334,29.264,105.609,79.37829861111112,2.023665277777778,0,29,0,0,5,5,3,1,0,27.573191143626662,99.50714678400999,0.0,27.324444476666667,0.0,0.0,4.711111116666666,4.711111116666666,2.82666667,0.9422222233333333,0.0,33.88161693936477,Feb
3281,18,3,5.071301388888888,10.299466666666666,-0.6547666666666667,83.50200000000001,145.017,73.79796666666667,2.264523611111111,0,23,0,0,2,9,6,2,0,86.28540000000001,149.8509,0.0,23.76666666666667,0.0,0.0,2.0666666666666664,9.299999999999999,6.2,2.0666666666666664,0.0,40.552852348993284,Mar
3281,18,4,9.017156944444444,15.333866666666667,2.5644666666666667,55.612,172.979,70.48858194444443,2.1503319444444444,0,2,0,0,0,5,5,3,0,55.612,172.979,0.0,2.0,0.0,0.0,0.0,5.0,5.0,3.0,0.0,42.241514041514044,Apr
3281,18,5,12.879026388888889,18.909533333333336,6.4839,72.85799999999999,177.81,72.77430138888889,2.080061111111111,0,0,0,0,0,6,4,2,0,75.28659999999999,183.73700000000002,0.0,0.0,0.0,0.0,0.0,6.2,4.133333333333333,2.0666666666666664,0.0,39.19973544973545,May
3281,18,6,16.519166666666667,23.680733333333333,9.095133333333333,89.58,241.358,72.80459444444445,2.0179680555555555,0,0,10,0,0,11,7,2,0,89.58,241.358,0.0,0.0,10.0,0.0,0.0,11.0,7.0,2.0,0.0,50.47218736930155,Jun
3281,18,7,18.686043055555555,26.320766666666668,10.742833333333333,143.271,243.013,72.0377236111111,1.9666305555555554,0,0,23,1,0,14,10,6,0,148.0467,251.11343333333332,0.0,0.0,23.76666666666667,1.0333333333333332,0.0,14.466666666666667,10.333333333333332,6.2,0.0,51.992511767222936,Jul
3281,18,8,18.178394444444447,25.702033333333336,10.804766666666666,119.037,228.328,73.81824861111112,1.7673263888888888,0,0,16,1,0,13,9,3,0,123.0049,235.93893333333335,0.0,0.0,16.53333333333333,1.0333333333333332,0.0,13.433333333333334,9.299999999999999,3.1,0.0,53.2605551667833,Aug
3281,18,9,13.915094444444444,19.694833333333335,7.924566666666666,91.633,166.405,79.64972777777778,1.8088416666666667,0,0,0,0,0,7,6,5,0,91.633,166.405,0.0,0.0,0.0,0.0,0.0,7.0,6.0,5.0,0.0,43.9179202955925,Sep
3281,18,10,9.467569444444445,14.360333333333333,4.236266666666666,96.769,125.354,84.92693333333334,1.65625,0,0,0,0,0,8,7,3,0,99.99463333333334,129.53246666666666,0.0,0.0,0.0,0.0,0.0,8.266666666666666,7.233333333333333,3.1,0.0,38.055251973284754,Oct
3281,18,11,4.114715277777778,7.884933333333334,0.04593333333333333,37.519999999999996,73.983,86.19724027777778,1.6570944444444444,0,16,0,0,0,7,3,1,0,37.519999999999996,73.983,0.0,16.0,0.0,0.0,0.0,7.0,3.0,1.0,0.0,26.15164369034995,Nov
3281,18,12,0.6238819444444444,4.1163,-3.2019666666666664,103.496,51.788,86.92935138888888,1.8776958333333333,0,30,0,0,6,7,5,4,0,106.94586666666666,53.514266666666664,0.0,31.0,0.0,0.0,6.2,7.233333333333333,5.166666666666666,4.133333333333333,0.0,20.07286821705426,Dec
3282,19,1,0.07015,3.9379,-3.8571999999999997,25.665000000000003,71.992,84.2128125,1.8489499999999999,0,30,0,0,8,5,1,1,0,26.520500000000002,74.39173333333333,0.0,31.0,0.0,0.0,8.266666666666666,5.166666666666666,1.0333333333333332,1.0333333333333332,0.0,26.66370370370371,Jan
3282,19,2,1.2906916666666668,5.266133333333333,-2.8356333333333335,43.581,117.438,79.20977916666668,2.0393833333333333,0,30,0,0,1,7,5,1,0,41.06298671509,110.65269346382,0.0,28.2666667,0.0,0.0,0.9422222233333333,6.595555563333333,4.711111116666666,0.9422222233333333,0.0,37.67661212704523,Feb
3282,19,3,5.199048611111111,10.580466666666666,-0.3142666666666667,63.475,132.731,73.46480138888889,2.221061111111111,0,18,0,0,1,9,4,2,0,65.59083333333334,137.15536666666668,0.0,18.599999999999998,0.0,0.0,1.0333333333333332,9.299999999999999,4.133333333333333,2.0666666666666664,0.0,37.11717002237136,Mar
3282,19,4,9.026825,15.245566666666667,2.615533333333333,75.819,178.495,70.64924166666667,2.208990277777778,0,1,0,0,0,10,6,2,0,75.819,178.495,0.0,1.0,0.0,0.0,0.0,10.0,6.0,2.0,0.0,43.588522588522586,Apr
3282,19,5,13.154383333333334,19.392266666666668,6.676033333333334,113.349,178.331,72.7248513888889,2.0921486111111114,0,0,0,0,0,14,10,4,0,117.1273,184.27536666666666,0.0,0.0,0.0,0.0,0.0,14.466666666666667,10.333333333333332,4.133333333333333,0.0,39.31459435626102,May
3282,19,6,16.611408333333333,23.538566666666668,9.908333333333333,101.56,232.274,72.77701111111111,2.0910361111111113,0,0,8,0,0,11,8,5,0,101.56,232.274,0.0,0.0,8.0,0.0,0.0,11.0,8.0,5.0,0.0,48.572563780844845,Jun
3282,19,7,19.232411111111112,27.176733333333335,10.611033333333333,57.344,249.364,70.95010277777779,1.9537416666666667,0,0,22,4,0,4,3,2,0,59.25546666666666,257.6761333333333,0.0,0.0,22.73333333333333,4.133333333333333,0.0,4.133333333333333,3.1,2.0666666666666664,0.0,53.35130509199829,Jul
3282,19,8,18.693234722222222,26.231766666666665,11.1226,117.169,224.049,73.48144166666665,1.7793472222222222,0,0,20,1,0,11,9,5,0,121.07463333333334,231.5173,0.0,0.0,20.666666666666664,1.0333333333333332,0.0,11.366666666666665,9.299999999999999,5.166666666666666,0.0,52.26242127361792,Aug
3282,19,9,14.10640277777778,20.6547,7.691766666666666,81.431,168.813,79.48383055555556,1.7274,0,0,0,0,0,11,5,4,0,81.431,168.813,0.0,0.0,0.0,0.0,0.0,11.0,5.0,4.0,0.0,44.55344418052256,Sep
3282,19,10,9.390466666666667,14.778833333333333,4.223066666666667,78.225,118.737,84.54632916666667,1.6588708333333335,0,0,0,0,0,7,5,3,0,80.8325,122.6949,0.0,0.0,0.0,0.0,0.0,7.233333333333333,5.166666666666666,3.1,0.0,36.046448087431685,Oct
3282,19,11,4.125880555555556,8.0717,0.1696,64.675,71.061,86.67812638888888,1.6783486111111112,0,13,0,0,0,8,6,2,0,64.675,71.061,0.0,13.0,0.0,0.0,0.0,8.0,6.0,2.0,0.0,25.11876988335101,Nov
3282,19,12,0.4752916666666667,4.046433333333334,-3.1305666666666667,152.619,49.011,87.55365,1.8941805555555555,0,29,0,0,14,14,11,6,0,157.7063,50.64470000000001,0.0,29.96666666666667,0.0,0.0,14.466666666666667,14.466666666666667,11.366666666666665,6.2,0.0,18.99651162790698,Dec
3283,20,1,0.030929166666666688,3.4314000000000004,-3.5292666666666666,81.005,58.623,84.66991805555556,1.8810736111111113,0,30,0,0,21,10,7,3,0,83.70516666666667,60.5771,0.0,31.0,0.0,0.0,21.7,10.333333333333332,7.233333333333333,3.1,0.0,21.712222222222227,Jan
3283,20,2,1.2057444444444445,5.2486,-2.983433333333333,35.775,109.663,79.29261666666666,2.0648708333333334,0,30,0,0,5,4,2,1,0,33.70800003975,103.32691567740332,0.0,28.2666667,0.0,0.0,4.711111116666666,3.768888893333333,1.8844444466666666,0.9422222233333333,0.0,35.18222649983958,Feb
3283,20,3,5.329330555555556,10.411666666666667,-0.09240000000000001,30.189,155.661,73.22502361111111,2.2791236111111113,0,14,0,0,3,5,2,1,0,31.1953,160.84969999999998,0.0,14.466666666666667,0.0,0.0,3.1,5.166666666666666,2.0666666666666664,1.0333333333333332,0.0,43.52936241610738,Mar
3283,20,4,9.133652777777778,15.291266666666667,2.8144666666666667,47.382,177.912,70.14664166666667,2.110059722222222,0,1,0,0,0,8,3,1,0,47.382,177.912,0.0,1.0,0.0,0.0,0.0,8.0,3.0,1.0,0.0,43.44615384615385,Apr
3283,20,5,13.153922222222223,19.904600000000002,6.864599999999999,78.21900000000001,193.81799999999998,72.71890694444444,2.037116666666667,0,0,0,0,0,8,7,2,0,80.82630000000002,200.27859999999998,0.0,0.0,0.0,0.0,0.0,8.266666666666666,7.233333333333333,2.0666666666666664,0.0,42.728835978835974,May
3283,20,6,16.367931944444443,23.53506666666667,9.712366666666666,153.554,202.575,73.27918611111112,2.0747013888888888,0,0,9,0,0,13,11,6,0,153.554,202.575,0.0,0.0,9.0,0.0,0.0,13.0,11.0,6.0,0.0,42.36198243412799,Jun
3283,20,7,18.81489861111111,26.610666666666663,10.782399999999999,82.714,237.958,71.5597375,1.946498611111111,0,0,21,3,0,8,6,4,0,85.47113333333334,245.88993333333332,0.0,0.0,21.7,3.1,0.0,8.266666666666666,6.2,4.133333333333333,0.0,50.91099700470689,Jul
3283,20,8,18.702459722222223,26.188066666666664,11.214333333333334,113.90899999999999,206.536,73.72287777777777,1.8087472222222223,0,0,20,1,0,14,8,3,0,117.70596666666667,213.42053333333334,0.0,0.0,20.666666666666664,1.0333333333333332,0.0,14.466666666666667,8.266666666666666,3.1,0.0,48.17728014928854,Aug
3283,20,9,14.067743055555555,20.506933333333333,7.814166666666667,35.5,188.552,79.32297222222222,1.7234694444444443,0,0,0,0,0,5,2,1,0,35.5,188.552,0.0,0.0,0.0,0.0,0.0,5.0,2.0,1.0,0.0,49.76299815254684,Sep
3283,20,10,9.161822222222222,14.008000000000001,4.0524000000000004,90.828,119.746,84.92530416666666,1.7086430555555556,0,0,0,0,0,8,5,3,0,93.8556,123.73753333333333,0.0,0.0,0.0,0.0,0.0,8.266666666666666,5.166666666666666,3.1,0.0,36.352762598664235,Oct
3283,20,11,4.175047222222222,8.045266666666667,0.05076666666666667,41.923,70.657,86.57485555555556,1.6499180555555555,0,17,0,0,0,8,2,1,0,41.923,70.657,0.0,17.0,0.0,0.0,0.0,8.0,2.0,1.0,0.0,24.97596323789325,Nov
3283,20,12,0.8022486111111111,4.103266666666666,-2.9524,28.839,54.812,86.39275833333333,1.8767180555555556,0,30,0,0,9,6,2,1,0,29.800299999999996,56.639066666666665,0.0,31.0,0.0,0.0,9.299999999999999,6.2,2.0666666666666664,1.0333333333333332,0.0,21.244961240310076,Dec
3284,21,1,0.2767208333333333,3.878633333333333,-3.1861333333333333,76.769,70.223,84.54899999999999,1.8233583333333334,0,30,0,0,8,6,5,3,0,79.32796666666668,72.56376666666667,0.0,31.0,0.0,0.0,8.266666666666666,6.2,5.166666666666666,3.1,0.0,26.008518518518525,Jan
3284,21,2,0.9610416666666667,4.9824,-3.077433333333333,99.27,103.132,80.27081388888888,2.0867583333333335,0,30,0,0,12,12,7,4,0,93.53440011029998,97.17326233681334,0.0,28.2666667,0.0,0.0,11.30666668,11.30666668,6.595555563333333,3.768888893333333,0.0,33.08694257298684,Feb
3284,21,3,5.193676388888889,10.425766666666668,-0.16986666666666667,111.02199999999999,138.356,74.17375833333334,2.245763888888889,0,19,0,0,1,9,8,7,0,114.72273333333332,142.96786666666668,0.0,19.633333333333333,0.0,0.0,1.0333333333333332,9.299999999999999,8.266666666666666,7.233333333333333,0.0,38.690156599552566,Mar
3284,21,4,9.057669444444445,15.659799999999999,2.6691333333333334,88.349,193.392,70.89832638888889,2.1766972222222223,0,0,0,0,0,11,7,3,0,88.349,193.392,0.0,0.0,0.0,0.0,0.0,11.0,7.0,3.0,0.0,47.22637362637363,Apr
3284,21,5,13.163329166666667,19.543766666666667,6.734566666666667,62.595000000000006,204.791,72.61441388888889,2.082415277777778,0,0,0,0,0,8,4,2,0,64.6815,211.61736666666667,0.0,0.0,0.0,0.0,0.0,8.266666666666666,4.133333333333333,2.0666666666666664,0.0,45.147927689594354,May
3284,21,6,17.0782375,24.17,9.7194,97.63,223.211,72.58228333333334,2.034140277777778,0,0,8,0,0,12,8,3,0,97.63,223.211,0.0,0.0,8.0,0.0,0.0,12.0,8.0,3.0,0.0,46.67733166039315,Jun
3284,21,7,18.82232638888889,26.927933333333332,10.279300000000001,126.148,226.593,71.63463750000001,1.9067013888888888,0,0,24,5,0,12,9,5,0,130.3529333333333,234.1461,0.0,0.0,24.8,5.166666666666666,0.0,12.4,9.299999999999999,5.166666666666666,0.0,48.479460847240055,Jul
3284,21,8,18.303715277777776,25.731266666666667,10.603366666666666,126.794,220.93,73.8867013888889,1.785175,0,0,18,2,0,13,10,5,0,131.02046666666666,228.29433333333336,0.0,0.0,18.599999999999998,2.0666666666666664,0.0,13.433333333333334,10.333333333333332,5.166666666666666,0.0,51.53487287147189,Aug
3284,21,9,13.806358333333332,19.833833333333335,7.507766666666667,117.04599999999999,181.983,79.58205694444445,1.7532055555555557,0,0,0,0,0,10,8,4,0,117.04599999999999,181.983,0.0,0.0,0.0,0.0,0.0,10.0,8.0,4.0,0.0,48.029295328582734,Sep
3284,21,10,9.599195833333333,14.7858,4.4711333333333325,69.42,126.109,84.69205694444445,1.637948611111111,0,0,0,0,0,8,6,3,0,71.73400000000001,130.31263333333334,0.0,0.0,0.0,0.0,0.0,8.266666666666666,6.2,3.1,0.0,38.28445658773527,Oct
3284,21,11,4.2010708333333335,8.4468,-0.04446666666666664,142.254,65.429,87.08335833333334,1.7157138888888888,0,16,0,0,0,14,11,4,0,142.254,65.429,0.0,16.0,0.0,0.0,0.0,14.0,11.0,4.0,0.0,23.127960410038888,Nov
3284,21,12,0.903925,4.2513,-2.5495333333333337,45.719,56.016999999999996,86.3403861111111,1.8943430555555556,0,28,0,0,3,8,3,1,0,47.24296666666667,57.884233333333334,0.0,28.933333333333334,0.0,0.0,3.1,8.266666666666666,3.1,1.0333333333333332,0.0,21.712015503875968,Dec
3285,22,1,0.003930555555555549,3.307466666666667,-3.6323999999999996,42.103,75.873,84.59132777777778,1.8670666666666667,0,30,0,0,7,7,4,1,0,43.506433333333334,78.4021,0.0,31.0,0.0,0.0,7.233333333333333,7.233333333333333,4.133333333333333,1.0333333333333332,0.0,28.101111111111116,Jan
3285,22,2,1.1249555555555555,4.983366666666667,-2.7645666666666666,78.684,104.52799999999999,79.31464583333333,2.0730694444444446,0,29,0,0,8,7,6,2,0,74.13781342075998,98.48860456058665,0.0,27.324444476666667,0.0,0.0,7.537777786666666,6.595555563333333,5.65333334,1.8844444466666666,0.0,33.53480911132498,Feb
3285,22,3,5.310090277777777,10.546766666666667,-0.12883333333333333,77.701,133.315,73.87048333333334,2.239215277777778,0,15,0,0,1,9,5,3,0,80.29103333333332,137.7588333333333,0.0,15.5,0.0,0.0,1.0333333333333332,9.299999999999999,5.166666666666666,3.1,0.0,37.280480984340045,Mar
3285,22,4,8.871118055555554,15.196933333333334,2.6181666666666668,110.295,179.317,70.9776375,2.182011111111111,0,1,0,0,0,10,7,6,0,110.295,179.317,0.0,1.0,0.0,0.0,0.0,10.0,7.0,6.0,0.0,43.789255189255194,Apr
3285,22,5,13.126058333333333,19.464533333333335,6.744866666666667,184.479,171.093,73.18223888888889,2.0667874999999998,0,0,0,0,0,15,11,8,0,190.6283,176.7961,0.0,0.0,0.0,0.0,0.0,15.5,11.366666666666665,8.266666666666666,0.0,37.71891534391534,May
3285,22,6,16.505929166666668,23.1171,9.584333333333332,122.179,235.552,73.0088486111111,2.0481625,0,0,3,0,0,12,8,6,0,122.17899999999999,235.552,0.0,0.0,3.0,0.0,0.0,12.0,8.0,6.0,0.0,49.25805102467588,Jun
3285,22,7,18.846484722222222,27.268466666666665,10.5648,144.107,256.178,72.15461666666667,2.0686527777777775,0,0,24,6,0,11,9,6,0,148.91056666666668,264.71726666666666,0.0,0.0,24.8,6.2,0.0,11.366666666666665,9.299999999999999,6.2,0.0,54.809157038938814,Jul
3285,22,8,18.376783333333332,26.4345,10.194933333333333,77.562,238.064,73.56407638888889,1.7579333333333333,0,0,21,1,0,8,6,3,0,80.1474,245.99946666666668,0.0,0.0,21.7,1.0333333333333332,0.0,8.266666666666666,6.2,3.1,0.0,55.53160718451131,Aug
3285,22,9,13.713555555555557,19.3832,7.9191,81.259,182.469,79.62936666666666,1.772686111111111,0,0,0,0,0,13,7,3,0,81.259,182.469,0.0,0.0,0.0,0.0,0.0,13.0,7.0,3.0,0.0,48.15756136183688,Sep
3285,22,10,9.520440277777777,14.491266666666666,4.1919,80.725,120.41,84.21839583333333,1.7073041666666666,0,0,0,0,0,8,5,4,0,83.41583333333332,124.42366666666666,0.0,0.0,0.0,0.0,0.0,8.266666666666666,5.166666666666666,4.133333333333333,0.0,36.55434122647237,Oct
3285,22,11,4.036661111111111,8.199066666666667,-0.6268666666666666,117.937,67.165,86.88435972222221,1.6537208333333333,0,21,0,0,1,10,7,3,0,117.937,67.165,0.0,21.0,0.0,0.0,1.0,10.0,7.0,3.0,0.0,23.741604807352427,Nov
3285,22,12,0.9060930555555555,4.298133333333333,-2.654733333333333,51.653999999999996,54.824,86.38644305555555,1.841348611111111,0,29,0,0,7,6,5,3,0,53.37579999999999,56.651466666666664,0.0,29.96666666666667,0.0,0.0,7.233333333333333,6.2,5.166666666666666,3.1,0.0,21.249612403100773,Dec
3286,23,1,0.120075,3.801,-3.8295666666666666,34.39,69.516,84.53203194444444,1.846472222222222,0,30,0,0,9,8,2,1,0,35.53633333333334,71.8332,0.0,31.0,0.0,0.0,9.299999999999999,8.266666666666666,2.0666666666666664,1.0333333333333332,0.0,25.746666666666673,Jan
3286,23,2,1.3064402777777777,5.363866666666667,-2.8609333333333336,72.037,118.89,79.68322638888888,2.0402833333333334,0,30,0,0,9,8,6,3,0,67.87486230226332,112.02080013209999,0.0,28.2666667,0.0,0.0,8.48000001,7.537777786666666,5.65333334,2.82666667,0.0,38.14244465832531,Feb
3286,23,3,5.332848611111111,10.706533333333335,-0.22843333333333335,67.587,153.034,73.70354444444443,2.2923722222222223,0,17,0,0,2,9,7,3,0,69.8399,158.13513333333333,0.0,17.566666666666666,0.0,0.0,2.0666666666666664,9.299999999999999,7.233333333333333,3.1,0.0,42.794742729306485,Mar
3286,23,4,8.905862500000001,15.141233333333332,2.708066666666667,93.041,153.721,70.88089861111112,2.2083222222222223,0,0,0,0,0,11,9,2,0,93.041,153.721,0.0,0.0,0.0,0.0,0.0,11.0,9.0,2.0,0.0,37.53870573870574,Apr
3286,23,5,13.069134722222222,19.4832,6.500466666666667,94.679,216.495,72.74828055555555,2.071609722222222,0,0,0,0,0,11,5,3,0,97.83496666666666,223.7115,0.0,0.0,0.0,0.0,0.0,11.366666666666665,5.166666666666666,3.1,0.0,47.7281746031746,May
3286,23,6,16.957358333333335,23.999866666666666,9.917233333333334,129.94299999999998,219.863,72.98068333333335,2.0117083333333334,0,0,7,0,0,12,10,4,0,129.94299999999998,219.863,0.0,0.0,7.0,0.0,0.0,12.0,10.0,4.0,0.0,45.977206189878714,Jun
3286,23,7,18.954202777777777,27.252299999999998,10.9769,164.94799999999998,209.417,71.5742361111111,2.0554972222222223,0,0,21,5,0,10,9,8,0,170.44626666666665,216.39756666666665,0.0,0.0,21.7,5.166666666666666,0.0,10.333333333333332,9.299999999999999,8.266666666666666,0.0,44.80466409927258,Jul
3286,23,8,18.26440555555556,25.489033333333335,10.614933333333333,82.634,230.059,73.41926666666667,1.772975,0,0,20,1,0,7,6,3,0,85.38846666666666,237.72763333333333,0.0,0.0,20.666666666666664,1.0333333333333332,0.0,7.233333333333333,6.2,3.1,0.0,53.6643340331234,Aug
3286,23,9,14.329088888888888,20.428766666666668,8.150466666666667,185.381,155.941,80.00694583333333,1.846851388888889,0,0,0,0,0,15,11,7,0,185.381,155.941,0.0,0.0,0.0,0.0,0.0,15.0,11.0,7.0,0.0,41.156241752441275,Sep
3286,23,10,9.374415277777778,14.365766666666667,4.366233333333333,106.113,133.675,84.71636944444444,1.6472236111111112,0,1,0,0,0,8,7,4,0,109.65010000000001,138.13083333333333,0.0,1.0333333333333332,0.0,0.0,0.0,8.266666666666666,7.233333333333333,4.133333333333333,0.0,40.58136004857317,Oct
3286,23,11,3.9512694444444443,8.025333333333332,-0.2688,100.25800000000001,67.501,86.66600555555556,1.7055722222222223,0,17,0,0,1,9,8,5,0,100.25800000000001,67.501,0.0,17.0,0.0,0.0,1.0,9.0,8.0,5.0,0.0,23.86037469070343,Nov
3286,23,12,0.89405,4.246466666666667,-2.3266666666666667,38.092,56.464,86.42364583333332,1.8309055555555556,0,30,0,0,6,7,2,2,0,39.36173333333333,58.34613333333333,0.0,31.0,0.0,0.0,6.2,7.233333333333333,2.0666666666666664,2.0666666666666664,0.0,21.885271317829456,Dec
3287,24,1,0.15391527777777778,3.516366666666667,-3.1670333333333334,149.346,61.338,85.35995833333332,1.8589708333333332,0,30,0,0,24,13,7,6,0,154.32420000000002,63.3826,0.0,31.0,0.0,0.0,24.8,13.433333333333334,7.233333333333333,6.2,0.0,22.717777777777783,Jan
3287,24,2,1.090223611111111,4.928866666666667,-2.969666666666667,78.377,98.479,79.84891666666665,2.1081777777777777,0,30,0,0,8,10,5,2,0,73.84855119819666,92.78910233164333,0.0,28.2666667,0.0,0.0,7.537777786666666,9.422222233333333,4.711111116666666,1.8844444466666666,0.0,31.594161052293867,Feb
3287,24,3,5.021765277777778,10.347133333333334,-0.38376666666666664,105.193,158.527,74.13707777777778,2.1924361111111113,0,23,0,0,0,11,9,3,0,108.69943333333333,163.81123333333332,0.0,23.76666666666667,0.0,0.0,0.0,11.366666666666665,9.299999999999999,3.1,0.0,44.330816554809836,Mar
3287,24,4,8.887708333333334,15.4601,2.5837,92.569,181.406,70.92756250000001,2.2007430555555554,0,1,0,0,0,12,7,4,0,92.569,181.406,0.0,1.0,0.0,0.0,0.0,12.0,7.0,4.0,0.0,44.299389499389505,Apr
3287,24,5,13.00211388888889,19.41646666666667,6.624666666666667,134.436,194.55,73.09287361111112,2.1053944444444443,0,0,0,0,0,15,9,3,0,138.9172,201.035,0.0,0.0,0.0,0.0,0.0,15.5,9.299999999999999,3.1,0.0,42.89021164021164,May
3287,24,6,17.006806944444445,24.156833333333335,9.7369,127.17,236.302,72.67915972222222,2.0462861111111112,0,0,10,0,0,9,7,5,0,127.17,236.302,0.0,0.0,10.0,0.0,0.0,9.0,7.0,5.0,0.0,49.41488916771226,Jun
3287,24,7,18.312324999999998,25.813733333333335,10.576266666666667,67.69500000000001,234.886,71.7406638888889,1.96165,0,0,20,0,0,10,6,2,0,69.95150000000001,242.71553333333333,0.0,0.0,20.666666666666664,0.0,0.0,10.333333333333332,6.2,2.0666666666666664,0.0,50.25374411638853,Jul
3287,24,8,18.006463888888888,25.68616666666667,9.860700000000001,129.459,214.133,73.60098611111111,1.7613041666666667,0,0,19,0,0,14,10,7,0,133.77429999999998,221.27076666666667,0.0,0.0,19.633333333333333,0.0,0.0,14.466666666666667,10.333333333333332,7.233333333333333,0.0,49.94938185211103,Aug
3287,24,9,13.965384722222222,20.077099999999998,7.8193,109.12899999999999,178.372,79.87588472222222,1.730275,0,0,0,0,0,11,7,5,0,109.12899999999999,178.372,0.0,0.0,0.0,0.0,0.0,11.0,7.0,5.0,0.0,47.07627342306677,Sep
3287,24,10,9.806766666666666,15.129466666666668,4.337033333333333,125.596,115.793,84.72864305555555,1.669238888888889,0,0,0,0,0,10,7,5,0,129.78253333333333,119.65276666666666,0.0,0.0,0.0,0.0,0.0,10.333333333333332,7.233333333333333,5.166666666666666,0.0,35.15270188221008,Oct
3287,24,11,4.358648611111111,8.401366666666666,0.2778,77.29299999999999,67.544,86.26415,1.6681708333333334,0,13,0,0,2,8,6,2,0,77.29299999999999,67.544,0.0,13.0,0.0,0.0,2.0,8.0,6.0,2.0,0.0,23.87557440791799,Nov
3287,24,12,0.9841875000000001,4.429466666666666,-2.7840333333333334,58.687,56.275,86.60402361111112,1.8516263888888889,0,30,0,0,5,8,4,2,0,60.643233333333335,58.15083333333333,0.0,31.0,0.0,0.0,5.166666666666666,8.266666666666666,4.133333333333333,2.0666666666666664,0.0,21.81201550387597,Dec
3288,25,1,-0.03868472222222221,3.4525333333333337,-3.834766666666667,95.19,65.918,84.95476666666667,1.8885416666666666,0,30,0,0,19,12,7,4,0,98.363,68.11526666666667,0.0,31.0,0.0,0.0,19.633333333333333,12.4,7.233333333333333,4.133333333333333,0.0,24.414074074074083,Jan
3288,25,2,1.0294625,4.8411,-2.8965666666666667,27.74,107.37,79.46358749999999,2.105783333333333,0,30,0,0,7,8,2,0,0,26.137244475266666,101.1664001193,0.0,28.2666667,0.0,0.0,6.595555563333333,7.537777786666666,1.8844444466666666,0.0,0.0,34.446583253128004,Feb
3288,25,3,5.023295833333333,10.3134,-0.2212,110.811,133.818,74.13696527777778,2.321023611111111,0,17,0,0,3,15,10,3,0,114.5047,138.2786,0.0,17.566666666666666,0.0,0.0,3.1,15.5,10.333333333333332,3.1,0.0,37.421140939597315,Mar
3288,25,4,8.692334722222222,14.966966666666668,2.079133333333333,152.635,172.817,71.16659444444444,2.1762180555555557,0,1,0,0,1,15,12,5,0,152.635,172.817,0.0,1.0,0.0,0.0,1.0,15.0,12.0,5.0,0.0,42.201953601953605,Apr
3288,25,5,13.072031944444443,19.54713333333333,6.5187,118.052,183.627,72.48856527777778,2.041327777777778,0,0,0,0,0,10,8,4,0,121.98706666666666,189.74790000000002,0.0,0.0,0.0,0.0,0.0,10.333333333333332,8.266666666666666,4.133333333333333,0.0,40.482142857142854,May
3288,25,6,17.02188055555556,24.2421,9.819266666666666,215.918,225.155,72.96734027777778,2.079173611111111,0,0,9,0,0,18,12,7,0,215.918,225.155,0.0,0.0,9.0,0.0,0.0,18.0,12.0,7.0,0.0,47.08385612714346,Jun
3288,25,7,18.84358472222222,26.944633333333332,11.022533333333334,136.275,226.298,71.83711388888888,1.9163777777777777,0,0,22,3,0,12,9,6,0,140.81750000000002,233.84126666666668,0.0,0.0,22.73333333333333,3.1,0.0,12.4,9.299999999999999,6.2,0.0,48.41634574240479,Jul
3288,25,8,18.29867361111111,26.0617,10.463033333333334,61.82899999999999,219.235,73.38776666666666,1.7951361111111113,0,0,18,2,0,9,5,2,0,63.88996666666666,226.54283333333336,0.0,0.0,18.599999999999998,2.0666666666666664,0.0,9.299999999999999,5.166666666666666,2.0666666666666664,0.0,51.13949148588757,Aug
3288,25,9,13.913354166666666,20.221600000000002,7.870433333333334,131.978,176.163,80.24903472222222,1.767325,0,0,0,0,0,13,10,5,0,131.978,176.163,0.0,0.0,0.0,0.0,0.0,13.0,10.0,5.0,0.0,46.49326999208235,Sep
3288,25,10,9.556048611111112,14.706733333333334,4.490799999999999,127.798,105.068,85.01377638888889,1.6647027777777776,0,0,0,0,0,12,10,4,0,132.05793333333335,108.57026666666665,0.0,0.0,0.0,0.0,0.0,12.4,10.333333333333332,4.133333333333333,0.0,31.896782027929564,Oct
3288,25,11,3.8558430555555554,8.1023,-0.39536666666666664,138.13299999999998,68.048,86.81645416666667,1.7211041666666667,0,21,0,0,9,11,7,5,0,138.13299999999998,68.048,0.0,21.0,0.0,0.0,9.0,11.0,7.0,5.0,0.0,24.053729232944505,Nov
3288,25,12,0.7442958333333334,4.322233333333333,-3.1099666666666668,98.076,50.913000000000004,86.54919861111111,1.833813888888889,0,30,0,0,10,13,7,4,0,101.34519999999999,52.6101,0.0,31.0,0.0,0.0,10.333333333333332,13.433333333333334,7.233333333333333,4.133333333333333,0.0,19.733720930232558,Dec
3289,26,1,0.40605694444444446,4.031533333333333,-3.2036666666666664,124.34,66.781,85.19891805555557,1.8663194444444444,0,30,0,0,11,9,6,6,0,128.48466666666667,69.00703333333334,0.0,31.0,0.0,0.0,11.366666666666665,9.299999999999999,6.2,6.2,0.0,24.73370370370371,Jan
3289,26,2,1.2458055555555556,4.908666666666666,-2.7868666666666666,63.415,102.451,79.63053888888889,2.1295125,0,30,0,0,5,8,3,3,0,59.75102229268333,96.53160900272333,0.0,28.2666667,0.0,0.0,4.711111116666666,7.537777786666666,2.82666667,2.82666667,0.0,32.86846326596085,Feb
3289,26,3,5.043252777777778,10.196566666666666,-0.34343333333333337,57.583,154.758,73.66651944444445,2.2899527777777777,0,17,0,0,1,8,4,3,0,59.502433333333336,159.91660000000002,0.0,17.566666666666666,0.0,0.0,1.0333333333333332,8.266666666666666,4.133333333333333,3.1,0.0,43.27684563758389,Mar
3289,26,4,8.756013888888889,14.789733333333334,2.372666666666667,88.425,181.844,70.5190875,2.193648611111111,0,0,0,0,0,12,9,4,0,88.425,181.844,0.0,0.0,0.0,0.0,0.0,12.0,9.0,4.0,0.0,44.4063492063492,Apr
3289,26,5,13.242805555555556,19.375766666666667,7.2587,121.75,164.871,73.01576805555555,2.0495875,0,0,0,0,0,11,7,4,0,125.80833333333334,170.3667,0.0,0.0,0.0,0.0,0.0,11.366666666666665,7.233333333333333,4.133333333333333,0.0,36.34722222222223,May
3289,26,6,16.595630555555555,23.326433333333334,9.711866666666667,179.03199999999998,211.811,73.25832222222222,2.0636555555555556,0,0,5,0,0,14,10,5,0,179.03199999999998,211.811,0.0,0.0,5.0,0.0,0.0,14.0,10.0,5.0,0.0,44.29339188624008,Jun
3289,26,7,18.59286388888889,26.1103,10.566566666666667,121.926,227.294,71.76813333333332,1.9800208333333333,0,0,23,3,0,10,8,5,0,125.99020000000002,234.87046666666666,0.0,0.0,23.76666666666667,3.1,0.0,10.333333333333332,8.266666666666666,5.166666666666666,0.0,48.62943945228926,Jul
3289,26,8,18.344781944444446,26.0271,10.5895,135.65099999999998,224.63,73.84310972222222,1.7239666666666666,0,0,23,2,0,12,9,6,0,140.17269999999996,232.11766666666668,0.0,0.0,23.76666666666667,2.0666666666666664,0.0,12.4,9.299999999999999,6.2,0.0,52.39794728248192,Aug
3289,26,9,13.874838888888888,20.136333333333333,7.878866666666666,126.94800000000001,174.561,80.07898888888889,1.7269930555555557,0,0,0,0,0,15,9,5,0,126.94800000000001,174.561,0.0,0.0,0.0,0.0,0.0,15.0,9.0,5.0,0.0,46.07046714172605,Sep
3289,26,10,9.337973611111112,14.597233333333332,4.114433333333333,153.358,105.108,85.24416805555555,1.6922777777777778,0,0,0,0,0,12,11,7,0,158.46993333333336,108.6116,0.0,0.0,0.0,0.0,0.0,12.4,11.366666666666665,7.233333333333333,0.0,31.908925318761383,Oct
3289,26,11,4.285202777777778,8.3454,0.14066666666666666,35.152,75.016,86.02414305555554,1.6261722222222221,0,11,0,0,1,6,4,1,0,35.152,75.016,0.0,11.0,0.0,0.0,1.0,6.0,4.0,1.0,0.0,26.51679038529516,Nov
3289,26,12,1.0275666666666667,4.5753,-2.4614333333333334,81.375,49.848,86.52641388888888,1.9302763888888888,0,28,0,0,11,11,7,3,0,84.08749999999999,51.5096,0.0,28.933333333333334,0.0,0.0,11.366666666666665,11.366666666666665,7.233333333333333,3.1,0.0,19.32093023255814,Dec
3290,27,1,0.28649027777777775,3.9225333333333334,-3.286366666666667,54.053,65.901,84.59562083333334,1.8472916666666668,0,30,0,0,10,6,5,1,0,55.85476666666666,68.0977,0.0,31.0,0.0,0.0,10.333333333333332,6.2,5.166666666666666,1.0333333333333332,0.0,24.40777777777778,Jan
3290,27,2,1.1111208333333333,5.184366666666667,-2.9658,81.175,110.554,79.94979861111112,2.0934055555555555,0,30,0,0,13,11,4,3,0,76.48488897908332,104.16643567839333,0.0,28.2666667,0.0,0.0,12.248888903333333,10.364444456666666,3.768888893333333,2.82666667,0.0,35.46807828039781,Feb
3290,27,3,5.245673611111111,10.229166666666666,-0.17246666666666666,115.15,141.654,73.92036388888889,2.2476944444444444,0,15,0,0,3,8,7,5,0,118.98833333333333,146.3758,0.0,15.5,0.0,0.0,3.1,8.266666666666666,7.233333333333333,5.166666666666666,0.0,39.61241610738254,Mar
3290,27,4,8.97048611111111,15.474733333333335,2.858233333333333,119.78,189.398,71.2721,2.1746791666666665,0,1,0,0,0,14,11,4,0,119.78,189.398,0.0,1.0,0.0,0.0,0.0,14.0,11.0,4.0,0.0,46.25103785103785,Apr
3290,27,5,12.859848611111111,19.091866666666665,6.662633333333333,162.10899999999998,189.629,73.64232361111111,2.080638888888889,0,0,0,0,0,16,11,8,0,167.5126333333333,195.94996666666665,0.0,0.0,0.0,0.0,0.0,16.53333333333333,11.366666666666665,8.266666666666666,0.0,41.80533509700176,May
3290,27,6,16.758518055555555,24.010033333333336,9.5761,62.781,221.198,72.56746388888888,2.1380791666666665,0,0,8,0,0,11,3,2,0,62.78099999999999,221.198,0.0,0.0,8.0,0.0,0.0,11.0,3.0,2.0,0.0,46.25637808448349,Jun
3290,27,7,18.53548055555556,26.329666666666665,10.441033333333333,101.34400000000001,237.145,71.57087500000002,1.9579180555555555,0,0,22,2,0,12,8,4,0,104.72213333333333,245.04983333333334,0.0,0.0,22.73333333333333,2.0666666666666664,0.0,12.4,8.266666666666666,4.133333333333333,0.0,50.737056054771074,Jul
3290,27,8,17.66090416666667,24.954333333333334,9.9306,160.312,228.762,74.21028611111112,1.7577444444444443,0,0,16,1,0,11,7,6,0,165.65573333333333,236.38739999999999,0.0,0.0,16.53333333333333,1.0333333333333332,0.0,11.366666666666665,7.233333333333333,6.2,0.0,53.361791462561236,Aug
3290,27,9,14.490608333333334,20.330966666666665,8.404266666666667,167.524,146.428,79.94446111111111,1.7452583333333334,0,0,0,0,0,13,11,6,0,167.524,146.428,0.0,0.0,0.0,0.0,0.0,13.0,11.0,6.0,0.0,38.64555291633676,Sep
3290,27,10,9.165159722222223,14.243833333333333,4.013366666666666,74.932,135.371,84.79825277777779,1.6785722222222221,0,0,0,0,0,7,6,4,0,77.42973333333335,139.88336666666666,0.0,0.0,0.0,0.0,0.0,7.233333333333333,6.2,4.133333333333333,0.0,41.09623557984214,Oct
3290,27,11,4.223648611111111,8.215966666666667,0.2749666666666667,85.152,72.17,86.88489444444444,1.6684819444444445,0,10,0,0,0,11,8,2,0,85.152,72.17,0.0,10.0,0.0,0.0,0.0,11.0,8.0,2.0,0.0,25.510781194768473,Nov
3290,27,12,1.053675,4.279333333333333,-2.2820000000000005,16.56,55.006,86.2771361111111,1.8643513888888887,0,30,0,0,1,5,2,0,0,17.112,56.83953333333333,0.0,31.0,0.0,0.0,1.0333333333333332,5.166666666666666,2.0666666666666664,0.0,0.0,21.32015503875969,Dec
3291,28,1,0.21955555555555553,3.8549333333333333,-3.7084333333333332,61.626,72.09,84.55374305555556,1.8866347222222222,0,29,0,0,7,6,5,2,0,63.68019999999999,74.493,0.0,29.96666666666667,0.0,0.0,7.233333333333333,6.2,5.166666666666666,2.0666666666666664,0.0,26.700000000000006,Jan
3291,28,2,1.3198625,5.141333333333334,-2.640633333333333,55.402,109.852,79.76940694444444,2.1060208333333335,0,29,0,0,6,6,4,1,0,52.20099561711333,103.50499567761332,0.0,27.324444476666667,0.0,0.0,5.65333334,5.65333334,3.768888893333333,0.9422222233333333,0.0,35.2428617260186,Feb
3291,28,3,4.772322222222223,9.884333333333334,-0.1434666666666667,57.772000000000006,139.076,73.89400972222224,2.248384722222222,0,18,0,0,1,7,5,2,0,59.69773333333334,143.71186666666668,0.0,18.599999999999998,0.0,0.0,1.0333333333333332,7.233333333333333,5.166666666666666,2.0666666666666664,0.0,38.89149888143176,Mar
3291,28,4,9.071386111111112,15.079566666666667,2.7375,104.491,171.067,70.94243055555556,2.1485708333333333,0,2,0,0,0,14,11,1,0,104.491,171.067,0.0,2.0,0.0,0.0,0.0,14.0,11.0,1.0,0.0,41.77460317460318,Apr
3291,28,5,13.239700000000001,20.203933333333335,6.286866666666667,76.783,199.592,72.3365125,2.0605680555555557,0,0,0,0,0,7,5,2,0,79.34243333333333,206.24506666666667,0.0,0.0,0.0,0.0,0.0,7.233333333333333,5.166666666666666,2.0666666666666664,0.0,44.001763668430335,May
3291,28,6,16.743294444444444,23.7507,9.4335,124.804,231.65,72.88857916666666,2.03495,0,0,10,0,0,9,7,5,0,124.804,231.65,0.0,0.0,10.0,0.0,0.0,9.0,7.0,5.0,0.0,48.44207444583857,Jun
3291,28,7,19.069704166666668,26.831133333333334,10.43,51.992,263.088,71.17598333333333,1.9668791666666665,0,0,21,5,0,5,4,3,0,53.72506666666666,271.8576,0.0,0.0,21.7,5.166666666666666,0.0,5.166666666666666,4.133333333333333,3.1,0.0,56.28754813863929,Jul
3291,28,8,18.04454722222222,25.8497,10.673533333333333,97.102,210.341,73.86347500000001,1.8060597222222223,0,0,20,1,0,11,5,3,0,100.33873333333334,217.35236666666665,0.0,0.0,20.666666666666664,1.0333333333333332,0.0,11.366666666666665,5.166666666666666,3.1,0.0,49.06484721250292,Aug
3291,28,9,14.133738888888889,20.166099999999997,8.1804,66.548,182.929,79.43664027777777,1.7367263888888889,0,0,1,0,0,14,5,2,0,66.548,182.929,0.0,0.0,1.0,0.0,0.0,14.0,5.0,2.0,0.0,48.27896542623383,Sep
3291,28,10,9.253913888888889,14.5531,3.7312333333333334,126.06700000000001,127.1,85.01970416666667,1.7513486111111112,0,0,0,0,0,9,8,6,0,130.26923333333335,131.33666666666664,0.0,0.0,0.0,0.0,0.0,9.299999999999999,8.266666666666666,6.2,0.0,38.5853066180935,Oct
3291,28,11,4.309733333333333,8.595633333333334,-0.1727,198.12,61.911,87.58644027777777,1.7475541666666667,0,17,0,0,4,14,12,7,0,198.12,61.910999999999994,0.0,17.0,0.0,0.0,4.0,14.0,12.0,7.0,0.0,21.884411452810184,Nov
3291,28,12,0.9027458333333332,4.3213,-2.6055333333333333,30.213,54.924,86.20360694444445,1.807363888888889,0,30,0,0,0,3,2,1,0,31.220100000000002,56.7548,0.0,31.0,0.0,0.0,0.0,3.1,2.0666666666666664,1.0333333333333332,0.0,21.288372093023256,Dec
3292,29,1,0.18056250000000001,3.5844,-3.2002,67.492,68.324,84.60626944444445,1.8151930555555558,0,30,0,0,11,7,5,3,0,69.74173333333333,70.60146666666667,0.0,31.0,0.0,0.0,11.366666666666665,7.233333333333333,5.166666666666666,3.1,0.0,25.305185185185188,Jan
3292,29,2,1.1317736111111112,5.323666666666667,-2.817633333333333,109.981,99.296,79.96545972222222,2.0871958333333334,0,29,0,0,8,11,7,4,0,103.62654234442331,93.55889788810666,0.0,27.324444476666667,0.0,0.0,7.537777786666666,10.364444456666666,6.595555563333333,3.768888893333333,0.0,31.856272056464547,Feb
3292,29,3,5.030195833333334,10.0061,-0.11696666666666665,116.722,128.32,74.31469027777779,2.2160277777777777,0,16,0,0,0,13,6,6,0,120.61273333333332,132.59733333333332,0.0,16.53333333333333,0.0,0.0,0.0,13.433333333333334,6.2,6.2,0.0,35.88366890380313,Mar
3292,29,4,8.963929166666667,15.258066666666668,2.6112666666666664,159.406,172.964,71.62451250000001,2.1513750000000003,0,0,0,0,0,14,12,5,0,159.406,172.964,0.0,0.0,0.0,0.0,0.0,14.0,12.0,5.0,0.0,42.237851037851044,Apr
3292,29,5,13.136195833333334,19.54843333333333,7.0846,80.91,206.554,72.62571527777777,2.074552777777778,0,0,0,0,0,11,6,4,0,83.607,213.43913333333333,0.0,0.0,0.0,0.0,0.0,11.366666666666665,6.2,4.133333333333333,0.0,45.536596119929456,May
3292,29,6,17.190265277777776,24.12953333333333,9.958766666666666,69.14,233.378,72.2116625,2.1118041666666665,0,0,12,0,0,11,7,1,0,69.14,233.378,0.0,0.0,12.0,0.0,0.0,11.0,7.0,1.0,0.0,48.8034295273944,Jun
3292,29,7,18.595693055555554,27.2311,10.589,71.822,250.121,71.4251138888889,1.9557097222222224,0,0,22,3,0,7,3,3,0,74.21606666666668,258.4583666666667,0.0,0.0,22.73333333333333,3.1,0.0,7.233333333333333,3.1,3.1,0.0,53.513264869490804,Jul
3292,29,8,18.36918888888889,26.0952,10.604800000000001,121.77199999999999,213.423,73.84778750000001,1.8527472222222223,0,0,22,1,0,12,8,6,0,125.83106666666666,220.53709999999998,0.0,0.0,22.73333333333333,1.0333333333333332,0.0,12.4,8.266666666666666,6.2,0.0,49.78376487053884,Aug
3292,29,9,14.062073611111112,19.799833333333332,8.0226,52.541,185.60999999999999,79.23140277777777,1.7030625000000001,0,0,0,0,0,6,3,2,0,52.541,185.60999999999999,0.0,0.0,0.0,0.0,0.0,6.0,3.0,2.0,0.0,48.986539984164686,Sep
3292,29,10,9.464902777777779,14.713566666666667,4.3391,86.945,121.959,84.64569166666666,1.702161111111111,0,0,0,0,0,9,6,4,0,89.84316666666666,126.0243,0.0,0.0,0.0,0.0,0.0,9.299999999999999,6.2,4.133333333333333,0.0,37.02459016393442,Oct
3292,29,11,4.222769444444444,8.491266666666666,-0.1424,72.127,62.482,86.59249305555555,1.6892777777777779,0,15,0,0,2,8,5,4,0,72.127,62.48199999999999,0.0,15.0,0.0,0.0,2.0,8.0,5.0,4.0,0.0,22.086249558147756,Nov
3292,29,12,0.6455319444444444,4.013966666666667,-2.8626666666666667,80.522,46.778,87.08308472222221,1.8495597222222222,0,30,0,0,6,10,6,3,0,83.20606666666667,48.337266666666665,0.0,31.0,0.0,0.0,6.2,10.333333333333332,6.2,3.1,0.0,18.131007751937986,Dec
3293,30,1,0.09376944444444445,3.6136,-3.8009,49.84,67.881,84.67969305555556,1.9064722222222223,0,30,0,0,12,5,5,2,0,51.50133333333334,70.14370000000001,0.0,31.0,0.0,0.0,12.4,5.166666666666666,5.166666666666666,2.0666666666666664,0.0,25.14111111111112,Jan
3293,30,2,0.8608486111111111,4.625166666666667,-3.2981333333333334,88.513,119.193,79.91975555555555,2.070315277777778,0,30,0,0,10,10,7,3,0,83.39891565390334,112.30629346577,0.0,28.2666667,0.0,0.0,9.422222233333333,9.422222233333333,6.595555563333333,2.82666667,0.0,38.23965351299326,Feb
3293,30,3,5.114505555555556,10.757166666666667,-0.4668333333333333,11.613,160.241,73.1890638888889,2.2245430555555554,0,17,0,0,3,3,1,0,0,12.0001,165.5823666666667,0.0,17.566666666666666,0.0,0.0,3.1,3.1,1.0333333333333332,0.0,0.0,44.810123042505595,Mar
3293,30,4,9.063045833333332,15.437433333333333,2.509266666666667,102.44300000000001,168.148,70.86590277777778,2.155972222222222,0,1,0,0,0,9,6,4,0,102.44300000000001,168.148,0.0,1.0,0.0,0.0,0.0,9.0,6.0,4.0,0.0,41.06178266178266,Apr
3293,30,5,13.00874722222222,19.3016,6.979566666666667,247.136,177.684,73.79611249999999,2.137463888888889,0,0,0,0,0,19,13,10,0,255.3738666666667,183.6068,0.0,0.0,0.0,0.0,0.0,19.633333333333333,13.433333333333334,10.333333333333332,0.0,39.17195767195767,May
3293,30,6,16.72260138888889,23.69793333333333,9.5389,138.137,226.523,72.99678888888889,2.0772944444444446,0,0,8,0,0,12,10,4,0,138.137,226.523,0.0,0.0,8.0,0.0,0.0,12.0,10.0,4.0,0.0,47.36992890004183,Jun
3293,30,7,18.377229166666666,26.4554,10.167233333333334,100.87,234.644,71.91452777777778,1.9424652777777778,0,0,18,3,0,5,3,2,1,104.23233333333333,242.46546666666666,0.0,0.0,18.599999999999998,3.1,0.0,5.166666666666666,3.1,2.0666666666666664,1.0333333333333332,50.201968335472834,Jul
3293,30,8,18.29897777777778,25.6603,10.739366666666665,62.379999999999995,244.56900000000002,73.54938472222221,1.7254319444444446,0,0,19,1,0,8,6,2,0,64.45933333333332,252.7213,0.0,0.0,19.633333333333333,1.0333333333333332,0.0,8.266666666666666,6.2,2.0666666666666664,0.0,57.04898530440868,Aug
3293,30,9,14.407108333333333,20.695666666666668,8.371633333333333,122.67,195.321,79.73878055555556,1.809838888888889,0,0,0,0,0,13,8,6,0,122.67000000000002,195.321,0.0,0.0,0.0,0.0,0.0,13.0,8.0,6.0,0.0,51.5494853523357,Sep
3293,30,10,9.241530555555556,14.0991,4.158166666666667,58.051,123.039,84.38163333333334,1.6712791666666669,0,0,0,0,0,11,6,0,0,59.98603333333333,127.14030000000001,0.0,0.0,0.0,0.0,0.0,11.366666666666665,6.2,0.0,0.0,37.35245901639344,Oct
3293,30,11,4.244730555555555,8.3544,0.012833333333333334,100.279,64.428,86.66580972222224,1.6280972222222223,0,14,0,0,0,8,7,4,0,100.279,64.428,0.0,14.0,0.0,0.0,0.0,8.0,7.0,4.0,0.0,22.77412513255567,Nov
3293,30,12,0.5173569444444445,4.2358,-3.039733333333333,95.314,52.393,87.31748888888889,1.9288416666666668,0,30,0,0,17,13,7,4,0,98.49113333333332,54.13943333333333,0.0,31.0,0.0,0.0,17.566666666666666,13.433333333333334,7.233333333333333,4.133333333333333,0.0,20.30736434108527,Dec
3294,31,1,-0.2461,3.364433333333333,-4.047066666666667,40.001999999999995,68.893,84.66649305555555,1.8894930555555554,0,30,0,0,14,7,4,1,0,41.3354,71.18943333333333,0.0,31.0,0.0,0.0,14.466666666666667,7.233333333333333,4.133333333333333,1.0333333333333332,0.0,25.51592592592593,Jan
3294,31,2,1.3940083333333333,5.445233333333333,-2.4966999999999997,47.883,118.571,79.60067083333334,2.044051388888889,0,30,0,0,4,8,5,1,0,45.11642671987,111.72023124285667,0.0,28.2666667,0.0,0.0,3.768888893333333,7.537777786666666,4.711111116666666,0.9422222233333333,0.0,38.04010266281681,Feb
3294,31,3,5.259045833333333,10.383999999999999,0.12793333333333334,151.167,139.834,74.44111944444444,2.2938847222222223,0,11,0,0,4,15,10,8,0,156.20589999999999,144.49513333333334,0.0,11.366666666666665,0.0,0.0,4.133333333333333,15.5,10.333333333333332,8.266666666666666,0.0,39.10346756152125,Mar
3294,31,4,8.54337638888889,14.8393,2.417133333333333,58.56,162.334,70.825625,2.187348611111111,0,3,0,0,0,9,3,2,0,58.56,162.334,0.0,3.0,0.0,0.0,0.0,9.0,3.0,2.0,0.0,39.64200244200244,Apr
3294,31,5,13.252044444444444,19.802433333333333,6.451066666666667,155.755,203.42,72.97863888888888,2.0551180555555555,0,0,0,0,0,12,9,6,0,160.94683333333333,210.20066666666665,0.0,0.0,0.0,0.0,0.0,12.4,9.299999999999999,6.2,0.0,44.84567901234568,May
3294,31,6,16.791970833333334,24.333000000000002,9.624233333333335,202.624,228.754,73.0895625,2.058438888888889,0,0,13,0,0,17,12,8,0,202.624,228.754,0.0,0.0,13.0,0.0,0.0,17.0,12.0,8.0,0.0,47.83647009619406,Jun
3294,31,7,18.61089722222222,26.45583333333333,10.300166666666666,130.821,252.559,71.9141375,2.0184875,0,0,20,3,0,17,10,6,0,135.18169999999998,260.97763333333336,0.0,0.0,20.666666666666664,3.1,0.0,17.566666666666666,10.333333333333332,6.2,0.0,54.03487376979034,Jul
3294,31,8,18.54793611111111,26.3787,10.554499999999999,166.749,216.111,73.81974166666667,1.7752472222222222,0,0,23,2,0,15,11,8,0,172.3073,223.3147,0.0,0.0,23.76666666666667,2.0666666666666664,0.0,15.5,11.366666666666665,8.266666666666666,0.0,50.41077676696991,Aug
3294,31,9,14.010698611111112,20.326933333333333,7.562333333333333,138.737,192.928,80.11264861111111,1.7203888888888887,0,0,0,0,0,14,9,5,0,138.737,192.928,0.0,0.0,0.0,0.0,0.0,14.0,9.0,5.0,0.0,50.917920295592495,Sep
3294,31,10,9.434486111111111,14.517266666666666,4.522733333333334,95.80900000000001,113.458,84.58655,1.6930888888888889,0,0,0,0,0,6,3,2,0,99.00263333333334,117.23993333333334,0.0,0.0,0.0,0.0,0.0,6.2,3.1,2.0666666666666664,0.0,34.44383727990285,Oct
3294,31,11,4.354434722222222,8.318633333333333,0.29843333333333333,128.064,74.712,86.77279583333333,1.6664986111111113,0,13,0,0,2,11,7,6,0,128.064,74.712,0.0,13.0,0.0,0.0,2.0,11.0,7.0,6.0,0.0,26.409331919406156,Nov
3294,31,12,1.0152555555555556,4.4718333333333335,-2.769966666666667,44.238,55.752,86.36553055555555,1.8221305555555556,0,29,0,0,2,5,3,2,0,45.712599999999995,57.6104,0.0,29.96666666666667,0.0,0.0,2.0666666666666664,5.166666666666666,3.1,2.0666666666666664,0.0,21.609302325581396,Dec
3295,32,1,0.1497875,3.658533333333333,-3.4823999999999997,104.612,64.18299999999999,84.95115416666667,1.8796472222222222,0,30,0,0,20,10,6,3,0,108.09906666666666,66.32243333333334,0.0,31.0,0.0,0.0,20.666666666666664,10.333333333333332,6.2,3.1,0.0,23.771481481481484,Jan
3295,32,2,1.0500833333333335,4.805833333333334,-2.9422333333333333,37.519,104.324,79.46918055555555,2.0493875,0,29,0,0,5,4,3,1,0,35.35123559724333,98.29639122702666,0.0,27.324444476666667,0.0,0.0,4.711111116666666,3.768888893333333,2.82666667,0.9422222233333333,0.0,33.46936156560795,Feb
3295,32,3,4.9345875,10.151166666666667,-0.3743,161.267,138.311,74.88768333333334,2.2763583333333335,0,18,0,0,3,13,8,6,0,166.64256666666668,142.92136666666667,0.0,18.599999999999998,0.0,0.0,3.1,13.433333333333334,8.266666666666666,6.2,0.0,38.67757270693512,Mar
3295,32,4,8.841108333333333,15.449833333333334,2.2026666666666666,96.353,196.84199999999998,70.87843611111111,2.164726388888889,0,2,0,0,1,11,9,5,0,96.353,196.84199999999998,0.0,2.0,0.0,0.0,1.0,11.0,9.0,5.0,0.0,48.06886446886446,Apr
3295,32,5,12.997323611111112,19.41596666666667,6.289533333333334,39.224000000000004,207.644,72.38260694444445,2.0123722222222225,0,0,0,0,0,7,3,0,0,40.53146666666667,214.56546666666665,0.0,0.0,0.0,0.0,0.0,7.233333333333333,3.1,0.0,0.0,45.776895943562614,May
3295,32,6,16.71788888888889,23.439433333333334,9.361899999999999,53.137,245.75900000000001,72.37585972222222,1.9896680555555555,0,0,6,0,0,10,4,1,0,53.137,245.75900000000001,0.0,0.0,6.0,0.0,0.0,10.0,4.0,1.0,0.0,51.39251359263908,Jun
3295,32,7,18.163354166666668,26.148633333333336,9.800166666666666,96.231,232.797,72.04192777777777,1.9278916666666668,0,0,20,3,0,9,7,4,0,99.4387,240.5569,0.0,0.0,20.666666666666664,3.1,0.0,9.299999999999999,7.233333333333333,4.133333333333333,0.0,49.806803594351734,Jul
3295,32,8,18.192711111111112,25.752066666666668,11.091866666666666,65.209,228.51500000000001,73.7421763888889,1.7062513888888888,0,0,17,3,0,8,6,4,0,67.38263333333335,236.13216666666668,0.0,0.0,17.566666666666666,3.1,0.0,8.266666666666666,6.2,4.133333333333333,0.0,53.304175414042454,Aug
3295,32,9,14.020905555555554,20.162866666666666,7.852666666666667,100.175,173.896,79.88912638888888,1.781013888888889,0,0,0,0,0,13,9,3,0,100.175,173.896,0.0,0.0,0.0,0.0,0.0,13.0,9.0,3.0,0.0,45.89495909210873,Sep
3295,32,10,9.393252777777777,14.286066666666667,4.271733333333333,109.593,113.048,84.66598333333333,1.7084208333333335,0,0,0,0,0,12,7,5,0,113.24610000000001,116.81626666666668,0.0,0.0,0.0,0.0,0.0,12.4,7.233333333333333,5.166666666666666,0.0,34.31936854887674,Oct
3295,32,11,4.123751388888889,8.443900000000001,-0.19649999999999995,126.828,65.282,87.16029722222223,1.7464486111111113,0,13,0,0,2,10,7,6,0,126.82799999999999,65.282,0.0,13.0,0.0,0.0,2.0,10.0,7.0,6.0,0.0,23.075998586072817,Nov
3295,32,12,0.7629291666666667,4.073466666666667,-2.8468,98.897,54.151,86.52530972222222,1.8826763888888889,0,29,0,0,7,12,6,2,0,102.19356666666667,55.95603333333334,0.0,29.96666666666667,0.0,0.0,7.233333333333333,12.4,6.2,2.0666666666666664,0.0,20.98875968992248,Dec
3296,33,1,-0.012970833333333324,3.4615333333333336,-3.543766666666667,90.177,59.495,84.84180277777777,1.8569638888888889,0,30,0,0,8,9,5,5,0,93.1829,61.47816666666666,0.0,31.0,0.0,0.0,8.266666666666666,9.299999999999999,5.166666666666666,5.166666666666666,0.0,22.03518518518519,Jan
3296,33,2,1.2112194444444444,5.409533333333333,-2.9979333333333336,35.515,104.011,79.44624583333334,2.0249541666666664,0,30,0,0,3,4,2,1,0,33.46302226168333,98.00147567112332,0.0,28.2666667,0.0,0.0,2.82666667,3.768888893333333,1.8844444466666666,0.9422222233333333,0.0,33.368944497914654,Feb
3296,33,3,5.182933333333334,10.8042,-0.0008333333333333377,8.459,144.493,72.90700833333334,2.2383666666666664,0,16,0,0,0,3,1,0,0,8.740966666666665,149.30943333333335,0.0,16.53333333333333,0.0,0.0,0.0,3.1,1.0333333333333332,0.0,0.0,40.40631991051454,Mar
3296,33,4,8.96432361111111,15.056199999999999,2.718433333333333,55.085,186.083,70.17884444444444,2.1567374999999998,0,2,0,0,0,7,4,2,0,55.085,186.083,0.0,2.0,0.0,0.0,0.0,7.0,4.0,2.0,0.0,45.44151404151404,Apr
3296,33,5,13.120833333333334,19.584533333333336,6.640066666666667,189.808,187.229,73.42868333333332,2.1145722222222223,0,0,1,0,0,13,10,7,0,196.13493333333332,193.46996666666666,0.0,0.0,1.0333333333333332,0.0,0.0,13.433333333333334,10.333333333333332,7.233333333333333,0.0,41.276234567901234,May
3296,33,6,17.059293055555557,24.4914,9.565866666666667,76.651,227.428,72.68229444444445,2.022879166666667,0,0,13,0,0,11,5,4,0,76.651,227.428,0.0,0.0,13.0,0.0,0.0,11.0,5.0,4.0,0.0,47.559180259305734,Jun
3296,33,7,18.87915138888889,26.503966666666667,10.781933333333333,57.709,223.629,71.06909722222221,1.9514708333333333,0,0,21,2,0,8,4,2,0,59.63263333333334,231.0833,0.0,0.0,21.7,2.0666666666666664,0.0,8.266666666666666,4.133333333333333,2.0666666666666664,0.0,47.845314505776635,Jul
3296,33,8,18.026690277777778,26.560533333333336,9.961533333333334,85.875,239.312,73.54167361111111,1.790448611111111,0,0,21,3,0,11,6,2,0,88.7375,247.28906666666668,0.0,0.0,21.7,3.1,0.0,11.366666666666665,6.2,2.0666666666666664,0.0,55.82271985071146,Aug
3296,33,9,14.252561111111111,19.905266666666666,8.257866666666667,42.376000000000005,178.719,79.43079722222222,1.8171486111111113,0,0,0,0,0,5,3,2,0,42.376000000000005,178.719,0.0,0.0,0.0,0.0,0.0,5.0,3.0,2.0,0.0,47.16785431512271,Sep
3296,33,10,9.322398611111112,14.627366666666667,4.0812,57.303000000000004,105.195,84.57156388888889,1.6327388888888887,0,0,0,0,0,8,5,2,0,59.213100000000004,108.7015,0.0,0.0,0.0,0.0,0.0,8.266666666666666,5.166666666666666,2.0666666666666664,0.0,31.93533697632058,Oct
3296,33,11,4.088119444444445,8.3026,-0.12426666666666666,34.778999999999996,71.837,86.41061666666666,1.647936111111111,0,17,0,0,0,8,3,0,0,34.778999999999996,71.837,0.0,17.0,0.0,0.0,0.0,8.0,3.0,0.0,0.0,25.393071756804527,Nov
3296,33,12,0.8772361111111111,4.469133333333334,-2.7254333333333336,64.725,55.382999999999996,86.72755000000001,1.8839513888888888,0,30,0,0,10,5,4,4,0,66.8825,57.229099999999995,0.0,31.0,0.0,0.0,10.333333333333332,5.166666666666666,4.133333333333333,4.133333333333333,0.0,21.466279069767438,Dec
3297,34,1,0.11666388888888889,3.6241,-3.394966666666667,54.20399999999999,70.665,84.51537083333332,1.9270541666666667,0,30,0,0,6,6,4,3,0,56.01079999999999,73.0205,0.0,31.0,0.0,0.0,6.2,6.2,4.133333333333333,3.1,0.0,26.17222222222223,Jan
3297,34,2,1.234476388888889,5.032166666666667,-2.8894333333333333,99.941,104.338,80.06796527777779,2.057823611111111,0,30,0,0,9,11,6,4,0,94.16663122215667,98.30958233815332,0.0,28.2666667,0.0,0.0,8.48000001,10.364444456666666,5.65333334,3.768888893333333,0.0,33.473853063843436,Feb
3297,34,3,5.325859722222222,10.689866666666667,0.049533333333333346,73.888,142.148,73.540925,2.216165277777778,0,13,0,0,3,8,7,2,0,76.35093333333333,146.88626666666664,0.0,13.433333333333334,0.0,0.0,3.1,8.266666666666666,7.233333333333333,2.0666666666666664,0.0,39.75055928411633,Mar
3297,34,4,8.814780555555556,15.123066666666666,2.5131,78.153,180.232,70.77789722222222,2.1302180555555554,0,1,0,0,0,8,7,3,0,78.153,180.232,0.0,1.0,0.0,0.0,0.0,8.0,7.0,3.0,0.0,44.01269841269841,Apr
3297,34,5,13.480272222222222,20.010266666666666,7.194366666666666,104.454,140.07,72.79026805555556,2.0702069444444446,0,0,0,0,0,12,8,5,0,107.9358,144.73899999999998,0.0,0.0,0.0,0.0,0.0,12.4,8.266666666666666,5.166666666666666,0.0,30.87962962962963,May
3297,34,6,16.83855416666667,23.483600000000003,9.8639,113.468,215.936,72.54389444444445,2.027388888888889,0,0,4,0,0,8,6,4,1,113.468,215.936,0.0,0.0,4.0,0.0,0.0,8.0,6.0,4.0,1.0,45.15600167294021,Jun
3297,34,7,18.607031944444444,26.2989,10.511833333333334,103.303,221.027,71.79262361111111,1.942795833333333,0,0,22,1,0,9,7,5,0,106.74643333333333,228.39456666666663,0.0,0.0,22.73333333333333,1.0333333333333332,0.0,9.299999999999999,7.233333333333333,5.166666666666666,0.0,47.288617886178855,Jul
3297,34,8,18.020333333333333,25.99863333333333,10.260266666666666,105.174,221.982,73.87614861111112,1.8066291666666667,0,0,18,2,0,11,6,6,0,108.67980000000001,229.38139999999999,0.0,0.0,18.599999999999998,2.0666666666666664,0.0,11.366666666666665,6.2,6.2,0.0,51.78026592022393,Aug
3297,34,9,14.246865277777777,20.078833333333332,8.0923,66.42099999999999,180.762,79.49325972222223,1.7146680555555556,0,0,0,0,0,10,6,1,0,66.42099999999999,180.762,0.0,0.0,0.0,0.0,0.0,10.0,6.0,1.0,0.0,47.707046714172606,Sep
3297,34,10,9.479536111111111,14.663333333333332,4.482766666666667,52.015,122.192,84.5046263888889,1.6801180555555557,0,0,0,0,0,7,4,1,0,53.74883333333333,126.26506666666667,0.0,0.0,0.0,0.0,0.0,7.233333333333333,4.133333333333333,1.0333333333333332,0.0,37.09532483302974,Oct
3297,34,11,4.1304847222222225,8.078766666666667,0.1545333333333333,78.664,67.249,86.77962638888889,1.663011111111111,0,12,0,0,0,9,5,4,0,78.664,67.249,0.0,12.0,0.0,0.0,0.0,9.0,5.0,4.0,0.0,23.771297278190175,Nov
3297,34,12,0.891275,4.335033333333333,-2.5867666666666667,86.852,52.821,86.69555972222223,1.915965277777778,0,30,0,0,15,12,5,2,0,89.74706666666667,54.5817,0.0,31.0,0.0,0.0,15.5,12.4,5.166666666666666,2.0666666666666664,0.0,20.473255813953486,Dec
3298,35,1,-0.12876666666666667,3.2259333333333333,-3.4499333333333335,42.061,65.023,84.41144583333333,1.8858722222222222,0,30,0,0,8,8,3,1,0,43.46303333333333,67.19043333333333,0.0,31.0,0.0,0.0,8.266666666666666,8.266666666666666,3.1,1.0333333333333332,0.0,24.082592592592594,Jan
3298,35,2,0.9878097222222222,4.850766666666667,-2.8350666666666666,52.311,108.197,79.57746388888889,2.088347222222222,0,30,0,0,8,8,4,1,0,49.28858672479,101.94561789799666,0.0,28.2666667,0.0,0.0,7.537777786666666,7.537777786666666,3.768888893333333,0.9422222233333333,0.0,34.71190247032403,Feb
3298,35,3,4.963827777777778,9.937333333333333,-0.3701666666666667,97.239,151.017,74.03130555555555,2.3029583333333337,0,20,0,0,4,15,7,4,0,100.48030000000001,156.0509,0.0,20.666666666666664,0.0,0.0,4.133333333333333,15.5,7.233333333333333,4.133333333333333,0.0,42.230704697986575,Mar
3298,35,4,8.871366666666667,14.902199999999999,2.7867333333333333,80.91,190.81,70.83748472222221,2.214476388888889,0,0,0,0,0,8,6,4,0,80.91,190.81,0.0,0.0,0.0,0.0,0.0,8.0,6.0,4.0,0.0,46.595848595848594,Apr
3298,35,5,13.068511111111112,19.700966666666666,6.295266666666667,107.548,178.547,72.84979722222222,2.087498611111111,0,0,0,0,0,13,8,4,0,111.13293333333333,184.49856666666665,0.0,0.0,0.0,0.0,0.0,13.433333333333334,8.266666666666666,4.133333333333333,0.0,39.36221340388007,May
3298,35,6,16.869005555555553,23.486233333333335,10.154033333333333,83.562,221.504,72.42246805555556,2.0782166666666666,0,0,5,0,0,12,9,2,0,83.562,221.504,0.0,0.0,5.0,0.0,0.0,12.0,9.0,2.0,0.0,46.320368046842326,Jun
3298,35,7,19.109394444444444,27.1561,11.099966666666667,98.834,236.493,71.29594166666668,1.9064652777777777,0,0,21,6,0,14,8,5,0,102.12846666666667,244.37609999999998,0.0,0.0,21.7,6.2,0.0,14.466666666666667,8.266666666666666,5.166666666666666,0.0,50.59756097560976,Jul
3298,35,8,18.341037500000002,25.49863333333333,10.689366666666666,144.709,214.645,73.84154444444445,1.8138555555555556,0,0,18,0,0,11,9,5,0,149.53263333333334,221.79983333333334,0.0,0.0,18.599999999999998,0.0,0.0,11.366666666666665,9.299999999999999,5.166666666666666,0.0,50.068812689526474,Aug
3298,35,9,13.79995138888889,20.057599999999997,7.542666666666666,122.18599999999999,171.162,79.92975694444445,1.7486458333333335,0,0,0,0,0,11,10,5,0,122.18599999999998,171.162,0.0,0.0,0.0,0.0,0.0,11.0,10.0,5.0,0.0,45.17339667458432,Sep
3298,35,10,9.470404166666667,14.515333333333333,4.651066666666667,50.908,117.957,84.39248472222222,1.5946638888888889,0,0,0,0,0,7,4,2,0,52.604933333333335,121.88889999999999,0.0,0.0,0.0,0.0,0.0,7.233333333333333,4.133333333333333,2.0666666666666664,0.0,35.80965391621129,Oct
3298,35,11,4.169169444444445,8.3132,-0.08846666666666667,78.415,71.046,86.7627,1.6816652777777779,0,14,0,0,2,6,4,4,0,78.415,71.046,0.0,14.0,0.0,0.0,2.0,6.0,4.0,4.0,0.0,25.113467656415697,Nov
3298,35,12,0.8882847222222222,4.484566666666667,-2.7601999999999998,54.792,54.64,86.24120833333333,1.8132375,0,30,0,0,4,7,5,2,0,56.6184,56.46133333333333,0.0,31.0,0.0,0.0,4.133333333333333,7.233333333333333,5.166666666666666,2.0666666666666664,0.0,21.17829457364341,Dec
3299,36,1,0.019479166666666697,3.5731666666666664,-3.365866666666667,104.03,66.251,85.14354166666666,1.8272416666666667,0,30,0,0,16,10,7,5,0,107.49766666666666,68.45936666666668,0.0,31.0,0.0,0.0,16.53333333333333,10.333333333333332,7.233333333333333,5.166666666666666,0.0,24.537407407407414,Jan
3299,36,2,0.8638763888888888,4.811433333333333,-3.0294666666666665,115.709,94.018,80.28390833333333,2.105015277777778,0,30,0,0,10,9,7,5,0,109.02359123967666,88.58584899335332,0.0,28.2666667,0.0,0.0,9.422222233333333,8.48000001,6.595555563333333,4.711111116666666,0.0,30.162977221687512,Feb
3299,36,3,5.2579416666666665,10.3395,0.12346666666666666,46.632999999999996,157.459,73.47744444444444,2.3353222222222225,0,15,0,0,0,7,3,2,0,48.187433333333324,162.70763333333332,0.0,15.5,0.0,0.0,0.0,7.233333333333333,3.1,2.0666666666666664,0.0,44.032158836689035,Mar
3299,36,4,9.149190277777778,15.400566666666666,3.006533333333333,99.887,192.803,70.61845277777778,2.170138888888889,0,0,0,0,0,9,5,5,0,99.887,192.803,0.0,0.0,0.0,0.0,0.0,9.0,5.0,5.0,0.0,47.08253968253968,Apr
3299,36,5,12.915004166666668,19.142466666666667,6.745966666666666,96.76499999999999,193.62,72.79514027777778,2.024001388888889,0,0,0,0,0,9,5,3,0,99.99049999999998,200.07399999999998,0.0,0.0,0.0,0.0,0.0,9.299999999999999,5.166666666666666,3.1,0.0,42.68518518518518,May
3299,36,6,16.7770375,24.022333333333336,9.496766666666668,95.03099999999999,206.711,72.70771111111111,2.0973625,0,0,6,0,0,9,8,5,0,95.03099999999999,206.711,0.0,0.0,6.0,0.0,0.0,9.0,8.0,5.0,0.0,43.22689251359265,Jun
3299,36,7,18.596281944444446,26.310166666666664,10.3162,164.105,203.962,72.19823472222222,1.9719694444444444,0,0,22,2,0,17,10,5,0,169.57516666666666,210.76073333333332,0.0,0.0,22.73333333333333,2.0666666666666664,0.0,17.566666666666666,10.333333333333332,5.166666666666666,0.0,43.63756953359007,Jul
3299,36,8,18.453129166666667,26.01086666666667,10.376666666666667,130.732,213.33,73.77258472222222,1.806826388888889,0,0,21,2,0,13,11,3,0,135.08973333333333,220.44100000000003,0.0,0.0,21.7,2.0666666666666664,0.0,13.433333333333334,11.366666666666665,3.1,0.0,49.76207137858643,Aug
3299,36,9,13.870469444444444,19.8428,7.608133333333333,190.034,154.119,79.99850972222222,1.8488638888888889,0,0,0,0,0,13,10,5,0,190.034,154.119,0.0,0.0,0.0,0.0,0.0,13.0,10.0,5.0,0.0,40.675376088677744,Sep
3299,36,10,9.382809722222222,14.409600000000001,4.370033333333334,136.707,113.998,85.05392499999999,1.6710916666666666,0,0,0,0,0,11,9,6,0,141.26389999999998,117.79793333333335,0.0,0.0,0.0,0.0,0.0,11.366666666666665,9.299999999999999,6.2,0.0,34.60777170613236,Oct
3299,36,11,4.369090277777778,8.509133333333333,-0.05523333333333331,94.403,62.392,86.26483888888889,1.6049916666666666,0,18,0,0,2,8,6,4,0,94.403,62.392,0.0,18.0,0.0,0.0,2.0,8.0,6.0,4.0,0.0,22.05443619653588,Nov
3299,36,12,0.9000555555555555,4.477333333333333,-2.8182,24.183,52.395,86.2866138888889,1.8114124999999999,0,30,0,0,2,4,2,1,0,24.9891,54.14150000000001,0.0,31.0,0.0,0.0,2.0666666666666664,4.133333333333333,2.0666666666666664,1.0333333333333332,0.0,20.308139534883722,Dec
3300,37,1,0.24325555555555553,3.653833333333333,-3.1024000000000003,89.48100000000001,74.359,84.88709722222221,1.876151388888889,0,30,0,0,17,9,7,3,0,92.46370000000002,76.83763333333333,0.0,31.0,0.0,0.0,17.566666666666666,9.299999999999999,7.233333333333333,3.1,0.0,27.540370370370375,Jan
3300,37,2,1.1549083333333334,4.964533333333334,-2.6881,62.519999999999996,104.418,79.31914861111112,2.0210347222222222,0,30,0,0,4,6,4,4,0,58.9077334028,98.38496011602001,0.0,28.2666667,0.0,0.0,3.768888893333333,5.65333334,3.768888893333333,3.768888893333333,0.0,33.499518768046194,Feb
3300,37,3,4.946861111111111,9.871833333333333,-0.19503333333333334,111.689,149.619,74.72566527777778,2.255030555555556,0,17,0,0,1,11,8,4,0,115.41196666666666,154.6063,0.0,17.566666666666666,0.0,0.0,1.0333333333333332,11.366666666666665,8.266666666666666,4.133333333333333,0.0,41.83976510067114,Mar
3300,37,4,8.945734722222221,15.098633333333334,2.8762,94.774,193.404,70.86607083333334,2.126066666666667,0,1,0,0,0,11,5,4,0,94.774,193.404,0.0,1.0,0.0,0.0,0.0,11.0,5.0,4.0,0.0,47.22930402930403,Apr
3300,37,5,13.159304166666667,19.601266666666668,6.895966666666666,67.941,188.275,72.46209166666667,2.0756236111111113,0,0,0,0,0,8,6,3,0,70.2057,194.55083333333334,0.0,0.0,0.0,0.0,0.0,8.266666666666666,6.2,3.1,0.0,41.506834215167544,May
3300,37,6,16.8174125,23.572366666666667,9.9751,147.631,219.102,72.84248472222222,2.0873097222222223,0,0,7,0,0,12,10,6,0,147.631,219.102,0.0,0.0,7.0,0.0,0.0,12.0,10.0,6.0,0.0,45.8180677540778,Jun
3300,37,7,18.9409,27.0283,10.700433333333333,108.28,235.34,71.6106361111111,1.8840347222222222,0,0,25,4,0,10,9,4,0,111.88933333333333,243.1846666666667,0.0,0.0,25.833333333333336,4.133333333333333,0.0,10.333333333333332,9.299999999999999,4.133333333333333,0.0,50.35087719298246,Jul
3300,37,8,18.47995138888889,25.8101,10.936166666666667,166.456,199.238,73.87502777777779,1.7358486111111113,0,0,18,2,0,15,11,6,0,172.00453333333334,205.87926666666667,0.0,0.0,18.599999999999998,2.0666666666666664,0.0,15.5,11.366666666666665,6.2,0.0,46.47492418940984,Aug
3300,37,9,14.058388888888889,20.134233333333334,7.881333333333333,63.766,192.063,79.08303472222222,1.7765583333333332,0,0,0,0,0,7,5,2,0,63.766,192.063,0.0,0.0,0.0,0.0,0.0,7.0,5.0,2.0,0.0,50.68962787015043,Sep
3300,37,10,9.20963888888889,14.472666666666667,3.8737,40.704,117.416,84.84335277777777,1.6253930555555556,0,0,0,0,0,7,4,1,0,42.0608,121.32986666666666,0.0,0.0,0.0,0.0,0.0,7.233333333333333,4.133333333333333,1.0333333333333332,0.0,35.645415907710984,Oct
3300,37,11,4.127955555555555,8.170733333333335,-0.31339999999999996,132.211,65.563,86.9612361111111,1.6476944444444444,0,17,0,0,2,9,9,6,0,132.211,65.563,0.0,17.0,0.0,0.0,2.0,9.0,9.0,6.0,0.0,23.175326970661015,Nov
3300,37,12,0.7737472222222223,4.498900000000001,-2.8425000000000002,55.501,48.758,86.52549027777778,1.8945375,0,30,0,0,7,8,4,2,0,57.351033333333326,50.38326666666667,0.0,31.0,0.0,0.0,7.233333333333333,8.266666666666666,4.133333333333333,2.0666666666666664,0.0,18.898449612403102,Dec
3301,38,1,0.05556805555555555,3.6365,-3.6282,69.974,63.705,84.88452638888889,1.8523402777777778,0,30,0,0,26,7,6,2,0,72.30646666666668,65.82849999999999,0.0,31.0,0.0,0.0,26.866666666666667,7.233333333333333,6.2,2.0666666666666664,0.0,23.59444444444445,Jan
3301,38,2,1.0470611111111112,4.904,-3.0764666666666667,35.471000000000004,102.205,79.14021388888888,2.006247222222222,0,30,0,0,1,6,2,2,0,33.42156448385667,96.29982233578332,0.0,28.2666667,0.0,0.0,0.9422222233333333,5.65333334,1.8844444466666666,1.8844444466666666,0.0,32.78954122553737,Feb
3301,38,3,5.473516666666667,10.634733333333333,0.27140000000000003,129.271,150.69,74.34379305555555,2.2899944444444444,0,14,0,0,3,14,10,6,0,133.58003333333332,155.713,0.0,14.466666666666667,0.0,0.0,3.1,14.466666666666667,10.333333333333332,6.2,0.0,42.13926174496644,Mar
3301,38,4,8.791631944444445,14.9889,2.687,54.236000000000004,199.45,70.49218888888889,2.185977777777778,0,1,0,0,1,7,5,2,0,54.236000000000004,199.45,0.0,1.0,0.0,0.0,1.0,7.0,5.0,2.0,0.0,48.7057387057387,Apr
3301,38,5,13.116370833333333,19.208066666666664,6.7258000000000004,84.89699999999999,175.055,72.37983055555556,2.059359722222222,0,0,0,0,0,7,3,3,0,87.7269,180.89016666666666,0.0,0.0,0.0,0.0,0.0,7.233333333333333,3.1,3.1,0.0,38.5923721340388,May
3301,38,6,17.11682638888889,24.200699999999998,9.8255,56.319,229.904,72.13541666666667,2.083445833333333,0,0,11,0,0,8,4,3,0,56.319,229.904,0.0,0.0,11.0,0.0,0.0,8.0,4.0,3.0,0.0,48.07695524884986,Jun
3301,38,7,18.646886111111108,26.909666666666666,10.324766666666667,133.598,232.291,71.98885833333334,2.0251277777777776,0,0,22,4,0,10,6,5,0,138.05126666666666,240.03403333333333,0.0,0.0,22.73333333333333,4.133333333333333,0.0,10.333333333333332,6.2,5.166666666666666,0.0,49.698545143346166,Jul
3301,38,8,17.734144444444443,25.023799999999998,10.2685,230.923,217.081,74.324775,1.7659486111111111,0,0,15,2,0,11,10,6,1,238.62043333333335,224.31703333333334,0.0,0.0,15.5,2.0666666666666664,0.0,11.366666666666665,10.333333333333332,6.2,1.0333333333333332,50.637042220667134,Aug
3301,38,9,14.182654166666667,20.0011,8.074533333333333,162.69,148.989,80.23019305555555,1.7634166666666669,0,0,0,0,0,12,9,7,0,162.69,148.989,0.0,0.0,0.0,0.0,0.0,12.0,9.0,7.0,0.0,39.32145684877276,Sep
3301,38,10,9.33429861111111,14.526933333333334,4.221066666666667,49.132,128.192,84.35368472222223,1.6506305555555556,0,0,0,0,0,5,2,2,0,50.769733333333335,132.46506666666667,0.0,0.0,0.0,0.0,0.0,5.166666666666666,2.0666666666666664,2.0666666666666664,0.0,38.916818457802066,Oct
3301,38,11,4.127008333333333,8.492766666666666,-0.22536666666666666,33.47,75.976,86.40439722222223,1.6217305555555555,0,17,0,0,3,6,2,1,0,33.47,75.976,0.0,17.0,0.0,0.0,3.0,6.0,2.0,1.0,0.0,26.856132909155182,Nov
3301,38,12,0.9523388888888888,4.527733333333333,-2.6665666666666668,50.938,57.638,86.37904861111112,1.8878402777777776,0,30,0,0,8,8,2,1,0,52.63593333333334,59.559266666666666,0.0,31.0,0.0,0.0,8.266666666666666,8.266666666666666,2.0666666666666664,1.0333333333333332,0.0,22.34031007751938,Dec
3302,39,1,0.2961944444444444,3.9004333333333334,-3.2297000000000002,69.97999999999999,62.525,84.3835375,1.8305027777777778,0,30,0,0,9,5,4,3,0,72.31266666666666,64.60916666666667,0.0,31.0,0.0,0.0,9.299999999999999,5.166666666666666,4.133333333333333,3.1,0.0,23.157407407407412,Jan
3302,39,2,1.1712069444444446,5.134533333333334,-2.671966666666667,101.521,114.42,80.09541111111112,2.0774180555555555,0,29,0,0,10,10,7,5,0,95.65534233502333,107.8090667938,0.0,27.324444476666667,0.0,0.0,9.422222233333333,9.422222233333333,6.595555563333333,4.711111116666666,0.0,36.708373435996144,Feb
3302,39,3,5.101137499999999,10.357233333333333,-0.22020000000000003,109.44,147.167,73.83133055555555,2.3002902777777776,0,16,0,0,2,10,6,4,0,113.08800000000001,152.0725666666667,0.0,16.53333333333333,0.0,0.0,2.0666666666666664,10.333333333333332,6.2,4.133333333333333,0.0,41.154082774049215,Mar
3302,39,4,8.976719444444445,15.387300000000002,2.871566666666667,112.15,174.519,70.81865972222222,2.216825,0,0,0,0,0,9,8,4,0,112.15,174.519,0.0,0.0,0.0,0.0,0.0,9.0,8.0,4.0,0.0,42.61758241758242,Apr
3302,39,5,12.844462499999999,19.264233333333333,6.522766666666667,180.889,190.084,73.43676944444445,2.046402777777778,0,0,0,0,0,19,13,5,0,186.91863333333336,196.42013333333335,0.0,0.0,0.0,0.0,0.0,19.633333333333333,13.433333333333334,5.166666666666666,0.0,41.905643738977076,May
3302,39,6,17.036275,23.841666666666665,9.8295,187.637,225.26,72.96116111111111,2.0943791666666667,0,0,8,0,0,14,12,7,0,187.637,225.26,0.0,0.0,8.0,0.0,0.0,14.0,12.0,7.0,0.0,47.10581346716855,Jun
3302,39,7,19.013672222222223,27.2061,10.667933333333334,66.168,222.799,71.15513194444445,1.9127958333333335,0,0,22,8,0,10,4,2,0,68.3736,230.22563333333332,0.0,0.0,22.73333333333333,8.266666666666666,0.0,10.333333333333332,4.133333333333333,2.0666666666666664,0.0,47.66773641420625,Jul
3302,39,8,18.621590277777777,26.122866666666667,11.222766666666667,218.968,205.862,74.17781527777778,1.844598611111111,0,0,18,2,0,14,12,6,0,226.26693333333333,212.72406666666666,0.0,0.0,18.599999999999998,2.0666666666666664,0.0,14.466666666666667,12.4,6.2,0.0,48.020060648472125,Aug
3302,39,9,14.075066666666666,20.031799999999997,7.9303,86.828,195.501,79.50812916666668,1.7964361111111111,0,0,0,0,0,7,5,3,0,86.828,195.501,0.0,0.0,0.0,0.0,0.0,7.0,5.0,3.0,0.0,51.59699129057799,Sep
3302,39,10,9.192388888888889,14.402166666666666,4.1374,37.202,124.44200000000001,84.42806388888889,1.633373611111111,0,0,0,0,0,7,2,1,0,38.44206666666667,128.59006666666667,0.0,0.0,0.0,0.0,0.0,7.233333333333333,2.0666666666666664,1.0333333333333332,0.0,37.77838494231937,Oct
3302,39,11,3.973654166666667,8.401866666666667,-0.44356666666666666,129.161,61.471000000000004,86.90076388888889,1.6858555555555554,0,19,0,0,1,13,7,4,0,129.161,61.471000000000004,0.0,19.0,0.0,0.0,1.0,13.0,7.0,4.0,0.0,21.728879462707674,Nov
3302,39,12,0.62735,4.020333333333333,-3.1121666666666665,54.717,54.714,86.7109638888889,1.872077777777778,0,30,0,0,14,8,4,1,0,56.54089999999999,56.5378,0.0,31.0,0.0,0.0,14.466666666666667,8.266666666666666,4.133333333333333,1.0333333333333332,0.0,21.206976744186044,Dec
3303,40,1,0.4867194444444445,4.407,-3.3009666666666666,47.118,66.456,84.10609444444444,1.8870347222222221,0,30,0,0,7,6,4,1,0,48.6886,68.67120000000001,0.0,31.0,0.0,0.0,7.233333333333333,6.2,4.133333333333333,1.0333333333333332,0.0,24.61333333333334,Jan
3303,40,2,1.1103194444444446,5.093100000000001,-3.006533333333333,16.958,96.348,79.17813333333334,2.0135166666666664,0,30,0,0,6,3,2,0,0,15.978204463286664,90.78122677372,0.0,28.2666667,0.0,0.0,5.65333334,2.82666667,1.8844444466666666,0.0,0.0,30.910490856592872,Feb
3303,40,3,5.245906944444444,10.419333333333332,0.08273333333333337,44.232,159.028,73.30698611111112,2.2361041666666663,0,12,0,0,3,9,2,0,0,45.706399999999995,164.32893333333334,0.0,12.4,0.0,0.0,3.1,9.299999999999999,2.0666666666666664,0.0,0.0,44.47091722595078,Mar
3303,40,4,8.844951388888889,15.273033333333332,2.629366666666667,95.737,182.805,71.29707916666666,2.1670708333333333,0,1,0,0,0,12,7,3,0,95.737,182.805,0.0,1.0,0.0,0.0,0.0,12.0,7.0,3.0,0.0,44.64102564102564,Apr
3303,40,5,13.117820833333333,19.276933333333332,6.700433333333334,126.775,190.547,73.10544027777777,2.1110736111111112,0,0,0,0,0,11,8,6,0,131.00083333333333,196.89856666666668,0.0,0.0,0.0,0.0,0.0,11.366666666666665,8.266666666666666,6.2,0.0,42.007716049382715,May
3303,40,6,16.41647777777778,23.158900000000003,9.420733333333335,185.946,212.76999999999998,73.56226666666666,2.1139569444444444,0,0,6,0,0,18,13,8,0,185.946,212.76999999999998,0.0,0.0,6.0,0.0,0.0,18.0,13.0,8.0,0.0,44.4939355918026,Jun
3303,40,7,18.267054166666664,26.07176666666667,10.4445,200.082,221.791,72.02669583333333,2.0069541666666666,0,0,20,2,0,16,13,7,0,206.7514,229.18403333333333,0.0,0.0,20.666666666666664,2.0666666666666664,0.0,16.53333333333333,13.433333333333334,7.233333333333333,0.0,47.45207531022679,Jul
3303,40,8,18.37709444444444,26.095833333333335,10.392633333333333,173.531,213.183,74.04903472222222,1.8080222222222224,0,0,20,3,0,13,7,4,2,179.31536666666668,220.2891,0.0,0.0,20.666666666666664,3.1,0.0,13.433333333333334,7.233333333333333,4.133333333333333,2.0666666666666664,49.72778166550035,Aug
3303,40,9,14.230027777777776,20.304399999999998,7.996366666666666,47.606,183.434,79.29916388888888,1.7631916666666667,0,0,0,0,0,8,4,2,0,47.606,183.434,0.0,0.0,0.0,0.0,0.0,8.0,4.0,2.0,0.0,48.41224597519134,Sep
3303,40,10,9.432420833333333,14.491433333333333,4.3147,155.274,115.284,85.02752916666667,1.6757430555555557,0,0,0,0,0,15,10,6,0,160.44979999999998,119.1268,0.0,0.0,0.0,0.0,0.0,15.5,10.333333333333332,6.2,0.0,34.998178506375226,Oct
3303,40,11,4.188440277777778,8.259933333333333,0.05483333333333333,90.81700000000001,64.67699999999999,87.010925,1.6726680555555555,0,11,0,0,3,11,6,3,0,90.81700000000001,64.67699999999999,0.0,11.0,0.0,0.0,3.0,11.0,6.0,3.0,0.0,22.862142099681865,Nov
3303,40,12,0.9554402777777777,4.2927,-2.6563999999999997,155.09199999999998,50.845,87.21434722222222,1.8916972222222224,0,30,0,0,15,16,8,6,0,160.2617333333333,52.53983333333333,0.0,31.0,0.0,0.0,15.5,16.53333333333333,8.266666666666666,6.2,0.0,19.70736434108527,Dec
3304,41,1,0.1617513888888889,3.5186333333333333,-3.492633333333333,134.971,65.303,85.43179583333334,1.9562055555555555,0,30,0,0,10,12,7,4,0,139.47003333333333,67.47976666666666,0.0,31.0,0.0,0.0,10.333333333333332,12.4,7.233333333333333,4.133333333333333,0.0,24.186296296296298,Jan
3304,41,2,0.7800805555555556,4.4669,-3.1702,117.943,96.481,80.15152361111112,2.1451291666666665,0,30,0,0,12,13,8,5,0,111.12851568660332,90.90654232942333,0.0,28.2666667,0.0,0.0,11.30666668,12.248888903333333,7.537777786666666,4.711111116666666,0.0,30.953160089829957,Feb
3304,41,3,5.016811111111111,10.082166666666666,-0.18493333333333334,146.839,137.946,74.87472083333334,2.335863888888889,0,20,0,0,2,13,8,7,0,151.73363333333333,142.54420000000002,0.0,20.666666666666664,0.0,0.0,2.0666666666666664,13.433333333333334,8.266666666666666,7.233333333333333,0.0,38.5755033557047,Mar
3304,41,4,8.87857638888889,14.963933333333333,2.5150333333333332,172.054,170.166,71.44144444444444,2.2189138888888893,0,2,0,0,0,15,9,5,0,172.054,170.166,0.0,2.0,0.0,0.0,0.0,15.0,9.0,5.0,0.0,41.55457875457875,Apr
3304,41,5,13.322930555555555,19.807399999999998,6.838433333333333,90.437,201.861,72.47786666666666,2.040826388888889,0,0,0,0,0,8,6,4,0,93.45156666666666,208.5897,0.0,0.0,0.0,0.0,0.0,8.266666666666666,6.2,4.133333333333333,0.0,44.50198412698412,May
3304,41,6,16.70297916666667,23.86863333333333,9.861633333333334,94.143,236.061,72.58480138888889,2.0739125,0,0,9,0,0,9,8,4,0,94.143,236.061,0.0,0.0,9.0,0.0,0.0,9.0,8.0,4.0,0.0,49.36449184441658,Jun
3304,41,7,19.152865277777778,26.5188,11.556066666666668,73.784,216.975,71.25243194444444,1.9189027777777778,0,0,19,3,0,8,7,3,0,76.24346666666666,224.2075,0.0,0.0,19.633333333333333,3.1,0.0,8.266666666666666,7.233333333333333,3.1,0.0,46.4216944801027,Jul
3304,41,8,18.188576388888887,25.1065,10.646333333333333,33.14,214.394,73.17646944444444,1.7821958333333332,0,0,18,0,0,6,3,1,0,34.24466666666667,221.54046666666667,0.0,0.0,18.599999999999998,0.0,0.0,6.2,3.1,1.0333333333333332,0.0,50.010263587590394,Aug
3304,41,9,14.212830555555554,20.398266666666665,8.1085,119.71,178.07500000000002,79.52049583333334,1.735673611111111,0,0,0,0,0,13,9,5,0,119.71,178.07500000000002,0.0,0.0,0.0,0.0,0.0,13.0,9.0,5.0,0.0,46.997888624967004,Sep
3304,41,10,9.2318625,14.271533333333334,3.8068666666666666,173.156,117.429,84.85191388888889,1.6844388888888888,0,0,0,0,0,9,6,6,0,178.9278666666667,121.3433,0.0,0.0,0.0,0.0,0.0,9.299999999999999,6.2,6.2,0.0,35.64936247723133,Oct
3304,41,11,4.638093055555556,8.956433333333333,0.3308,75.647,84.087,86.20883194444444,1.6518249999999999,0,15,0,0,0,11,7,3,0,75.647,84.087,0.0,15.0,0.0,0.0,0.0,11.0,7.0,3.0,0.0,29.723223753976676,Nov
3304,41,12,0.9966611111111111,4.6489666666666665,-2.6693333333333333,76.587,52.58,86.43143055555556,1.8919097222222223,0,30,0,0,12,10,7,2,0,79.13990000000001,54.33266666666666,0.0,31.0,0.0,0.0,12.4,10.333333333333332,7.233333333333333,2.0666666666666664,0.0,20.37984496124031,Dec
3305,42,1,0.031048611111111107,3.5738333333333334,-3.5233,19.201,68.247,84.23826944444446,1.884525,0,30,0,0,9,5,1,0,0,19.841033333333332,70.5219,0.0,31.0,0.0,0.0,9.299999999999999,5.166666666666666,1.0333333333333332,0.0,0.0,25.27666666666667,Jan
3305,42,2,1.1056666666666668,5.1939,-2.9876,68.09400000000001,97.436,79.73522638888889,2.0253041666666665,0,30,0,0,4,7,6,2,0,64.15968007566,91.80636455270667,0.0,28.2666667,0.0,0.0,3.768888893333333,6.595555563333333,5.65333334,1.8844444466666666,0.0,31.2595444337504,Feb
3305,42,3,5.037329166666667,10.4387,-0.31023333333333336,81.881,146.166,73.98272916666666,2.2846680555555556,0,19,0,0,3,11,8,3,0,84.61036666666666,151.03820000000002,0.0,19.633333333333333,0.0,0.0,3.1,11.366666666666665,8.266666666666666,3.1,0.0,40.874161073825505,Mar
3305,42,4,8.826426388888889,15.429866666666667,2.5701666666666667,47.558,173.088,70.2837875,2.1347263888888888,0,2,0,0,0,7,5,1,0,47.558,173.088,0.0,2.0,0.0,0.0,0.0,7.0,5.0,1.0,0.0,42.26813186813187,Apr
3305,42,5,13.171919444444445,19.4915,6.7035,108.56,209.953,72.70679583333335,2.0381041666666664,0,0,0,0,0,11,6,4,0,112.17866666666667,216.95143333333334,0.0,0.0,0.0,0.0,0.0,11.366666666666665,6.2,4.133333333333333,0.0,46.285934744268076,May
3305,42,6,16.669530555555557,23.6814,9.746566666666666,130.17499999999998,231.803,72.8821875,2.062898611111111,0,0,7,0,0,14,8,6,0,130.17499999999998,231.803,0.0,0.0,7.0,0.0,0.0,14.0,8.0,6.0,0.0,48.47406942701799,Jun
3305,42,7,18.83490138888889,26.799899999999997,11.002033333333333,41.114999999999995,260.997,71.34685972222222,1.8859916666666667,0,0,22,3,0,6,4,2,0,42.485499999999995,269.6969,0.0,0.0,22.73333333333333,3.1,0.0,6.2,4.133333333333333,2.0666666666666664,0.0,55.84017971758665,Jul
3305,42,8,18.33323888888889,25.10033333333333,10.768166666666668,131.495,208.475,73.55898194444444,1.8140291666666668,0,0,14,1,0,12,7,4,0,135.8781666666667,215.42416666666668,0.0,0.0,14.466666666666667,1.0333333333333332,0.0,12.4,7.233333333333333,4.133333333333333,0.0,48.62957779332867,Aug
3305,42,9,14.335873611111111,20.577566666666666,7.863600000000001,164.328,167.484,80.10188472222222,1.7425833333333334,0,0,0,0,0,15,11,8,0,164.328,167.484,0.0,0.0,0.0,0.0,0.0,15.0,11.0,8.0,0.0,44.202692003167066,Sep
3305,42,10,9.423043055555555,14.407166666666667,4.334833333333333,13.193999999999999,116.715,84.26238194444446,1.5790250000000001,0,1,0,0,0,5,0,0,0,13.633799999999999,120.6055,0.0,1.0333333333333332,0.0,0.0,0.0,5.166666666666666,0.0,0.0,0.0,35.43260473588342,Oct
3305,42,11,3.921059722222222,7.9516,-0.2879,61.444,66.945,86.36159027777778,1.6664180555555557,0,18,0,0,0,5,3,3,0,61.444,66.945,0.0,18.0,0.0,0.0,0.0,5.0,3.0,3.0,0.0,23.663838812301165,Nov
3305,42,12,0.7507291666666667,4.519266666666667,-3.0165333333333333,45.806,58.506,86.27011250000001,1.8481444444444444,0,30,0,0,12,9,3,1,0,47.33286666666667,60.456199999999995,0.0,31.0,0.0,0.0,12.4,9.299999999999999,3.1,1.0333333333333332,0.0,22.676744186046513,Dec
3306,43,1,0.1620513888888889,3.7781666666666665,-3.3478,114.68299999999999,63.949,84.5721388888889,1.9349194444444444,0,30,0,0,14,10,7,4,0,118.50576666666666,66.08063333333334,0.0,31.0,0.0,0.0,14.466666666666667,10.333333333333332,7.233333333333333,4.133333333333333,0.0,23.684814814814818,Jan
3306,43,2,1.223551388888889,5.369866666666667,-2.7132666666666667,43.294,109.256,79.49042638888889,2.0542708333333333,0,29,0,0,4,7,5,2,0,40.79256893699333,102.94343123250665,0.0,27.324444476666667,0.0,0.0,3.768888893333333,6.595555563333333,4.711111116666666,1.8844444466666666,0.0,35.05165222970805,Feb
3306,43,3,5.178769444444444,10.787166666666668,-0.35783333333333334,91.282,150.381,73.94199305555556,2.2551125,0,19,0,0,0,6,6,6,0,94.32473333333333,155.3937,0.0,19.633333333333333,0.0,0.0,0.0,6.2,6.2,6.2,0.0,42.052852348993284,Mar
3306,43,4,8.83443611111111,15.319066666666666,2.164533333333333,97.87100000000001,179.649,70.52734166666666,2.1505097222222225,0,2,0,0,0,10,6,3,0,97.87100000000001,179.649,0.0,2.0,0.0,0.0,0.0,10.0,6.0,3.0,0.0,43.870329670329674,Apr
3306,43,5,13.241165277777778,19.705333333333332,6.406899999999999,95.998,205.516,72.6499513888889,2.1241,0,0,0,0,0,9,4,3,0,99.19793333333334,212.3665333333333,0.0,0.0,0.0,0.0,0.0,9.299999999999999,4.133333333333333,3.1,0.0,45.30776014109347,May
3306,43,6,16.923484722222224,24.0287,9.777,161.969,219.258,72.79204861111111,2.0714555555555556,0,0,8,1,0,14,8,6,0,161.969,219.258,0.0,0.0,8.0,1.0,0.0,14.0,8.0,6.0,0.0,45.85069008782936,Jun
3306,43,7,18.790365277777777,26.63276666666667,10.500499999999999,58.230000000000004,218.083,71.4368125,1.9256166666666668,0,0,22,2,0,9,5,1,0,60.171,225.35243333333335,0.0,0.0,22.73333333333333,2.0666666666666664,0.0,9.299999999999999,5.166666666666666,1.0333333333333332,0.0,46.65875053487377,Jul
3306,43,8,18.66442361111111,25.848466666666663,10.9705,88.81400000000001,216.59,73.33056805555556,1.806338888888889,0,0,18,3,0,10,7,3,0,91.77446666666668,223.8096666666667,0.0,0.0,18.599999999999998,3.1,0.0,10.333333333333332,7.233333333333333,3.1,0.0,50.52250991369256,Aug
3306,43,9,14.147708333333332,20.194566666666667,7.975833333333333,66.985,186.163,79.48163055555555,1.7022375,0,0,0,0,0,7,6,3,0,66.985,186.163,0.0,0.0,0.0,0.0,0.0,7.0,6.0,3.0,0.0,49.13248878332014,Sep
3306,43,10,9.519202777777776,14.834333333333332,4.1329666666666665,119.238,109.714,84.82795277777777,1.6136208333333333,0,0,0,0,0,14,7,7,0,123.21260000000001,113.37113333333333,0.0,0.0,0.0,0.0,0.0,14.466666666666667,7.233333333333333,7.233333333333333,0.0,33.30722525804492,Oct
3306,43,11,4.1612625,8.668000000000001,-0.14523333333333338,94.169,74.18900000000001,86.39968055555555,1.680236111111111,0,14,0,0,3,9,4,2,0,94.169,74.18900000000001,0.0,14.0,0.0,0.0,3.0,9.0,4.0,2.0,0.0,26.22446094026158,Nov
3306,43,12,0.8562458333333333,4.295066666666667,-2.8531,95.479,53.484,86.87852916666667,1.9030555555555557,0,30,0,0,15,10,5,5,0,98.66163333333334,55.2668,0.0,31.0,0.0,0.0,15.5,10.333333333333332,5.166666666666666,5.166666666666666,0.0,20.730232558139537,Dec
3307,44,1,0.049504166666666655,3.4830666666666668,-3.4337666666666666,88.708,65.99,84.79709027777777,1.877427777777778,0,30,0,0,14,9,5,3,0,91.66493333333332,68.18966666666665,0.0,31.0,0.0,0.0,14.466666666666667,9.299999999999999,5.166666666666666,3.1,0.0,24.440740740740743,Jan
3307,44,2,1.1463208333333335,4.843733333333334,-2.5002666666666666,32.577,107.478,79.25378194444444,2.0174916666666665,0,30,0,0,1,4,3,1,0,30.694773369529994,101.26816011941999,0.0,28.2666667,0.0,0.0,0.9422222233333333,3.768888893333333,2.82666667,0.9422222233333333,0.0,34.481231953801725,Feb
3307,44,3,5.4017833333333325,10.8163,0.30806666666666666,50.293,152.315,73.58123888888889,2.2948444444444442,0,12,0,0,0,8,6,1,0,51.96943333333333,157.39216666666667,0.0,12.4,0.0,0.0,0.0,8.266666666666666,6.2,1.0333333333333332,0.0,42.59368008948545,Mar
3307,44,4,8.591225000000001,14.666533333333332,2.321633333333333,72.446,174.916,70.90050277777777,2.139236111111111,0,1,0,0,0,9,5,4,0,72.446,174.916,0.0,1.0,0.0,0.0,0.0,9.0,5.0,4.0,0.0,42.71452991452991,Apr
3307,44,5,12.656395833333333,18.8447,6.1977,120.983,184.113,73.34565277777777,2.070723611111111,0,0,0,0,0,10,7,4,0,125.01576666666666,190.2501,0.0,0.0,0.0,0.0,0.0,10.333333333333332,7.233333333333333,4.133333333333333,0.0,40.58928571428571,May
3307,44,6,16.582563888888888,23.743666666666666,9.971066666666667,62.161,217.861,72.46657638888888,1.9956125,0,0,9,0,0,7,4,1,0,62.160999999999994,217.861,0.0,0.0,9.0,0.0,0.0,7.0,4.0,1.0,0.0,45.55855290673359,Jun
3307,44,7,19.065559722222226,26.910933333333332,11.353133333333334,78.408,237.614,71.16224722222222,1.95705,0,0,21,5,0,7,5,4,0,81.02159999999999,245.53446666666667,0.0,0.0,21.7,5.166666666666666,0.0,7.233333333333333,5.166666666666666,4.133333333333333,0.0,50.837398373983746,Jul
3307,44,8,18.410779166666664,25.41753333333333,11.3507,144.00099999999998,213.129,73.624425,1.7918680555555555,0,0,19,0,0,11,8,5,0,148.8010333333333,220.23329999999999,0.0,0.0,19.633333333333333,0.0,0.0,11.366666666666665,8.266666666666666,5.166666666666666,0.0,49.71518544436669,Aug
3307,44,9,14.30171111111111,20.294766666666664,8.0816,123.058,174.576,79.70176388888889,1.7914416666666666,0,0,0,0,0,9,8,4,0,123.05799999999999,174.576,0.0,0.0,0.0,0.0,0.0,9.0,8.0,4.0,0.0,46.074425969912895,Sep
3307,44,10,9.055827777777777,14.082333333333334,3.921766666666666,40.727999999999994,122.42,84.52790277777778,1.6830125,0,0,0,0,0,4,4,1,0,42.0856,126.50066666666666,0.0,0.0,0.0,0.0,0.0,4.133333333333333,4.133333333333333,1.0333333333333332,0.0,37.164541590771094,Oct
3307,44,11,3.9296652777777776,8.249433333333334,-0.2795333333333333,74.24000000000001,69.365,86.46154444444444,1.675725,0,18,0,0,3,8,4,4,0,74.24000000000001,69.365,0.0,18.0,0.0,0.0,3.0,8.0,4.0,4.0,0.0,24.519264757864967,Nov
3307,44,12,0.9755638888888889,4.515266666666666,-2.5120333333333336,81.956,61.742,86.52058333333333,1.8715152777777777,0,30,0,0,13,9,6,4,0,84.68786666666668,63.80006666666666,0.0,31.0,0.0,0.0,13.433333333333334,9.299999999999999,6.2,4.133333333333333,0.0,23.931007751937983,Dec
3308,45,1,0.3306638888888889,3.8706666666666667,-3.341533333333333,47.410000000000004,68.793,84.37844444444445,1.8428958333333334,0,30,0,0,8,8,5,0,0,48.99033333333333,71.08610000000002,0.0,31.0,0.0,0.0,8.266666666666666,8.266666666666666,5.166666666666666,0.0,0.0,25.4788888888889,Jan
3308,45,2,1.0961611111111111,4.9299,-3.0804666666666667,109.196,92.737,79.88145416666666,2.111609722222222,0,30,0,0,6,10,8,3,0,102.88689789910667,87.37886232526333,0.0,28.2666667,0.0,0.0,5.65333334,9.422222233333333,7.537777786666666,2.82666667,0.0,29.752005133140834,Feb
3308,45,3,5.261651388888889,10.714533333333332,-0.09033333333333333,60.054,158.294,73.64383194444444,2.2172541666666663,0,14,0,0,4,9,5,2,0,62.055800000000005,163.57046666666668,0.0,14.466666666666667,0.0,0.0,4.133333333333333,9.299999999999999,5.166666666666666,2.0666666666666664,0.0,44.26565995525727,Mar
3308,45,4,8.844463888888889,15.097566666666667,2.6920333333333333,119.036,179.45,71.0587486111111,2.1701305555555552,0,0,0,0,0,12,7,4,0,119.036,179.45,0.0,0.0,0.0,0.0,0.0,12.0,7.0,4.0,0.0,43.82173382173382,Apr
3308,45,5,12.967136111111111,19.331166666666665,6.490966666666666,76.74600000000001,204.516,72.6739375,2.028011111111111,0,0,0,0,0,11,8,1,0,79.30420000000001,211.33319999999998,0.0,0.0,0.0,0.0,0.0,11.366666666666665,8.266666666666666,1.0333333333333332,0.0,45.08730158730158,May
3308,45,6,16.563545833333333,23.840366666666668,9.454199999999998,133.874,228.287,72.95336666666667,2.0848833333333334,0,0,7,0,0,14,10,7,0,133.874,228.287,0.0,0.0,7.0,0.0,0.0,14.0,10.0,7.0,0.0,47.738812212463415,Jun
3308,45,7,18.658518055555554,26.630166666666664,10.199666666666667,170.636,249.751,71.99840277777777,1.9677041666666668,0,0,21,3,0,13,9,7,1,176.32386666666665,258.0760333333333,0.0,0.0,21.7,3.1,0.0,13.433333333333334,9.299999999999999,7.233333333333333,1.0333333333333332,53.43410355156184,Jul
3308,45,8,17.941875,24.761166666666668,11.093833333333333,174.76999999999998,228.71699999999998,74.42606666666667,1.7733319444444444,0,0,12,0,0,14,8,6,0,180.59566666666663,236.3409,0.0,0.0,12.4,0.0,0.0,14.466666666666667,8.266666666666666,6.2,0.0,53.35129461161651,Aug
3308,45,9,14.00414861111111,20.0452,7.751233333333333,62.785000000000004,192.989,79.46908194444444,1.8010347222222223,0,0,0,0,0,5,5,3,0,62.785000000000004,192.989,0.0,0.0,0.0,0.0,0.0,5.0,5.0,3.0,0.0,50.934019530219054,Sep
3308,45,10,9.24012638888889,14.4497,3.9682,133.49,103.331,85.24982361111111,1.673576388888889,0,0,0,0,0,14,8,8,0,137.93966666666668,106.77536666666667,0.0,0.0,0.0,0.0,0.0,14.466666666666667,8.266666666666666,8.266666666666666,0.0,31.369459623557983,Oct
3308,45,11,4.06865,8.586466666666666,-0.4876,43.704,74.764,86.61172083333334,1.6763277777777779,0,16,0,0,3,6,3,1,0,43.704,74.764,0.0,16.0,0.0,0.0,3.0,6.0,3.0,1.0,0.0,26.4277129727819,Nov
3308,45,12,0.9045597222222223,4.198833333333334,-2.6478333333333333,89.533,54.458,86.81882361111111,1.8472416666666667,0,30,0,0,10,9,8,2,0,92.51743333333334,56.273266666666665,0.0,31.0,0.0,0.0,10.333333333333332,9.299999999999999,8.266666666666666,2.0666666666666664,0.0,21.107751937984496,Dec
3309,46,1,-0.07953888888888888,3.3858666666666664,-3.4295666666666667,97.927,62.558,84.94398055555556,1.8478999999999999,0,30,0,0,8,8,5,4,0,101.19123333333334,64.64326666666666,0.0,31.0,0.0,0.0,8.266666666666666,8.266666666666666,5.166666666666666,4.133333333333333,0.0,23.169629629629636,Jan
3309,46,2,0.9044541666666667,4.914833333333333,-3.3932333333333333,106.277,101.662,79.94963194444445,2.0920111111111113,0,29,0,0,7,8,5,5,0,100.13655122919666,95.78819566851334,0.0,27.324444476666667,0.0,0.0,6.595555563333333,7.537777786666666,4.711111116666666,4.711111116666666,0.0,32.61533525826115,Feb
3309,46,3,5.103573611111112,10.150233333333334,-0.08870000000000001,25.823999999999998,154.399,73.00742361111111,2.2751277777777776,0,15,0,0,1,3,2,1,0,26.684799999999996,159.5456333333333,0.0,15.5,0.0,0.0,1.0333333333333332,3.1,2.0666666666666664,1.0333333333333332,0.0,43.176454138702454,Mar
3309,46,4,8.72484861111111,15.173,2.1746666666666665,161.679,182.446,71.01069583333333,2.1632305555555558,0,1,0,0,0,14,9,7,0,161.679,182.446,0.0,1.0,0.0,0.0,0.0,14.0,9.0,7.0,0.0,44.55335775335775,Apr
3309,46,5,13.491087499999999,20.0797,6.876499999999999,49.906,194.093,72.20332777777777,1.983725,0,0,0,0,0,10,4,1,0,51.56953333333333,200.56276666666668,0.0,0.0,0.0,0.0,0.0,10.333333333333332,4.133333333333333,1.0333333333333332,0.0,42.78946208112875,May
3309,46,6,16.63190277777778,23.6953,9.557433333333334,117.484,235.757,73.1260375,2.074290277777778,0,0,6,0,0,12,12,4,0,117.484,235.757,0.0,0.0,6.0,0.0,0.0,12.0,12.0,4.0,0.0,49.300920117105825,Jun
3309,46,7,19.003381944444445,27.130733333333335,10.9025,61.535,240.654,70.98545,1.9620083333333334,0,0,23,6,0,10,6,1,0,63.586166666666664,248.6758,0.0,0.0,23.76666666666667,6.2,0.0,10.333333333333332,6.2,1.0333333333333332,0.0,51.487804878048784,Jul
3309,46,8,18.250981944444444,25.948333333333334,10.623566666666667,159.256,223.375,73.84497222222222,1.821863888888889,0,0,17,1,0,10,6,5,0,164.56453333333332,230.82083333333335,0.0,0.0,17.566666666666666,1.0333333333333332,0.0,10.333333333333332,6.2,5.166666666666666,0.0,52.10520177280149,Aug
3309,46,9,13.897831944444444,20.235233333333333,7.954466666666667,166.002,175.393,80.40846527777778,1.7678222222222222,0,0,0,0,0,13,12,8,0,166.002,175.393,0.0,0.0,0.0,0.0,0.0,13.0,12.0,8.0,0.0,46.290050145157025,Sep
3309,46,10,9.657651388888889,14.875233333333334,4.445933333333333,92.477,118.234,84.50141111111111,1.6565541666666665,0,0,0,0,0,12,9,2,0,95.55956666666667,122.17513333333332,0.0,0.0,0.0,0.0,0.0,12.4,9.299999999999999,2.0666666666666664,0.0,35.89374620522161,Oct
3309,46,11,4.201218055555556,8.511566666666667,-0.03183333333333334,65.118,68.283,86.58032777777777,1.6753097222222222,0,14,0,0,0,7,5,3,0,65.118,68.283,0.0,14.0,0.0,0.0,0.0,7.0,5.0,3.0,0.0,24.136797454931074,Nov
3309,46,12,0.7726375,4.504533333333333,-2.9297,66.911,57.232,86.78505972222223,1.849298611111111,0,30,0,0,1,8,6,3,0,69.14136666666667,59.13973333333333,0.0,31.0,0.0,0.0,1.0333333333333332,8.266666666666666,6.2,3.1,0.0,22.182945736434107,Dec
3310,47,1,0.2071736111111111,3.6045666666666665,-3.2769,36.806000000000004,75.708,84.28255416666667,1.8824902777777777,0,30,0,0,2,7,3,0,0,38.03286666666667,78.2316,0.0,31.0,0.0,0.0,2.0666666666666664,7.233333333333333,3.1,0.0,0.0,28.040000000000006,Jan
3310,47,2,1.2150555555555556,5.219399999999999,-2.7179333333333333,53.536,84.69,79.59479861111112,2.0881375,0,30,0,0,6,9,5,0,0,50.442808948373326,79.79680009409999,0.0,28.2666667,0.0,0.0,5.65333334,8.48000001,4.711111116666666,0.0,0.0,27.17035611164581,Feb
3310,47,3,5.331501388888889,10.582699999999999,-0.12216666666666667,50.541999999999994,152.091,73.51175138888888,2.270658333333333,0,16,0,0,0,6,5,1,0,52.22673333333333,157.1607,0.0,16.53333333333333,0.0,0.0,0.0,6.2,5.166666666666666,1.0333333333333332,0.0,42.53104026845637,Mar
3310,47,4,8.715933333333334,14.753066666666665,2.4930666666666665,101.331,167.775,70.74859444444445,2.2026444444444446,0,0,0,0,0,10,8,4,0,101.331,167.775,0.0,0.0,0.0,0.0,0.0,10.0,8.0,4.0,0.0,40.97069597069597,Apr
3310,47,5,13.29415,19.5904,6.9371,143.201,196.655,72.80317222222222,2.0807319444444445,0,0,0,0,0,13,9,4,0,147.97436666666664,203.21016666666665,0.0,0.0,0.0,0.0,0.0,13.433333333333334,9.299999999999999,4.133333333333333,0.0,43.35427689594356,May
3310,47,6,16.96527083333333,23.743933333333334,9.912433333333333,125.064,215.546,72.45869722222223,2.06655,0,0,9,0,0,13,10,4,0,125.06400000000001,215.546,0.0,0.0,9.0,0.0,0.0,13.0,10.0,4.0,0.0,45.074445838561275,Jun
3310,47,7,18.73528472222222,26.633666666666667,10.524366666666667,137.674,254.24,71.70082083333334,1.9640319444444443,0,0,22,4,0,13,9,8,0,142.26313333333334,262.7146666666667,0.0,0.0,22.73333333333333,4.133333333333333,0.0,13.433333333333334,9.299999999999999,8.266666666666666,0.0,54.39452289259735,Jul
3310,47,8,18.15711388888889,25.16596666666667,10.2463,118.515,231.862,73.80263194444446,1.7690291666666667,0,0,14,0,0,9,7,5,0,122.46549999999999,239.59073333333333,0.0,0.0,14.466666666666667,0.0,0.0,9.299999999999999,7.233333333333333,5.166666666666666,0.0,54.08490786097504,Aug
3310,47,9,14.573001388888889,20.454533333333334,8.649866666666666,162.99800000000002,168.262,79.94183333333334,1.8233166666666667,0,0,0,0,0,13,9,5,0,162.99800000000002,168.262,0.0,0.0,0.0,0.0,0.0,13.0,9.0,5.0,0.0,44.40802322512536,Sep
3310,47,10,9.243368055555555,14.3129,4.006766666666667,82.19200000000001,118.216,84.5311125,1.665826388888889,0,0,0,0,0,9,6,2,0,84.93173333333334,122.15653333333333,0.0,0.0,0.0,0.0,0.0,9.299999999999999,6.2,2.0666666666666664,0.0,35.88828172434729,Oct
3310,47,11,3.923086111111111,8.181099999999999,-0.47683333333333333,110.691,74.894,86.4613138888889,1.6724319444444444,0,17,0,0,1,7,4,4,0,110.691,74.894,0.0,17.0,0.0,0.0,1.0,7.0,4.0,4.0,0.0,26.473665606221285,Nov
3310,47,12,0.7201319444444445,4.48,-3.1313666666666666,99.61399999999999,61.268,86.83208333333333,1.8143569444444445,0,30,0,0,11,11,6,4,0,102.93446666666667,63.31026666666667,0.0,31.0,0.0,0.0,11.366666666666665,11.366666666666665,6.2,4.133333333333333,0.0,23.747286821705426,Dec
3311,48,1,0.21391111111111108,3.7393,-3.2031,90.652,65.854,84.86414305555556,1.8956986111111112,0,30,0,0,6,6,6,4,0,93.67373333333333,68.04913333333333,0.0,31.0,0.0,0.0,6.2,6.2,6.2,4.133333333333333,0.0,24.390370370370373,Jan
3311,48,2,1.0476277777777778,5.001966666666666,-2.6791666666666667,108.982,108.195,80.11849722222222,2.059540277777778,0,30,0,0,8,12,5,4,0,102.68526234331333,101.94373345354998,0.0,28.2666667,0.0,0.0,7.537777786666666,11.30666668,4.711111116666666,3.768888893333333,0.0,34.71126082771895,Feb
3311,48,3,5.203969444444444,10.645766666666667,-0.06079999999999999,100.681,152.355,73.84040694444444,2.270866666666667,0,20,0,0,3,10,6,5,0,104.03703333333334,157.4335,0.0,20.666666666666664,0.0,0.0,3.1,10.333333333333332,6.2,5.166666666666666,0.0,42.60486577181207,Mar
3311,48,4,8.813740277777779,15.064566666666668,2.3531666666666666,126.755,188.35,71.04527638888888,2.166056944444444,0,2,0,0,0,14,9,3,0,126.755,188.35,0.0,2.0,0.0,0.0,0.0,14.0,9.0,3.0,0.0,45.995115995115995,Apr
3311,48,5,13.015502777777778,19.570133333333334,6.4731,173.546,203.018,73.33086805555556,2.0999055555555555,0,0,0,0,0,14,11,9,0,179.33086666666668,209.78526666666667,0.0,0.0,0.0,0.0,0.0,14.466666666666667,11.366666666666665,9.299999999999999,0.0,44.757054673721335,May
3311,48,6,16.790125,23.95156666666667,9.466366666666666,121.834,238.409,72.74993055555555,2.048901388888889,0,0,11,0,0,12,8,7,0,121.834,238.409,0.0,0.0,11.0,0.0,0.0,12.0,8.0,7.0,0.0,49.855499790882476,Jun
3311,48,7,18.81527777777778,27.2106,10.706133333333334,62.733,231.135,71.34519027777779,1.9910305555555554,0,0,25,3,0,11,6,2,0,64.8241,238.8395,0.0,0.0,25.833333333333336,3.1,0.0,11.366666666666665,6.2,2.0666666666666664,0.0,49.451219512195124,Jul
3311,48,8,18.288718055555556,24.9576,11.202033333333333,166.362,221.746,73.8919375,1.6701694444444444,0,0,14,0,0,12,9,5,0,171.9074,229.13753333333332,0.0,0.0,14.466666666666667,0.0,0.0,12.4,9.299999999999999,5.166666666666666,0.0,51.72521576860276,Aug
3311,48,9,14.090979166666667,20.4471,7.6242,125.812,197.91,79.84182083333333,1.7842236111111112,0,0,0,0,0,11,7,4,0,125.812,197.91,0.0,0.0,0.0,0.0,0.0,11.0,7.0,4.0,0.0,52.232779097387166,Sep
3311,48,10,9.497461111111111,14.8968,4.019066666666666,141.474,120.077,85.06486527777777,1.657601388888889,0,0,0,0,0,12,10,7,0,146.1898,124.07956666666666,0.0,0.0,0.0,0.0,0.0,12.4,10.333333333333332,7.233333333333333,0.0,36.45324833029751,Oct
3311,48,11,4.111376388888889,8.3565,0.13426666666666665,55.821999999999996,65.888,86.47735694444444,1.7072791666666667,0,14,0,0,1,6,4,1,0,55.821999999999996,65.888,0.0,14.0,0.0,0.0,1.0,6.0,4.0,1.0,0.0,23.290208554259458,Nov
3311,48,12,1.0298749999999999,4.417033333333333,-2.4522,81.285,55.571,86.6125138888889,1.883386111111111,0,30,0,0,13,11,6,2,0,83.99449999999999,57.42336666666666,0.0,31.0,0.0,0.0,13.433333333333334,11.366666666666665,6.2,2.0666666666666664,0.0,21.539147286821702,Dec
3312,49,1,0.011555555555555548,3.3634,-3.3022666666666667,105.693,75.482,84.70763888888888,1.8885263888888888,0,30,0,0,22,12,10,2,0,109.2161,77.99806666666667,0.0,31.0,0.0,0.0,22.73333333333333,12.4,10.333333333333332,2.0666666666666664,0.0,27.9562962962963,Jan
3312,49,2,1.0924097222222222,4.881333333333333,-2.8695999999999997,33.646,107.101,79.30213472222222,2.0699472222222224,0,30,0,0,10,6,3,1,0,31.70200892627333,100.91294234122333,0.0,28.2666667,0.0,0.0,9.422222233333333,5.65333334,2.82666667,0.9422222233333333,0.0,34.36028232274623,Feb
3312,49,3,5.307419444444444,10.012233333333334,0.4569,63.783,154.783,73.52533333333332,2.259673611111111,0,11,0,0,1,8,6,3,0,65.90910000000001,159.94243333333333,0.0,11.366666666666665,0.0,0.0,1.0333333333333332,8.266666666666666,6.2,3.1,0.0,43.283836689038026,Mar
3312,49,4,8.884544444444446,15.286466666666666,2.5936333333333335,73.968,168.321,70.74175833333334,2.156188888888889,0,2,0,0,1,10,5,3,0,73.968,168.321,0.0,2.0,0.0,0.0,1.0,10.0,5.0,3.0,0.0,41.104029304029304,Apr
3312,49,5,12.948065277777777,19.694733333333332,6.445266666666667,66.914,199.098,72.69918472222223,2.072759722222222,0,0,0,0,0,10,6,2,0,69.14446666666666,205.73460000000003,0.0,0.0,0.0,0.0,0.0,10.333333333333332,6.2,2.0666666666666664,0.0,43.892857142857146,May
3312,49,6,17.2123875,24.220466666666667,10.051133333333333,77.247,242.158,72.30745277777778,2.1096999999999997,0,0,10,0,0,9,6,3,0,77.247,242.15799999999996,0.0,0.0,10.0,0.0,0.0,9.0,6.0,3.0,0.0,50.63948138854037,Jun
3312,49,7,18.649765277777778,26.379966666666668,11.044633333333334,46.21,279.946,71.14413472222222,1.8996680555555554,0,0,20,2,0,7,5,1,0,47.75033333333333,289.2775333333334,0.0,0.0,20.666666666666664,2.0666666666666664,0.0,7.233333333333333,5.166666666666666,1.0333333333333332,0.0,59.89430894308944,Jul
3312,49,8,18.051755555555555,25.599300000000003,10.3746,92.063,215.311,73.73653888888889,1.762861111111111,0,0,16,1,0,9,4,3,0,95.13176666666668,222.48803333333333,0.0,0.0,16.53333333333333,1.0333333333333332,0.0,9.299999999999999,4.133333333333333,3.1,0.0,50.22416608350829,Aug
3312,49,9,13.9207375,20.4323,7.5179,143.318,175.18200000000002,79.96263888888889,1.794401388888889,0,0,0,0,0,11,9,6,0,143.318,175.18200000000002,0.0,0.0,0.0,0.0,0.0,11.0,9.0,6.0,0.0,46.23436262866191,Sep
3312,49,10,9.059197222222222,14.200933333333333,3.9525,120.25,107.52,85.30015972222222,1.6116833333333331,0,0,0,0,0,11,8,6,0,124.25833333333334,111.104,0.0,0.0,0.0,0.0,0.0,11.366666666666665,8.266666666666666,6.2,0.0,32.64116575591985,Oct
3312,49,11,4.22615,8.308933333333334,-0.24493333333333334,25.341,63.879,85.64556666666667,1.649725,0,16,0,0,0,5,1,1,0,25.341,63.87899999999999,0.0,16.0,0.0,0.0,0.0,5.0,1.0,1.0,0.0,22.580063626723224,Nov
3312,49,12,0.6563555555555555,4.311233333333333,-3.034466666666667,30.996000000000002,57.373,86.38723611111111,1.8502125,0,30,0,0,3,4,3,1,0,32.0292,59.28543333333333,0.0,31.0,0.0,0.0,3.1,4.133333333333333,3.1,1.0333333333333332,0.0,22.23759689922481,Dec
